:020000022000DC
:106000000000042065DF0300A5DF0300A7DF030015
:10601000A9DF0300ABDF0300ADDF030000000000D9
:10602000000000000000000000000000E1DE0300AE
:10603000B1DF03000000000001DF0300B5DF030053
:1060400025E10300B7DF0300B7DF030009A4030065
:10605000B7DF0300B7DF030081BA0300B7DF030037
:10606000B7DF0300B7DF0300B7DF0300B7DF0300CC
:10607000B7DF0300B7DF0300B7DF0300B7DF0300BC
:10608000B7DF030065DC0300B7DF0300B7DF030001
:10609000B7DF0300B7DF0300B7DF0300B7DF03009C
:1060A000B7DF0300B7DF0300B7DF0300B7DF03008C
:1060B000B7DF0300B7DF03000000000000000000AE
:1060C000B7DF0300B7DF0300B7DF0300BDE3030062
:1060D000B7DF0300B7DF0300B7DF0300296D02005D
:1060E000B7DF0300B52E0400B7DF03000000000097
:1060F00000000000B7DF03000000000035E40300EB
:10610000000000000000000000000000000000008F
:10611000000000000000000000000000000000007F
:10612000000000000000000000000000000000006F
:10613000000000000000000000000000000000005F
:10614000000000000000000000000000000000004F
:10615000000000000000000000000000000000003F
:10616000000000000000000000000000000000002F
:10617000000000000000000000000000000000001F
:10618000000000000000000000000000000000000F
:1061900000000000000000000000000000000000FF
:1061A00000000000000000000000000000000000EF
:1061B00000000000000000000000000000000000DF
:1061C00000000000000000000000000000000000CF
:1061D00000000000000000000000000000000000BF
:1061E00000000000000000000000000000000000AF
:1061F000000000000000000000000000000000009F
:10620000F1EE103A43F08073E1EE103A704700BFB0
:1062100010B5054C237833B9044B13B10448AFF3E0
:1062200000800123237010BD1C63002000000000CB
:106230006085040008B5034B1BB103490348AFF365
:10624000008008BD0000000020630020608504007D
:10625000154B002B08BF134B9D46A3F5803A002138
:106260008B460F461348144A121A1EF000FE0F4BBD
:10627000002B00D098470E4B002B00D098470020F1
:10628000002104000D000D48002802D00C48AFF397
:1062900000801EF073FD2000290017F0B5FE1EF0EF
:1062A00059FD00BF000008000000042000000000AD
:1062B000000000001C630020FC9000200000000093
:1062C000000000000146014800F08EBA546300202F
:1062D00038B5064B1D783DB100242046013400F04E
:1062E00065FEE0B28542F9D838BD00BF506300209A
:1062F000407DFF2806D010B500F0A4FD044618B17B
:10630000204610BD0020704718F0B2F9204610BD9D
:10631000407DFF280ED000B583B00DF1070100F0DD
:10632000E5FD20B19DF8070003B05DF804FB4FF0D8
:10633000FF30F9E74FF0FF30704700BF407DFF2886
:1063400011D000B583B001220DF1070100F086FDE8
:1063500020B94FF0FF3003B05DF804FB9DF8070053
:1063600003B05DF804FB4FF0FF307047407DFF281D
:1063700001D000F01BBE7047407DFF2801D000F027
:106380005BBE0020704700BFF8B50646407DFF2881
:106390001CD017465AB10D46144600F02DFD294673
:1063A000224680B1707D00F0ABFD241A01D1384641
:1063B000F8BD054418F05CF9707D00F01DFD29461C
:1063C00022460028EED13F1B3846F1E70020F8BDF9
:1063D0000AB32DE9F043524991F81C6191F81D511F
:1063E00091F81E7193B0994614467B1CAA1C8046F6
:1063F000B01C81F81C0181F81D2181F81E3101A813
:10640000422200211EF033FDB9F1410F05D80020D2
:1064100013B0BDE8F083422070478DF806608DF818
:106420000E608DF82660721C40F20126D2B2ADF8E3
:106430001060DFF8F0C08DF81E20242640F6083EDC
:106440006B1C8DF827208DF83120ADF804E08DF815
:1064500016608DF820608DF82460CDF818C00426F1
:106460004FF0060C65F07F0540F209424FF0010E37
:1064700098F81410ADF80C208DF81CE005228DF86A
:106480001F608DF830608DF822C040F207568DF8FD
:1064900025C08DF82A5020464FF0030E63F07F048C
:1064A0004FF0080C02234FF411658DF814108DF88D
:1064B00007308DF808308DF809308DF812308DF8DE
:1064C00021308DF815208DF823208DF82BE08DF8E4
:1064D0002CC04FF00A0EADF82E504FF0400C01A921
:1064E000ADF8286007258DF833308DF840208DF801
:1064F0004140422244F20204ADF838608DF83B304E
:106500008DF83A708DF834E08DF83CC08DF83F502E
:10651000ADF842401EF087FC422013B0BDE8F08386
:106520005463002020010524A0F11000FFF750BFA4
:1065300070B50368184A5B6882B093428DF8071003
:1065400024D10546407DFF281DD000F055FC0DF1FB
:10655000070601243146224688B1687D00F0D0FC50
:10656000241A02D1012002B070BD064418F080F850
:10657000687D00F041FC314622460028EDD1C4F18F
:10658000010002B070BD002002B070BD01220DF10B
:106590000701984702B070BD89630200437DFF2B5D
:1065A00000D07047094B1A78002AFAD110B500F1D3
:1065B000100442750649204601221A7000F0E0F9E5
:1065C00021460448BDE8104000F0F0B850630020B8
:1065D0003070040054630020407DFF2807D000B5D0
:1065E00083B000F009FC20B103B05DF804FB00208B
:1065F0007047019018F03CF8019803B05DF804FB77
:1066000001B900B1704700B583B0694600F00AFCDB
:10661000009BB3F5966F02D003B05DF804FB00F069
:1066200099FBF9E730B4084B084A4FF47F4102F177
:106630000805002430324FF47A7099821D60C3E956
:1066400001401A6130BC704738630020407004007C
:106650002DE9F0410024484E2546435D4719A3B17A
:1066600003F14002D2B2012A0AD9F42B08D81A0643
:106670000ED44FF0010EA3F55842B2F5006F56D27A
:1066800001354719435D002BEAD12046BDE8F08172
:1066900003F0E002C02A57D003F0F002E02A66D0EF
:1066A00003F0F802F02AEBD103F007024FF0040EDA
:1066B0007B7803F0C00CBCF1800FE1D197F802C0E9
:1066C0000CF0C00803F03F03B8F1800F43EA8213D7
:1066D000D6D10CF03F0CBEF1030F4CEA83132DD042
:1066E000FA7802F0C007802FCAD102F03F0242EAD6
:1066F0008313A3F58032B242C2D8A3F55847B7F549
:10670000006FBDD3B3F5803F05F1040510D31E2CF7
:10671000BBDC6300970A0B44C2F30902A7F52057BC
:10672000A2F5105221F814705A80023495E775448E
:10673000202CAAD021F8143001348EE7A3F5006292
:10674000B2F5784F97D39BE77A7802F0C007802F95
:1067500003F01F0394D102F03F0242EA8313A3F136
:106760008002B2F5F06F8BD24FF0020E83E703F098
:106770000F024FF0030E9BE7FFFF0F0090F8503120
:106780000B2B0CD871B103F1480210B45C1C80F8DB
:10679000504140F822105DF8044B18467047002322
:1067A000184670470B461846704700BF70B5044640
:1067B0000E68B4F81821B4F81A31656936689B1A66
:1067C00008469BB294F81C112A44B04758B1B4F85B
:1067D00018216369104480B2A4F81801588094F815
:1067E0001C211A71012070BD2DE9F043284DDFF8FE
:1067F000B090AC4604468846BCE80F0089B003AFB1
:106800000FC703AE0FCE05F1140E25460FC59EE847
:106810000700DCF800303B806B4636682E8003C3EF
:106820006B4603CB012504F118034FF480766361B6
:10683000A061E16184F8202004F59870C4F81891F3
:106840002022A4F81C61002184F81E511EF00FFBC9
:1068500040F20947042240F2EF230E4E0E48C4F8DE
:1068600028010021C4F82C1184F85021A3804FF492
:10687000E131A571C4F82071C4F824610748FFF71D
:106880008DFE404600F054FA284609B0BDE8F0837A
:1068900074700400A4700400B07004003863002019
:1068A000090000010048704754630020014B5869FB
:1068B000704700BF546300202DE9F04F89B0F8B154
:1068C000032816D02B4C94F8503183424FD94830CE
:1068D00004F5AA7154F82000FFF7BAFEC0B20130E7
:1068E000400040F44070A4F85201234809B0BDE8CC
:1068F000F08F204CD4F82C0150B104F5AA71EBE7CD
:106900001C4CD4F82031A4F854314FF44170EAE71C
:10691000684600F021FA054610B300F1FF3A0DF188
:106920000103164FE94653FA8AFAA64604AE97E8E1
:106930000F0019F801CB86E80F000CF00F080DF1DD
:10694000200BD8440BEB1C1C18F8108C1CF8103CC6
:10695000AEF85681D145AEF854310EF1040EE6D1B1
:106960006800C0B20130400040F44070BBE7002036
:10697000BCE700BF54630020A664002094700400AC
:1069800010B504460248FFF7F9FE207110BD00BFA4
:106990005463002030B5144C236883B013B31868D7
:1069A00051B906F0C7FB236893F90400012103B035
:1069B000BDE8304018F090B80C4B0093002501233F
:1069C0008DF805308DF8045002AB13E9060006F08F
:1069D0004DFB236893F90400294603B0BDE830401D
:1069E00018F07AB803B030BDE864002080BA8C019A
:1069F0000448006828B108B5006806F0A1FB012032
:106A000008BD7047E8640020084B1B6843B141B9DA
:106A1000074B4022C3F88020BFF34F8FBFF36F8F27
:106A20007047034B40221A60704700BFE8640020A3
:106A300000E100E0024B53F8200000B1C06870474D
:106A4000EC64002030B4094CBDF8085054F82040E4
:106A500044B1246934B10846A44611461A462B466F
:106A600030BC6047002030BC704700BFEC640020A1
:106A700030B4084CBDF8085054F8204044B1646963
:106A800034B10846A44611461A462B4630BC60472E
:106A900030BC7047EC64002000207047024B18683F
:106AA00008B190F860007047F46400202DE9F843C5
:106AB000234C2568002D3CD01E462C2303FB00539D
:106AC0001746D3F8209088460446B9F1000F32D01B
:106AD00048461EF033FF2C2303FB0454D4E9095429
:106AE000DFF864C0174B08280246494628BF082231
:106AF0004046002D08BF6546002C08BF1C461EF00E
:106B000092F928461EF01AFF10280246294628BF8F
:106B1000102238461EF087F920461EF00FFF042889
:106B200002462146304628BF0422BDE8F8431EF045
:106B30007AB9BDE8F883DFF814900820CBE700BFEE
:106B4000F4640020D8700400C8700400A47004002D
:106B500070B5104E3368D3B12C2404FB00340546C5
:106B600062691AB19047336884F832002C2202FB24
:106B7000053393F8324014B10124204670BD2846F5
:106B800023463A22022101F003F9204670BD1C463B
:106B9000204670BDF4640020074B1B6853B110B44D
:106BA0002C2404FB0030C46A038E0C6013805DF853
:106BB000044B7047704700BFF464002008B52022E2
:106BC0000023052101F0E4F84FF0FF3008BD00BFBD
:106BD00030B4094C24685CB10D4611462C2202FBEE
:106BE0000044E46924B11A462846234630BC1847BD
:106BF000012030BC704700BFF464002030B4094C61
:106C0000029A246854B10D462C2101FB0044A4686B
:106C100024B119462846234630BC18474FF0FF30B0
:106C200030BC7047F464002030B4094C029A2468E8
:106C300054B10D462C2101FB0044E46824B11946EF
:106C40002846234630BC18474FF0FF3030BC704711
:106C5000F4640020044B1B682BB12C2202FB003093
:106C6000036903B118477047F4640020054B1B68A3
:106C70002BB12C2202FB0030836903B1184701209D
:106C8000704700BFF46400200368DB69184700BF49
:106C900003681B69184700BF10B404686469A44600
:106CA0005DF8044B604700BF03681B6A184700BFCC
:106CB00010B40468646AA4465DF8044B604700BFE2
:106CC00005F0DCBB00B5164B83B04022002483F8EE
:106CD000272301A9012320468DF804308DF80540B3
:106CE00002F0DAFE4FF0804302A8D3F8385400F8DF
:106CF000084D17F0D1F90B4B019301A817F0F8F9E3
:106D000017F008FAEB0707D400214FF0FF3002F02C
:106D10004DFFFFF7DDFAF7E7204605F0AFFBF3E79D
:106D200000E100E0C16C0200002005F01DB800BFCA
:106D300000B5002383B00322CDE9002303490448B2
:106D4000C82215F04FFF03B05DF804FBDC700400AF
:106D5000C56C020017F038BE4FF08052536E1BBA5C
:106D60000360136E1BBA43600820704700487047E9
:106D7000E470040070B51E4C2368D3B1012901D022
:106D8000012070BD1578C5F34115012D13D0022DDA
:106D90000FD15478012C21D0022CF1D19388072BEC
:106DA00007D1144C114623892246BDE8704003F0F8
:106DB00035BE002070BD51782229E1D1114652889C
:106DC000003218BF01225A7503F010FE2268D36901
:106DD000002BD5D0507D9847284670BD9C69002C6B
:106DE000E7D0114623782246BDE8704003F016BE76
:106DF000F86400200460002010B5044602F034FE60
:106E000008B9002010BD02F037FE0028F9D1044B6C
:106E10004FF4367202FB0434207900F0010010BDFB
:106E20007C650020064A4FF4367303FB00230833C9
:106E3000186808609A889B798B718A80704700BFB8
:106E40007C65002008B5044A4FF4367303FB00202C
:106E5000103002F055FC08BD7C6500202DE9F84398
:106E60004FF4367404FB00F41E4E4FF6FF730746D2
:106E700004F110054FF6FE70824288BF1A46354471
:106E8000284692B202F066FC804602F0EDFD10B991
:106E90004046BDE8F88302F0EFFD81460028F7D1B7
:106EA0003444E378002BF3D0284602F041FC3F281D
:106EB000EED9E178484603F0E7FC0028E8D0284600
:106EC00002F036FC3F2804D8E178484603F0ECFC99
:106ED000DEE7054AE178484602EBC712402303F09B
:106EE000F3FCD5E77C650020FC640020034A4FF4E6
:106EF000367303FB0020103002F096BC7C65002046
:106F00002DE9F8434FF4367505FB00F5244F4FF695
:106F1000FF73064605F124044FF6FE70824288BFD7
:106F20001A463C4492B2204602F0B8FC8046204605
:106F300002F0E6FB3F2802D84046BDE8F88302F0A5
:106F400093FD0028F8D002F097FD81460028F3D188
:106F5000204602F0D5FB0028EED03D444846A978F3
:106F600003F092FC0028E7D00E4B402202EBC6163D
:106F70001E442046314602F0EDFB034660B1324626
:106F8000A978484603F0A0FC0028D5D1064B1B6821
:106F9000DB07D1D500BECFE7A97803F085FCCBE7AE
:106FA0007C650020FC640020F0ED00E02DE9F0415C
:106FB000804602F059FD10B90020BDE8F08102F0D2
:106FC0005BFD07460028F7D14FF4367404FB08F444
:106FD000164E04F124053544284602F091FB0028A2
:106FE000EAD026443846B17803F04EFC0028E3D0BE
:106FF00040220F4B02EBC81898442846414602F045
:10700000A9FB044660B14246B1783846234603F0F6
:107010005BFC40B9074B1B68DB07CDD500BECCE756
:10702000B17803F041FC2046C7E700BF7C65002033
:10703000FC640020F0ED00E008B5044A4FF436731C
:1070400003FB0020243002F073FB08BD7C650020A8
:1070500070B5204C82B000214FF4367220460D46A8
:107060001DF005FFFF234FF4E132082604F138013B
:107070006371A26001234FF48072009504F1100047
:10708000A67302F001FB144B1B78C3F3800300933B
:1070900004F59C7101234FF4807204F1240002F086
:1070A000F3FA04F50E71012015F00CF804F52271C5
:1070B0000646012015F006F806B130B9074B1B68EB
:1070C000DB0700D500BE02B070BDC4E90756C4E9B5
:1070D0000C05F8E77C650020B8600020F0ED00E0CA
:1070E00038B5094C206A256B20B115F0E3FB00236D
:1070F000C4E907332DB1284615F0DCFB0023C4E9B1
:107100000C33012038BD00BF7C65002010B50E4C4B
:107110000E482378002202600271DA0709D59B0726
:107120000DD521780A48C1F38001BDE8104002F076
:1071300063BC103002F040FC23789B07F1D4044874
:1071400002F03AFCEDE700BFB86000207C6500204B
:10715000A06500202DE9F0414B79022B82B004D0CC
:107160000025284602B0BDE8F0818B79022BF7D1CB
:10717000364EB3782BB1364B1B68DB07F0D500BE1B
:10718000EEE78B7833700C780C4407466378242B39
:107190004FF009050BD1082A02D822E0AA4220D3D9
:1071A00023781C441D446378242BADB2F6D0052B04
:1071B00038D0042B15D163790A2B12D1254A94F8C3
:1071C00000800192022301320092384604EB08014C
:1071D0001A4603F095FA0028CDD00E3518FA85F539
:1071E000ADB202F041FC0028BBD002F045FC0446E1
:1071F0000028B6D1F378002BB3D0174802F098FAE4
:107200003F28AED9F178204603F03EFB0028A8D0F5
:10721000114802F08DFA3F28F17811D8204603F08A
:1072200043FB9EE72146384603F00AFB0028A2D024
:10723000A378737023781C441D44ADB26378B8E71B
:10724000064A2046402303F03FFB8AE77C65002086
:10725000F0ED00E07E6500208C650020FC640020DD
:1072600038B5137803F06003202B01D0002038BD1F
:10727000294C938825789D42F8D15378203B032BE5
:10728000F4D8DFE803F008151E02012936D00329DF
:1072900039D0012038BD01290CD00329F9D11F4B69
:1072A000002BF6D01E490020AFF30080012038BD2E
:1072B0000129EED111460723194A03F0AFFB012043
:1072C00038BD01291AD00329E3D1164B55881B7804
:1072D0001548257113F004011CBFE94301F00101B9
:1072E00002F08AFB114B002BD3D0C5F3400205F00E
:1072F00001010020FFF784F9012038BD114603F099
:1073000075FB012038BD0A4B002BC2D051880020EC
:10731000AFF30080BDE700BF7C65002000000000E7
:1073200084650020B8600020A0650020016602008E
:10733000000000002DE9F0475F4CE2788A420D46DC
:1073400080461F4659D15D4E9AB2314604F1100075
:1073500002F0A4FA5A4BC3B16379FF2B15D0A7B141
:1073600006EB070A04F1100902E056450DD06379D7
:1073700016F8012B9A42F8D1484602F0D1F90028BC
:10738000F3D16179AFF30080EFE74E4B23B14E4864
:1073900002F0C6F9002863D002F066FB002862D133
:1073A000A3789D4202D00120BDE8F087474B13B17E
:1073B0000020AFF3008002F057FB00282BD1444897
:1073C00002F09EF90028EED1002FECD017F03F0715
:1073D000E9D1A178404603F057FA0028E3D0A1781C
:1073E00040463B463A4603F06FFA0028DBD1394B62
:1073F0001B68DA070CD500BED6E7A3788B42D5D040
:10740000344B1B68DB0703D500BE0020BDE8F087C6
:107410000020BDE8F08702F02FFB05460028CED102
:107420002B4802F06DF90028C9D0A178284603F056
:107430002BFA0028C3D040222749254802F08AF9B8
:10744000034600282CD02846234AA17803F03CFAB2
:107450000028A8D11F4B1B68D907B0D500BEAEE7E6
:10746000AFF3008098E702F007FB0646002897D1AB
:10747000E378002B94D0144802F05AF93F288FD9B2
:10748000E178304603F000FA002889D00E4802F077
:107490004FF93F28304607D8E17803F005FA7FE737
:1074A000A17803F001FA8AE74023044AE17803F067
:1074B0000BFAA37875E700BF7C650020FC64002010
:1074C00000000000000000008C65002000000000AB
:1074D000A0650020F0ED00E03C650020704700BF93
:1074E00001207047704700BF704700BF044B002267
:1074F000C3E90022C3E90222C3E90422704700BFA6
:10750000D469002001207047044B0022C3E9002207
:10751000C3E90222C3E90422704700BFD4690020F6
:107520002DE9F0434B79032B83B004D0002420468F
:1075300003B0BDE8F0830B79C3EBC3041234A4B2EB
:10754000944205D9254B1B68DA07EFD500BEEDE75D
:10755000234A5578002D3ED0557B002DF2D102F103
:107560000C054FF4A0770E788A1992F801C0BCF18F
:10757000210FE7D1AA608946895D80466E1CA81C50
:107580001144CDE900061A464046032303F0B8F83B
:107590000028D7D099F80630A978012B04BF99F8B4
:1075A0000730EB700123AB7199F80220AB682A70A9
:1075B000B3F80730AB800029B9D00A4A40463A44B4
:1075C000402303F081F90028B1D1044B1B68DB078D
:1075D000ADD500BEABE715468027C4E7F0ED00E06F
:1075E000D4690020546800202DE9F047137803F097
:1075F0001F06012E82B003D0002002B0BDE8F08744
:10760000DFF80882978898F80040FFB2BC4200F08B
:10761000B08098F80C40BC42EED13746B4464FF0EB
:10762000C00E4FF0130A4FF0120913F060030C461E
:107630000546164604D1012900F0A4800120DCE7AC
:10764000202BD9D15378013B0A2BD5D801A252F86F
:1076500023F000BF297702001F770200097702009C
:10766000F9750200F9750200F9750200F97502005A
:10767000F9750200C9760200A17602008176020047
:1076800001291BD00329D9D173880C2606FB078654
:10769000DBB260461946B371FFF720FF0120ACE76B
:1076A0000129CBD173880C2202FB07871B0A604695
:1076B0001946FB71FFF714FF00289DD0314628467C
:1076C00003F094F9012098E7012900F0868003294E
:1076D000B4D1F48871884B4B402C4FEA11222046DC
:1076E00028BF402011F0FF01734407D0012C05D9B9
:1076F0001C788C4202D1013880B201330090604680
:10770000FFF7B6F9012078E7012997D108EB0902C4
:1077100031462846234603F081F920466DE70129CA
:107720008CD108EB0A02F3E7012987D1F38871882D
:10773000344F402B4FEA1122184628BF402011F049
:10774000FF01774454D0012B52D9013880B23970EF
:107750007B1C00906046FFF775F90444A3B2002B30
:1077600049D1294A1268D2077FF546AF00BE1846B4
:1077700043E74FF0000E7746F4464FF0070A4FF00C
:10778000060952E75378062B7FF436AF53881B0A5D
:10779000212B12D0222B7FF42FAF6046FFF74AF93E
:1077A0007B001F4408EB8708024631462846B8F89C
:1077B000043003F033F920461FE77B001F4408EB39
:1077C0008708D8F80820002A3FF416AF137831460E
:1077D00002B0BDE8F04703F021B9F388402B3FF633
:1077E0000BAF084A3146724403F018F9204604E70B
:1077F0003B460024ADE73A463146284603F00EF9F1
:107800000120FAE654680020F0ED00E0D469002081
:10781000F0B52C4CA67865788E4283B0074610D020
:10782000A9422CD0A07B657B88423FD0A94244D09E
:10783000254B1B68DA0702D4002003B0F0BD00BE60
:10784000FAE780264FF0400C0020A9429BB21AD0E4
:107850001E4D3544FAB9009311462B460222FFF71C
:1078600007F92A46A1783846402303F02DF800286E
:10787000E3D1154B1B68DB07DED500BEDDE74FF01B
:10788000400C00209BB2114961444AB91A46FFF7E7
:1078900029FE0120D1E72A460221FFF725FEE0E775
:1078A0000A460121FFF720FE0120C6E70C344FF401
:1078B000A0764FF4807C0120C7E74FF4807C012044
:1078C000E0E700BFD4690020F0ED00E0546800203C
:1078D00070B5194C82B000210D464FF4EC72204671
:1078E0001DF0C5FA04F138010123802204F11000D3
:1078F000009501F0C9FE04F1B80101238022009532
:1079000004F1240001F0C0FE04F59C71012014F084
:10791000D9FB04F5C4710646012014F0D3FB30B93D
:10792000064B1B68DB0700D500BE02B070BDC4E982
:107930000756C4E90C05F8E76C6A0020F0ED00E09A
:1079400038B5094C206A256B20B114F0B3FF002331
:10795000C4E907332DB1284614F0ACFF0023C4E975
:107960000C33012038BD00BF6C6A002010B5084CF4
:10797000002304F11000C4E90033C4E9023302F02B
:107980001BF804F12400BDE8104002F015B800BF58
:107990006C6A00202DE9F0434B79012B83B004D0B1
:1079A0000025284603B0BDE8F0838B79012B0C46F7
:1079B000064616D049780429F2D10025032BEFD1D1
:1079C000E379002BECD1DFF8FC8098F8013013B993
:1079D00098F802700FB3384B1B68DB07E0D500BE88
:1079E000DEE7CB79002BDBD10B781C449DB26178AC
:1079F00024290BD1954202D9D2E7AA42D0D32378C9
:107A00001C442B44617824299DB2F6D00429C7D1A7
:107A10006379012BC4D1A379D0E7A37888F800302B
:107A200094F8009021794D44ADB2A14439B925E0D4
:107A300099F800308F421D44ADB299441ED2AA423B
:107A40001CD399F80130052BF2D1494630460192FA
:107A500002F0F6FE019A0028BDD099F80230D9094B
:107A600014BF88F8013088F8023099F80030217985
:107A700001371D44FFB2ADB29944D9E70F4801F078
:107A800057FE3F288DD998F80210002002F0FCFE26
:107A9000002886D0094801F04BFE3F2898F80210D4
:107AA00003D8002002F000FF7BE7054A40230020B6
:107AB00002F00AFF75E700BFF0ED00E07C6A0020ED
:107AC0002C6A00206C6A002000207047F8B53C4DFD
:107AD000AA788A421F4612D19AB23A4905F110009B
:107AE00001F0DCFE384B13B10020AFF300803748C3
:107AF00001F01EFE3F282CD801242046F8BD6B78EB
:107B00008B4208D0324B1C6814F00104F5D000BE43
:107B100000242046F8BD064605F1240001F0F0FDE2
:107B200040BB2C4801F0ECFD0028E5D1002FE3D04C
:107B300017F03F07E0D16978304602F0A5FE044611
:107B40000028D9D0697830463B463A4602F0BCFE60
:107B5000D3E7A978002002F097FE04460028CBD096
:107B60001A4801F0E5FD3F28A9781ED8002002F050
:107B70009BFEC2E76978002002F086FE0028D0D084
:107B80004022154905F1240001F0E4FD034690B1BF
:107B9000114A6978002002F097FE0028ACD10C4B06
:107BA0001B68DB07BDD500BEBBE7064A40230020AB
:107BB00002F08AFEA1E7697802F076FEB1E700BF25
:107BC0006C6A00202C6A0020000000007C6A002003
:107BD000F0ED00E0906A0020EC69002030B4114B19
:107BE0009C689A6B93F83C5083F82C10A21A0221DF
:107BF00083F830109A6225B942F2050183F83E50AD
:107C0000998744B13AB11A7BD20906D193F82F1063
:107C100030BC02F099BE30BC704793F82E1030BCD7
:107C200002F092BE446E002038B5214B214C05462F
:107C30001BB1607BFFF71AF8A8B1A06BA36894F89A
:107C40002F101D4A1B1AB3F5007F28BF4FF4007395
:107C500028469BB202F038FE20B9184B1B68DB07A0
:107C600000D500BE38BDA268A36B84F83E0042F286
:107C70000771D31A0120A1870221A36284F82C0086
:107C800084F83010002AEDD0002BEBD0237BDB09E9
:107C900006D194F82F102846BDE8384002F054BEB3
:107CA00094F82E102846BDE8384002F04DBE00BFC3
:107CB0006D6C0200446E0020446C0020F0ED00E08A
:107CC00070B5304CE28AA36852BA92B286B00546CB
:107CD00012B1B3FBF2F292B2A66BD4F81110607B32
:107CE0009B1BB3F5007F28BF4FF4007309BA0093C4
:107CF000B6FBF2F302FB13621944234BFEF77EFF3F
:107D0000031E20DB94F82E200DD011469BB228468E
:107D10001D4A02F0D9FDA0B91C4B1B68DB0710D52A
:107D200000BE06B070BD0724194603A88DF80C509C
:107D30008DF8102005938DF811308DF80D4002F06C
:107D4000B7FB06B070BDA268A36B43F6022000210A
:107D5000D31AA08784F83E1001200221A36284F880
:107D60002C0084F83010002AEBD0002BE9D0237BC4
:107D7000DB0914BF94F82E1094F82F10284602F057
:107D8000E3FDDEE7446E0020446C0020F0ED00E0EF
:107D900010B4054C012084F83C1084F83D2084F890
:107DA0003E305DF8044B7047446E002040220021B5
:107DB00001481DF05CB800BF446E00204022002145
:107DC00001481DF054B800BF446E00204B79082BC9
:107DD00001D0002070478B79062BFAD1CB79502B3C
:107DE000F7D1162A06D81C4B1B68D907F1D500BE5F
:107DF0000020704770B5194D8B7885F82D300B78C1
:107E000082B005F12F0205F12E0619440223CDE9B7
:107E100000261A46044602F073FC48B90E4B1B6854
:107E2000DA0702D500BE02B070BD002002B070BDFE
:107E3000204695F82F100A4A00241F2385F8304069
:107E400002F042FD30B9044B1B68DB0702D500BECF
:107E50001720E8E71720E6E7F0ED00E0446E002089
:107E6000446C0020012901D001207047F0B513783F
:107E700003F07F01022985B0054606D003F06003B8
:107E8000202B1AD0002005B0F0BD5478012CF5D17C
:107E90005388002BF6D1434E918896F83030042B4E
:107EA000C9B279D096F82E408C423DD096F82F403A
:107EB0008C4257D0012005B0F0BD5378FE2B16D070
:107EC000FF2BDFD15388002BDCD1D488A3B2002B49
:107ED000D8D1344E1146284686F83030C6E90D33E5
:107EE000B48786F83E3002F081FD0120CBE753884D
:107EF000002BC7D1D388012BC4D12B498DF80F306B
:107F000000294DD00192FEF7C9FD019A0028B9D091
:107F1000431EDBB204AC114604F8013D284622465C
:107F2000012302F07BFDC5E7022BC3D1B26BB3681E
:107F30001E4F9B1AB36206F120030FCB07C73A46C8
:107F4000214602F80C39032428460D2386F83040D8
:107F500002F0BAFC0028ADD1154B1B68DB0791D5A8
:107F600000BE90E7002BA5D1214602F0DFFC0028DF
:107F7000A0D12146284602F005FD00289AD1002410
:107F800096F82F10094A86F8304028461F2302F041
:107F90009BFC0028E0D08DE702F0D6FC204672E77B
:107FA0000B46B7E7446E00209D6A0200446C002037
:107FB000F0ED00E02DE9F041B44C94F83050012D83
:107FC0008EB01E46074645D028D3032D05D0022D7E
:107FD0005FD001200EB0BDE8F08194F82E308B42C6
:107FE000F7D10D2EF5D1E37B282B00F01A812A2B37
:107FF00040F00D81A64B13B1607BFEF72BFE0025F0
:1080000094F82F10A34A84F830501F23384602F00A
:108010005BFC002861D094F83050D8E794F82F50DA
:108020008D42D6D11F2B06D1DFF868829A4BD8F843
:1080300000209A4271D0042394F82E1084F8303036
:10804000384602F081FC384694F82F1002F07CFC90
:108050000020BFE7B3F5007F08D9904B1B68D90714
:1080600000D500BE00200EB0BDE8F081E27BA36B1E
:10807000282A00F087802A2A00F08F80217B626BFB
:108080001E44CB09A66336D096422CD3022384F833
:10809000303094F82E10384602F074FC002898D145
:1080A000A368A26B94F82E60934202D9217BC90980
:1080B0002ED19B1A7A4AA3620FCA764D07C52A466B
:1080C000314602F80C39032538460D2384F8305028
:1080D00002F0FAFB00287FF47CAF704B1B68DB07D3
:1080E000C0D500BE76E76D4B1B68DA0793D500BE9E
:1080F00094F830506BE793B2607B664A04F10F014D
:10810000FEF75CFD0028C0F29F80A66B626BBBE7A8
:108110003146384602F018FC5BE7C446BCE80F0065
:1081200026460FC69CE80F0007C626F8023B1B0C2C
:108130003370D4E90123E17B5A4E626201200022B0
:10814000282963632662A26284F82C20A26384F843
:10815000300000F0AD802A2900F0DF80002B00F015
:10816000EF80227BD20940F0EB80B3F5007F00F274
:108170006F819BB22946474A384602F0A5FB00288A
:10818000ABD048E7626B1E449642A663BFF47EAF55
:10819000FFF796FD94F8305019E7E28A52BA92B28E
:1081A0001AB1A168B1FBF2F292B2D4F81110394DB4
:1081B000B3FBF2FC09BA02FB1C32607B00966144FF
:1081C0002B46FEF731FD0028C0F2FB81864230D9F4
:1081D000361A40B1A36B291813FA80F332462846A9
:1081E000A3631CF02BFE002394F82F508DF8185039
:1081F0000722194605A88DF8147007968DF81930D6
:108200008DF8152002F054F994F83050DFE6264B33
:10821000002B3FF4F4AE04F10F01607BAFF300805C
:10822000EDE6224B002B3FF4EAAE607BAFF300801B
:10823000E5E6D4E90D231E449642A663BFF426AFBB
:108240003846FFF7F1FCE6E6A368A66B94F83C100D
:1082500084F82C509A1B0220A26284F8300021B9C5
:1082600042F2050084F83E10A087002B3FF44EAF89
:10827000002A3FF44BAF237BDB0940F0E58194F803
:108280002F10384602F060FB3FE700BF446E00202D
:10829000556C0200446C002055534243F0ED00E061
:1082A000646E00205553425300000000000000009F
:1082B000E28A52BA92B20BBB002A3FF4E7AE94F8BE
:1082C0003C10A362022284F82C2084F8302000297C
:1082D0007FF4DFAE42F205010022A18784F83E2040
:1082E000002B3FF4D6AE237BDB0940F09A81294670
:1082F000384602F029FB94F8305068E6207BC0092C
:1083000013D0002A00F08081B3FBF2F2002A00F0C3
:10831000A3812829384694D13AE7E28A52BA92B228
:10832000002BC9D0207BC009EBD094F83C10A3628D
:10833000022284F82C2084F830200029CAD0D2E709
:10834000667B252900F22B81DFE811F0220129014B
:108350002901E50029012901290129012901290112
:1083600029012901290129012901290129012901BD
:10837000BD0029012901290129012901290129011A
:10838000990087002901290171002901290129018A
:1083900029014C0029012600304604AA05A9FEF750
:1083A000FBFB059B002B00F04481BDF81020002A48
:1083B00000F03F81013B1BBA12BAC8E90032082025
:1083C000A368002B44D0984228BF184683B260634C
:1083D000A64A94F82E10384602F076FA00283FF4A8
:1083E0007CAE18E605AD00230DF10E02304604A95F
:1083F0006B600593AB60FEF7CFFB049A002A00F098
:108400001881BDF80E30002B00F0138112BA08213C
:1084100006925BBA0222ADF81E308DF817108DF867
:108420001C2095E8070088E807000C20C8E7904B5F
:1084300003B33046227DE17CAFF30080D0B994F8DD
:108440003C302BB943F602220023A28784F83E3049
:1084500001213846FFF7C2FBDDE5864B53B1E17CD5
:108460003046C1F3400301F001020909FEF7B0FBF9
:108470000028E4D0A368002B3FF408AEE8E79DF89D
:1084800016307D49002203F0800362F3C7138DF894
:10849000163003238DF815208DF817208DF8143031
:1084A000002900F0E1803046FEF7E0FB9DF8163031
:1084B00080F0010060F3C7138DF81630059BC8F8F3
:1084C000003004207CE74FF0203302250022CDE964
:1084D0000522304607A909AA08934FF0800C07939C
:1084E00009930D93CDE90A330C931F260DAB8DF83C
:1084F00016508DF8175005AD8DF818608DF815C021
:10850000FEF7D4FA0FCD594E0FC60FCD0FC62B680C
:108510003360242054E794F83C2094F83D0094F80C
:108520003E10DFF848C1DFF858E14FF000084FF087
:108530000003CDE90588CDE9078862F303038DF8D0
:108540001630F0220A23ADF824808DF820008DF833
:1085500021108DF814208DF81B3005AD0FCDACE83F
:108560000F002B68ACF80030BEF1000F76D0ACF1F4
:10857000100130464FF40072AFF300800028A4F8D9
:108580003C8084F83E800FDB00283FF473AF17E790
:108590003046FEF7DDFA00283FF451AF6AE794F861
:1085A0003C30002B7FF454AFA38E304A3349607BBC
:1085B000FEF704FB0028FFF64BAF00283FF45AAF4C
:1085C000FEE6A36BA2681E4443F602200021931B23
:1085D000A08784F83E1001200221A663A36284F8DC
:1085E0002C0084F83010002A3FF453AD002B3FF4E8
:1085F00050AD237BDB0914D194F82F10384602F0DC
:10860000A3F994F83050E2E4012294F83C1084F885
:108610002C200222A36284F8302000293FF45AAEB5
:108620005EE694F82E10384602F08EF994F8305039
:10863000CDE494F83C30002B7FF40AAF43F60222DD
:1086400084F83E30A28703E794F82E10384602F0F3
:108650007BF9D4E90D2617E50222D6E7A4F83CE021
:1086600084F83EE01220ABE601201FE7446C0020B6
:1086700000000000D16B02006D6C0200536E002000
:108680000000000070B5134C134E84B020464FF428
:10869000AE7200211CF0EBFB4025002304F58E7226
:1086A0000092CDE901561A46194604F1B00003952F
:1086B00004F068F92E4404F170020023CDE900258E
:1086C000CDE90265201D1946012204F05BF904B0D2
:1086D00070BD00BF046F0020846E002010B5054CF3
:1086E00004F1B00004F07AF9201D04F077F90120BC
:1086F00010BD00BF046F002038B5074C2046002590
:1087000000F8B85B01F058F904F10C0001F054F9DD
:1087100084F8B150657138BD046F00204B79FF2B90
:1087200001D0002070472DE9F04FDFF824B19BF80D
:10873000B13083B04BBB9BF8053033BB0B788A4616
:108740000AEB02050AEB030489788BF80010A542B6
:10875000064614D91AF80320A3189D420FD3627855
:10876000042A0CD00B2A0AD0052A0BF1B8080BF109
:10877000B0070BF10C0917D09D421C4609D8A4EB99
:108780000A0080B203B0BDE8F08F002003B0BDE85E
:10879000F08F1A7813449D42F1D36278042AEED008
:1087A0000B2AECD0052AE7D12146304602F048F8E2
:1087B000002843D0A378DB0905D19BF8B1301BB367
:1087C0002278A318D8E79BF80530002BF8D148464B
:1087D000019301F0F1F8A2788BF80520A2889BF8AC
:1087E00004C0019B1849C2F30A02A2F50072B2FA52
:1087F00082F2520962F3410C18468BF804C004F06F
:1088000037F92278A318B7E7404601F0D5F8A378E6
:108810008BF8B130A3889BF8B020C3F30A03A3F50B
:108820000073B3FA83F35B0963F3410239463046C0
:108830008BF8B02004F064F90028C1D1034B1B6809
:10884000DB07A2D500BEA1E7086F0020F0ED00E035
:10885000046F002070B51C4C94F8B1208A42054684
:108860001E460FD1B4F8BC20F2B9184B23B1B2B2F6
:1088700017490020AFF300802846164904F040F95C
:10888000012070BD63798B4201D0002070BD124B76
:108890001BB1B1B20020AFF300801049284604F0AC
:1088A000E7F848B1012070BDB2B2D4F8B41004F1B9
:1088B000B80000F0F3FFD8E732462846074904F035
:1088C00099F8012070BD00BF046F00200000000077
:1088D000846E0020B46F002000000000086F0020AC
:1088E000F8B50E688D88B7783544AE420BD23B465A
:1088F0009F42344603D10BE06378042B05D02378E4
:108900001C44A542F8D80020F8BDA3789F42F6D1B8
:10891000E3789A42F3D1A542F5D9237D012B06D9FC
:10892000144B1B68DA07EED500BE0020ECE7237974
:108930000D46DBB1012BE6D12278E389617A13443D
:10894000114423442144994204D3DCE70A781144BA
:108950008B42D8D94A78052AF8D101F071FF28B99D
:10896000044B1B68DB07CED500BEF8BDA41BEC8012
:108970000120F8BDF0ED00E0C28832B9654B1B68FC
:10898000DB0700D500BE00207047F0B403786248D2
:1089900003EB830403EB4403C058831803D08E78A1
:1089A0001C7BA64207D95B4B1B68D90700D500BECC
:1089B0000020F0BC70472EB9012C01D90120F8E746
:1089C00001268E7001248C60C1F80E404C77002582
:1089D0006FF03F0481F822508C766FF003056FF042
:1089E0006404CD760C774D4DC1F81E50082481F8F3
:1089F0002340825CB3F80D4014441C441344A3424A
:108A0000D1D2474F9D78102D0CD827FA05F0C043DE
:108A100010F0010006D1DA78964203D107E05A78C7
:108A2000242AEFD01A7813449C42F8D8BBE79C4222
:108A3000B9D0062D06D0102D04D0042DB9D10122B5
:108A400048730A73CF781A79974218D81FB9012A48
:108A5000B4D80127CF701A781A44A2420FD2967860
:108A600006F0FD0CBCF1050F0FD0112E03D10CE068
:108A70005678242EF3D0167832449442F8D8254BF9
:108A80001B68DA0794D500BE93E7D678B742F2D1D7
:108A90009442F4D0D1F812408CB9062D30D0102D6C
:108AA0002ED0042D09D1B2F80560B2F807505C7DD4
:108AB00005FB06F304FB03F4E408C1F812404B681D
:108AC00063B9557E012D3FF679AFD2F81A3025B93A
:108AD000D2F81E209A427FF471AF4B60114AA2FB7C
:108AE00003235A0BCBD0631E1344B3FBF2F30233C0
:108AF000B3F5807F28BF4FF48073C1F816305DE76F
:108B0000B2F80530B2F8074004FB03F42401E4088E
:108B1000D3E700BFF0ED00E0607000200301010129
:108B2000501001005917B7D12DE9F84F0B785D4C63
:108B300003EB83050E4603EB45030989E75891468D
:108B4000804679B13944CB7803F00303012B00F060
:108B50009480738933B13B44DA7802F00302012A2E
:108B600000F091807488B58800233C44B381F38180
:108B700033827382B382F3823D44A278AC4238BF21
:108B8000134609D29A4203D10CE06378042B06D035
:108B900023781C44A542F8D80020BDE8F88FA378BC
:108BA0009A42F5D1E3789945F2D1A542F4D994F8E7
:108BB00004A0BAF1020F15D8E31BF380B9F1000F3E
:108BC00016D023781C44BAF1000F4CD04FF0000BA4
:108BD00006E06378052B28D0042B03D023781C44AF
:108BE000A542F6D8304B1B68DA07D5D500BED3E7CF
:108BF000737F012B12D006F11E03494686F81D90A3
:108C0000A6F81890A6F81A90184630221CF02FF9F2
:108C100001463046FFF7B0FE0028BDD023781C4443
:108C2000BAF1000FD2D10120B7E7E37803F00303D4
:108C3000B9F1000F01D0012B18D0022BACD1214685
:108C4000404601F0FDFD28B306EB4B03E21B1A8101
:108C500022780BF101039A4514444FF0010BBFD861
:108C6000B9F1000FDFD002237377DCE7A388B26984
:108C7000C3F30A039342E2D28EE70023338189785B
:108C800001F08EFE65E7002272819978404601F07E
:108C900087FE67E7044B1B68DB077FF57DAF00BEEF
:108CA0007BE700BF60700020F0ED00E010B4064CE0
:108CB00006480023C4E900331946C4F807304E22A1
:108CC0005DF8044B1CF0D3B8607000206C7100207C
:108CD0000120704710B4064C06480023C4E9003355
:108CE0001946C4F807304E225DF8044B1CF0BFB89B
:108CF000607000206C7100202DE9F0414B790E2B43
:108D000004D04FF000084046BDE8F0818B79012B7C
:108D1000F7D1CB79012BF4D13E4E33682BB13E4BCA
:108D20001B68DB07EDD500BEEBE714460F461A467D
:108D3000314605463760B480FFF7D2FD0028E0D009
:108D4000F2883368B97813443C44A74293F814C0BE
:108D50003B4605D308E05A78042A4DD00B2A4BD065
:108D60001A7813449C42F6D8BCF1000F4ED02B4920
:108D70004A88002AD3D1D81B1FFA80F83272A1F892
:108D800002809C4293F802E00A8098BF034605D80F
:108D90000BE05A78042A2BD00B2A29D01A781344D6
:108DA0009C42F6D8DB1B1FFA83F80022BCF1010FAE
:108DB000A1F804804A77B2D117FA80F017FA83F34A
:108DC000984281780AD282788A4203D118E04278A8
:108DD000042AF8D0027810448342F8D828460022AA
:108DE0000E49FFF7A1FE00288BD0A6F804808AE781
:108DF0009A787245D2D0D5E79A788A42B0D0B3E754
:108E0000C278012AE6D18342EFD1E7E7DB1B1FFAE4
:108E100083F8EAE760700020F0ED00E06C7100205C
:108E20002DE9F047167806F01F04012C8CB004D011
:108E3000002420460CB0BDE8F087DFF8F892B2F8C5
:108E400004C0D9F80070804615465FFA8CF317B15C
:108E5000BA789A422CD0B44F7C88002CE9D03A786A
:108E600002EB820002EB400259F802E07444A2785F
:108E70009A42DDD1C6F34116F3B2002B00F09C807C
:108E8000012B12D15FEA1C2C0FD16B881B0A022B1D
:108E900000F02E81062B00F01781012B00F0F580E9
:108EA000A24B1B68DB0700D500BE07233B77BFE75B
:108EB000C6F34116F4B2002C47D0012C25D15FEA4D
:108EC0001C2C26D0B9F80620BB18B95CDA891144ED
:108ED00019448B420ED29A78023A052A06D8DA78DB
:108EE000624503D107E05A78242AF4D01A78134453
:108EF0009942F8D849B1002389F80930012498E74C
:108F00008A4B1B68D90700D500BE072389F80930B2
:108F10008EE76B881B0A012B00F09580022BEFD1A6
:108F20006B78812B00F04781862BE9D10129E2D1B2
:108F30000B46404629467E4A01F070FD0028DAD1F2
:108F4000FF2389F80930002473E76B780A2B4AD095
:108F50000B2B3ED10129CED1EB88002BF0D1B9F8F3
:108F60000630FA181179A9B1F85CD189537A014415
:108F7000034413440A44934205D395E119780B4402
:108F80009A4240F2918159780529F7D19978404663
:108F900001F006FD0026A9F806606A88654940468A
:108FA000FFF79EFC04460028CAD02946404601F03F
:108FB0001DFD89F809603CE76B780A2B27D00B2B45
:108FC0007FF46EAF012900F0BD8000233B770124C0
:108FD0002FE7564B1B6813F001032FD107221C46C5
:108FE00089F8092025E7012985D1EB88012BA7D134
:108FF000B9F80620BF18A3D00CAAF97802F8301DE2
:10900000294601F00BFD04460028D2D198E701293A
:10901000DBD1EB88012B35D1FB889BB31EEB03031F
:1090200030D00CAADB7802F8303D40460B4629468A
:1090300001F0F4FC044628B33E77FAE600BE0723AD
:1090400089F80930F5E66B78812B00F0D180862B0A
:1090500000F0BE80012B7FF453AF012900F0CB80DC
:1090600002297FF448AF344B002B3FF444AF99F80A
:109070000A100020AFF30080B0FA80F489F80900EC
:109080006409D6E6FF233B77D2E67B7F0BB187F8F6
:109090001DC06C78842C61D8822C65D2012C00F024
:1090A0000A81812C7FF4FCAE01298ED1EB883BB183
:1090B000294640463023214A01F0B0FC002884D1E3
:1090C000FF233B770024B4E66B78812B00F0A1806E
:1090D000862B7FF4E5AE01297FF477AF2946404621
:1090E0000123134A01F09AFC00287FF46EAFE7E7F2
:1090F0006B78812BD8D040F2B080852B00F0978020
:10910000862B7FF4CDAE01297FF45FAFEB88012B76
:10911000D6D10B4640462946094A01F07FFC00287B
:109120007FF453AFCCE700BF6C710020F0ED00E09E
:109130001D71040060700020000000008A71002092
:109140001E7104006A8839464046FFF7EDFC00288E
:1091500098D02946404601F049FC36E7862CD2D00B
:1091600065D3872C7FF49CAE01297FF42EAFEB886A
:10917000002BA5D0B64EE94606F1300A306871687A
:10918000B268F368CC46ACE80F0010365645E146AD
:10919000F4D19DF80210002940F09F80832C00F04C
:1091A0008381872C00F06481822C00F06181082388
:1091B0003B7700243DE601297FF49DAE29464046D9
:1091C0000123A44A01F02AFC00287FF494AEB7E6FC
:1091D00001297FF490AEEB88012B7FF4B1AE2946D4
:1091E00040469D4A01F01AFC00287FF484AEA7E6B1
:1091F00001297FF480AEEB88012B7FF4A1AE2946D4
:1092000040460123954A01F009FC00287FF473AE23
:1092100096E601297FF4D9AE0B464046294607F170
:109220001C0201F0FBFB00287FF4CFAE48E70129C8
:109230007FF4CBAEEB88022B7FF442AF0CAA302137
:1092400022F8301D4046294601F0E8FB044600287C
:109250003FF436AF00233B77EBE5012B7FF420AEE4
:1092600001293FF425AF02297FF4AFAE7849A1F17F
:109270001E00FFF781FB044660B3794B7A6BBA613D
:109280003BB1734A79783878AFF3008000287FF4D7
:109290009CAE7449002302204FF480720880C7E915
:1092A00003337B61BA83C4E56F4B1B68D8077FF536
:1092B00047AE00BE44E601293FF4FAAE02297FF42E
:1092C00084AE6349A1F11E00FFF756FB0446002857
:1092D0007FF47BAE08233B77ABE59DF803000028C5
:1092E0007FD1FA88002A3AD01EEB020337D01EF84D
:1092F0000220B3F80D005D4E104418441344984208
:109300000FD99A78102A04D826FA02F2D20700F16F
:10931000D5801A7813449842F1D95A78242AF8D182
:10932000EDE70346832C5AD0872C4CD0822C7FF457
:109330003EAF01218DF803101A781A44904237D9B4
:10934000947804F0FD06052E10D0112C0ED0147860
:1093500022449042F2D95478242CF8D1EEE7424BC3
:109360001B68D9077FF523AF00BE20E7D478A14260
:10937000EDD1997806291DD010291BD004297FF43E
:1093800016AFB2F80510B2F807205B7D02FB01F2C0
:1093900003FB02F3DB08CDF812306A46294640464B
:1093A000302301F03BFB044600283FF489AE51E72F
:1093B0000246DEE7B2F80510B2F8073003FB01F30E
:1093C0001B01DB08E7E79A78062A06D0102A02D0AC
:1093D000042A7FF4ECAE997DACE79979AAE7197974
:1093E000A8E7019B002BD8D1FA88002AB7D01EEB42
:1093F0000203B4D01EF802E0B3F80D20DFF86CC011
:1094000072449E1873449E420ED99A78102A03D84B
:109410002CFA02F2D20756D41A7813449E42F2D99B
:109420005A78242AF8D1EEE733461A7813449E423C
:1094300064D99A7802F0FD01052948D0112A46D056
:109440001A7813449E42F2D95A78242AF8D1EEE7CA
:109450008A710020697000201E7104006A7000206B
:10946000000000006C700020F0ED00E050100100E2
:1094700001238DF8023001234FF0011202930023E3
:109480000392ADF810304FF6C0428DF8223040F212
:109490009B13ADF81A20ADF81C30404ACDF81E20C1
:1094A00008238DF8233078E7FB88002BE3D01EEBF0
:1094B0000303E0D01B7B8DF80230DCE7DA789142C1
:1094C0007FF427AF2EE7DA789142A5D1ADE7DA78BD
:1094D0009042B5D1823C052C3FF669AE01A252F80C
:1094E00024F000BF65950200499502002B9502000B
:1094F000AF910200AF910200019502003346E9E707
:10950000D3F8151042F21073B1FBF3F30191002967
:109510003ED0DDF812208BB9931CB3F5807F28BFB5
:109520004FF48073CDF8163037E75A7E72BBD3F80C
:10953000221042F21073B1FBF3F3E7E7013A1A4449
:10954000B2FBF3F30233E8E75A7ECAB1053203EB0C
:109550008202D2F80210D3F81A3042F21072B3FB32
:10956000F2F3D3E75A7E72B1053203EB8202D2F8EE
:109570000220D3F81A1042F21073B2FBF3F3C5E7DE
:10958000D3F81E10E7E7D3F81E20F2E7002301937B
:109590000023ADF81630ADF81830FEE603010101E6
:1095A0002DE9F84F334C238953B12278324F02EB27
:1095B000820502EB45057D592B449F788F420AD0E6
:1095C0002E4B1B68DB0703D500BE0020BDE8F88FDB
:1095D0000020BDE8F88FD4E904369E4205460BD33F
:1095E00027490023C4E90333636119B16178104648
:1095F000AFF300800120E9E701F046F90028E7D049
:10960000DFF88090A36999F80000D4E9042BA2EB5D
:109610000B0808EB00069E4228BF1E46B04213D935
:10962000164B1B6813F0010301D000BE002339461E
:109630002846144A01F048F90028DBD10F4B1B687B
:10964000DA07C5D500BEC1E7E168A6EB000A5944B8
:10965000484452461BF0E7FB0BEB0A03D04563611D
:10966000B3B2E4D199F8012042F0020289F8012056
:10967000DDE700BF6C71002060700020F0ED00E0BD
:10968000000000006C7000202DE9F041B2F5004FA1
:109690009DF8188030D80446C0681E460F4615460F
:1096A00018B14FF0FF3112F04FFF206918B14FF0A1
:1096B000FF3112F049FFE288E068276066F30E028E
:1096C000C2F30721002368F3C711E2806381A580FC
:1096D000E171238118B11A46194612F019FB20696D
:1096E00038B100231A46194612F012FB0120BDE8DA
:1096F000F0810120BDE8F0810020BDE8F08100BFCD
:1097000003894289808892B29BB2934236BFC2EBF2
:1097100040029B1A9B189BB2984228BF184670477C
:10972000028943899BB2981AB0FA80F040097047C9
:1097300003894289808892B29BB2934236BFC2EBC2
:1097400040029B1A9B189BB2984286BFC01A80B2F7
:10975000002070472DE9F843054600690E4617467C
:1097600018B14FF0FF3112F0EFFE2B896989A888FC
:109770009BB289B28B4236BFC1EB40045C1AE4183D
:10978000A4B2002C4AD0A04206D283422CBF191AA0
:10979000191889B269810446BC4228BF3C468842F8
:1097A000A4B203D8091A89B28842FBD9EA882B6887
:1097B000401AC2F30E0887B21FFA88F2BC4202FBBD
:1097C000013125D917FB08F91FFA89F94A463046B5
:1097D0001BF029FBE21B12FB08F206EB090092B218
:1097E00029681BF020FB6A89A88892B211198BB2F4
:1097F0009A4215D940001B1A9BB228696B8120B18F
:1098000000231A46194612F083FA2046BDE8F88371
:1098100002FB04F230461BF006FBE4E769898BB2D9
:1098200040008342E9DBE6E738B5054600690C46AF
:1098300018B14FF0FF3112F087FE29896B89AA8891
:1098400089B29BB2994236BFC3EB4200C81A401896
:1098500080B200B3824209D291422CBF8B1A8B187E
:109860009BB29A426B8103D89B1A9BB29A42FBD956
:10987000EA882968C2F30E02204602FB03111BF09E
:10988000D2FA0124286920B100231A46194612F0A1
:109890003FFA204638BD0446F4E700BF2DE9F04703
:1098A0001446002A4FD00546C0680F4618B14FF045
:1098B000FF3112F049FEEA792E896989AB88D20915
:1098C000B6B289B242D18E4236BFC1EB4301711AA2
:1098D000891989B2994252D2591A89B28C42E888C0
:1098E00028BF0C46C0F30E08B342304603D8C01A56
:1098F00080B29842FBD21B1A2A681FFA83F9A1454D
:1099000008FB002047D219FB08FA1FFA8AFA5246D0
:1099100039461BF088FAA4EB090212FB08F207EBA8
:109920000A0192B228681BF07EFAA3199BB2AA889A
:10993000B3424FEA420201D3934201DB9B1A9BB22E
:10994000E8682B81F8B92046BDE8F087E8889C429A
:10995000C0F30E080FD28E4223D3721A92B258006F
:1099600022448242C0DBCE18361BB6B2B14220D9A7
:10997000361AB6B2B8E7E41A08FB0477B3B9E86858
:1099800000240028DFD000231A46194612F0C0F93F
:109990002046BDE8F08708FB04F239461BF043FA85
:1099A000C3E75800421A324492B2D9E70E461C4629
:1099B00098E7B04298DCDBE710B50446C06818B100
:1099C0004FF0FF3112F0C0FD206918B14FF0FF31A8
:1099D00012F0BAFDE06800236381238118B11A46B2
:1099E000194612F095F9206920B100231A4619464C
:1099F00012F08EF9012010BD38B5C379B1EBD31F39
:109A00001FD00446C0680D4618B14FF0FF3112F068
:109A10009BFD206918B14FF0FF3112F095FDE379FD
:109A2000E06865F3C713E37120B100231A461946B5
:109A300012F06EF9206920B100231A46194612F07F
:109A400067F9012038BD00BF704700BF704700BFF5
:109A50000020704700207047704700BF704700BF6C
:109A6000704700BF704700BF024B5878003018BFE6
:109A70000120704714720020024B1878C0F3800058
:109A8000704700BF14720020024B1878FF3818BFCF
:109A900001207047186100202DE9F047374E3378D8
:109AA000FF2B82B004D00125284602B0BDE8F08724
:109AB000002946D0382288460746002130481BF04E
:109AC000D6F9304B3049002501201D7012F0FAFA0A
:109AD0002E4B1860002834D02D4C2346626833F892
:109AE0000C0B6188009512F0A1F8A168054612F0F0
:109AF00005FF284B1D6075B3274B23B12748AFF3F3
:109B00000080274B1860254CDFF89CA02278DFF8F6
:109B1000909000252B460EE0D9F8003013EB45134A
:109B20000FD05B686BB1984722780135EDB2511DBB
:109B3000A9422B4615DBAA42EED89B1A0AEB431327
:109B4000EFE7184B1B68DA0700D500BE0025284652
:109B500002B0BDE8F087134B1B68DB07F6D500BEEB
:109B6000A2E741463846377001F050FE054600280E
:109B7000F1D0384601F04CFE96E700BF1861002096
:109B80001472002014730020C47100204C72002055
:109B9000BC6000205072002000000000C071002056
:109BA000BC710020F0ED00E020710400B94B1B787F
:109BB000FF2B00F0A1812DE9F04F04468BB04FF44C
:109BC0007A7200238002A10D1AF030FFB24DDFF847
:109BD000E4B2B24E8246671C286800F02481002C53
:109BE00000F02181BAF1000F14BF5246012207A9EB
:109BF00012F018FBC0B19DF81D30013B072B00F29D
:109C00001481DFE813F0F200D300CA00BF00B700F0
:109C1000410014000800089B0BB109989847286878
:109C200012F03EFE0028D6D10BB0BDE8F08F9DF8B3
:109C300020109B4B01F07F0703EB470303EBD1138D
:109C400093F826006FF3000083F8260093F82600AF
:109C50006FF3820083F82600002F00F04581914ABF
:109C60001B7D12789342C0F03381501D9842C0F2A0
:109C700034819B1A0BEB43139F699DF82120099BAC
:109C80009DF81C00B847CAE7874A1378002B00F0FC
:109C900024811378013BDBB21370137803F0FF00CB
:109CA000002BBCD1DFF8F8919DF81C8099F80030AA
:109CB00043F0010389F8003099F8263060F300037F
:109CC00089F8263099F8263060F3820389F8263027
:109CD00099F8273060F3000389F8273099F8273086
:109CE00060F3820389F8273000F002FF9DF82030EE
:109CF00003F06002602A00F00681402A00F00A8129
:109D000003F01F03012B00F0D581C0F01281022B5C
:109D100040F0F9809DF8241001F07F07082F00F231
:109D2000F2807B00C80901934B44034400905D48D6
:109D30001F7D03789F4280F00F82336803EB471743
:109D4000002A00F0108257B1786900F0D1FE7B69DB
:109D5000404608AA0121984700287FF460AF9DF88B
:109D60001C00002101F0BEFF80219DF81C0001F0C5
:109D7000B9FF54E74A4B1B78D8077FF550AFFFF780
:109D800071FE4CE7464B1A78D7077FF548AF187835
:109D9000C0F3C000FFF764FE41E7414BDB78D90711
:109DA0007FF53DAF0898FFF751FE38E73D4F9DF82E
:109DB0001C903A780023984610E0336813EB481360
:109DC00000F08080DB68484698473A7808F101083F
:109DD0005FFA88F8511D8845434645DC9045A3EB62
:109DE0000203EAD30BEB4313ECE72E4F9DF81C90D4
:109DF0003A78002398460FE0336813EB48135BD0A2
:109E0000DB68484698473A7808F101085FFA88F815
:109E1000511D884543460FDC9045A3EB0203EBD36D
:109E20000BEB4313ECE72246E1E6204B1B68DA0715
:109E30007FF5F5AE00BEF2E63822002118481BF08F
:109E400016F81B4A4FF0FF33C2E90533C2E900336D
:109E5000C2E90233D3611384136100F03FFE104B5B
:109E60009DF820209A70DAE6382200210C481AF07A
:109E7000FEFF0F4A4FF0FF33C2E90533C2E900335A
:109E8000C2E90233D3611384136100F027FEFFF7A8
:109E9000E5FDC4E61861002050720020BC7100206E
:109EA00014720020C071002014730020F0ED00E057
:109EB0001872002020710400A44B1B68D907CCD570
:109EC00000BECAE7A14B1B68DA07DED500BEDCE79F
:109ED000326812EB43137FF4CFAE9C4B1B68DB0759
:109EE0007FF5A2AE00BE9FE6099B9DF821209DF85C
:109EF0001C0000F013FE92E67047FCF7D7FC024608
:109F0000002840F0E981914B1B68DA077FF527AF05
:109F100000BE24E78E4800283FF421AF00F0E8FDA2
:109F2000404608AA0121FCF725FF00287FF477AE00
:109F300015E7202A00F0F180002AE4D19DF82130B5
:109F4000092BE0D801A252F823F000BF73A0020051
:109F500053A00200079F020095A00200079F020085
:109F600035A00200E19F0200079F0200CB9F020084
:109F7000759F02009DF8223001931A4699F801302E
:109F80009A4200F0548199F80130002B40F054813E
:109F9000019B89F80130002B00F04781581EC0B2A8
:109FA000FCF784FC18B14378022B00F0C181674BA9
:109FB0001B68DB0700D500BE644B1B68D80700D5C3
:109FC00000BE002389F80130C9E60AAA99F80130D9
:109FD00002F80E3D4046012308A900F01FFD1EE6D1
:109FE000BDF82200030A5A1EC0B20E2A3FF6B7AED1
:109FF00001A151F822F000BFEBA20200C7A20200AB
:10A00000B7A202005F9D02005F9D020099A20200BC
:10A01000C7A202005F9D02005F9D02005F9D0200DB
:10A020005F9D02005F9D02005F9D02005F9D020038
:10A030001BA3020008A800F061FD40469DF8221015
:10A0400001F0ECFB99F8003043F0020389F800308E
:10A05000E5E5BDF82230012B7FF481AE99F80030A0
:10A0600040466FF3C30308A989F8003000F0BEFC36
:10A07000D5E599F80030990801F00201C3F34013C7
:10A080000AAA0B4322F80E3D4046022308A900F01D
:10A09000C5FCC4E5BDF82230012B7FF460AE99F811
:10A0A0000030404643F0080308A989F8003000F06A
:10A0B0009DFCB4E59DF824300F2B3FF650AE4B4489
:10A0C000244A1B791778BB4238D2376817EB4317FD
:10A0D0003FF445AE786900F00BFD7B6908AA0121C9
:10A0E0004046984700287FF49AAD9DF8203013F041
:10A0F00060077FF434AE9DF821300A3B012B3FF618
:10A100002EAE00F0F5FC9DF821300A2B00F0FC800B
:10A1100008A9404600F06AFC81E59DF824300F2B29
:10A120003FF61DAE4B440B4A1B791778BB4260D2F9
:10A13000376817EB43173FF412AE05E67A1D9A42D3
:10A14000FFF60DAEDB1B0BEB4317C3E7F0ED00E0B2
:10A15000756D0200C0710020581DB84239DA002A1E
:10A160007FF4FDAD17469DF82130012B03D036D387
:10A17000032B7FF4C8AEBDF822200292AAB9B84AD8
:10A18000012B10783DD001F0ADFD019B009A4B44AE
:10A19000134493F8262042F0020283F8262093F815
:10A1A000262042F0010283F82620002F3FF437AD2D
:10A1B000786900F09DFC7B69012108AA4046984718
:10A1C000002000F095FC99F82730D9073FF527AD1E
:10A1D0009EE7FB1A0BEB4317002AC4D0B4E5019BA2
:10A1E000009A4B44134420330AAA9B79C3F34003DB
:10A1F00048E77A1D9A42FFF6B2ADDB1B0BEB431723
:10A20000A2E501F097FD019B009A02994B4413448B
:10A2100093F8262061F3410283F8262093F8262044
:10A2200061F3000283F82620BFE7FFF717FC4046E2
:10A2300008A900F0DBFBF2E40021404601F000FB3E
:10A24000404601F09FFB874F99F8023002930023AC
:10A2500000943A781C460CE00BEB4313DB68404655
:10A2600098473A780134E4B2501D8442234600F303
:10A27000CE809442A3EB0203EED2336813EB441377
:10A28000ECD1794B009C1B68DB0700D500BE9DF824
:10A29000083089F802307BE6FFF7DAFB0246002837
:10A2A0003FF45DAD4046137808A900F0B7FB0028E5
:10A2B0007FF4B5AC53E5BDF82410FCF7FDFA024677
:10A2C0000028EFD14BE5022B3FF417AEFFF7C2FB9E
:10A2D000024600283FF443AD4046538808A900F0E9
:10A2E0009DFB00287FF49BAC39E5FCF7DBFA0246C6
:10A2F00000283FF408AE4046122308A900F08EFB68
:10A3000000287FF48CAC2AE50AAA08A902F80E7D81
:10A310004046012300F082FB81E4544B002B3FF4C4
:10A320001EADFCF723FD024600283FF418ADD3E72D
:10A33000C27999F80030511161F30413921162F35C
:10A34000451389F800304388CDF81080CDE900A48A
:10A35000C318039300F10907039BBB4237D97B78ED
:10A360000B2B03BF3B7897F803A0FF184FF0010AAF
:10A370007B78042B43D1039B3A4ACDF814A0DB1B16
:10A3800000219BB20291127888469A4617E0346801
:10A3900014EB481433D05246394604982369984741
:10A3A000082808F1010201D9824543D22D4B5FFAFA
:10A3B00082F81A78CDF80880511D88451CDC029B74
:10A3C0009045A3EB0202E2D30BEB4214E3E7DDF886
:10A3D0001080DDE900A4FFF73FFB28E70246434673
:10A3E00004463946224802F0B1FA1E4B029A1B7805
:10A3F000053393422744AFDADDE900A4D7E51A4BD1
:10A400001B68DF07DDE900A47FF5D6ADD3E5382270
:10A4100000211848009C1AF02AFD174A4FF0FF331C
:10A42000C2E90533D3611384C2E90033C2E90233C0
:10A4300013612CE7DDF814A0BAF1010F1ED0002142
:10A44000CBB2534501F10101C8D2BA78134459FA8D
:10A4500083F31A79FF2AD2D183F80480F0E700BF92
:10A4600018610020C0710020F0ED00E06D6D020069
:10A4700028720020147200201872002023690A4AF2
:10A480000A498B4208BF4FF0020A9342D7D17B7929
:10A49000012BD4D1BB79012BD1D1FB79002B08BF83
:10A4A0004FF0020ACBE700BF957902005571020018
:10A4B0002DE9F0434378023B85B005460E46042B58
:10A4C0000CD8DFE803F0495D037E3F00844B1A7827
:10A4D000D70715D51A7842F004021A70814B186814
:10A4E0008EB933464FF0FF32294611F011FC00308F
:10A4F00018BF0120F0B97C4B1B68DB0700D500BEFC
:10A5000005B0BDE8F08304AA002342F80C3D2946BB
:10A5100011F00EFE019B43B1744B4FF080525A6014
:10A5200040BFBFF34F8FBFF36F8F003018BF0120C4
:10A530000028E0D0324669782878FFF785FA05B020
:10A54000BDE8F0836A4A13780133DBB21370654BC0
:10A550001868002ED7D1C4E7614B1A786FF3000258
:10A560001A701A7800216FF341021A7059701A7824
:10A5700061F382021A705B4B1868002EC3D1B0E7FA
:10A580005C4FDFF874913978DFF87081002423463E
:10A590000AE0D8F8003013EB44130AD10134E4B2D6
:10A5A0004A1DA242234615DB8C42F2D35B1A09EB0B
:10A5B0004313DB69002BF1D0696828789847397814
:10A5C000ECE7474B1A78D4079AD51A786FF38202D2
:10A5D0001A7083E7424C237858072FD523784149D6
:10A5E0006FF3820323702B788DF80430052200234B
:10A5F000CDF80A30CDF80630ADF80E3008688DF889
:10A600000520002E59D004AA01A942F8103D11F0EE
:10A610008FFD009B43B1354B4FF080525A6040BFD5
:10A62000BFF34F8FBFF36F8F003018BF012000289A
:10A630004DD12D4B1B68D90700D500BEE378DA0752
:10A640007FF55EAF274A2B78696810688DF8043073
:10A6500003220023CDF80A30CDF80630ADF80E30D5
:10A6600002918DF80520F6B104AA01A942F8103D27
:10A6700011F05EFD009B43B11C4B4FF080525A60BD
:10A6800040BFBFF34F8FBFF36F8F003018BF012063
:10A6900000283FF430AF32469DF805109DF80400C5
:10A6A000FFF7D2F92CE733464FF0FF3201A911F042
:10A6B0002FFB003018BF0120EAE733464FF0FF328E
:10A6C00001A911F025FB003018BF0120AFE7324689
:10A6D0009DF805109DF80400FFF7B6F9AEE700BF3E
:10A6E0001472002050720020F0ED00E000ED00E058
:10A6F00014730020C071002020710400BC71002080
:10A700002DE9F84F0A9F002A4CD090464A78052A36
:10A710000C460ED1CE7806F00306B34209D18A78F2
:10A7200002F07F02082A0DD9204B1B68DA0700D5FA
:10A7300000BE1E4B1B68DB0702D40020BDE8F88F6B
:10A7400000BEFAE7DFF868B0DFF868A09BF8009079
:10A7500000250EE06278052AEBD1E27802F00302D0
:10A76000B242E6D1A27802F07F02082ADCD89BF838
:10A7700000909AF802100022204602F095F8002876
:10A78000D2D04846214601F06FF80028D1D0A278F7
:10A79000D30916BF0B9B3A701A70227801354545D4
:10A7A0001444D7D10120BDE8F88F00BFF0ED00E0E0
:10A7B000186100201472002030B51E4D85B00824A9
:10A7C00000230290019303918DF8054028681446F8
:10A7D00082B9134601A94FF0FF3211F099FA003007
:10A7E00018BF0120E0B9144B1B68DB0700D500BE81
:10A7F00005B030BD04AA01A942F8103D11F098FC43
:10A80000009B43B10D4B4FF080525A6040BFBFF3E5
:10A810004F8FBFF36F8F003018BF01200028E2D0A8
:10A8200022469DF805109DF80400FFF70DF905B0CC
:10A8300030BD00BF50720020F0ED00E000ED00E000
:10A8400038B58B7803F07F03082B06D90B4B1B68B8
:10A85000DB0700D500BE002038BD094A094B0C4675
:10A86000204691781D78002202F01EF80028EDD0D5
:10A8700021462846BDE8384000F0F6BFF0ED00E084
:10A880001472002018610020CB09263301F07F01EB
:10A890000348044A03EB41010844116801F0BABFC0
:10A8A000147200204C720020CB09263301F07F0186
:10A8B0000348044A03EB41010844116801F0D6BF84
:10A8C000147200204C72002038B5154C01F07F0541
:10A8D00004EB450404EBD1142034A079C00706D55D
:10A8E000104B1B68DA0700D500BE002038BDA579E3
:10A8F0000D4845F001050078A57101F0F1F8002838
:10A90000F4D1A379074A60F30003A371A37960F33C
:10A910008203A3711368DB07E7D500BE38BD00BF13
:10A9200014720020F0ED00E018610020054B01F0EA
:10A930007F0203EB420303EBD11191F8260000F0F4
:10A94000010070471472002010B50C4B18780C46AB
:10A9500001F0C8F90A4904F07F0301EB430101EB60
:10A96000D41191F8263043F0020381F8263091F893
:10A97000263043F0010381F8263010BD1861002015
:10A9800014720020054B01F07F0203EB420303EB3E
:10A99000D11191F82600C0F34000704714720020D6
:10A9A00010B50F4B18780C4601F036F80D4904F03D
:10A9B0007F0301EB430101EBD41191F826306FF3D3
:10A9C000410381F8263091F826306FF3000381F8B7
:10A9D000263091F826306FF3820381F8263010BDBF
:10A9E0001861002014720020704700BF0A4630B47E
:10A9F000094C496805461068234603C30023C4E98F
:10AA0000023392F900209A422846ACBF80211946B1
:10AA10001A4630BCFFF758BF58730020F0B50E46F9
:10AA20002B4C496807463068A260254603C50021C3
:10AA3000E181F588AB4228BF2B4683B0A381ADB13D
:10AA40003BB3002A3DD094F90000402B28BF40239F
:10AA500000282CDB1F4A3846FFF736FF98B91E4BFB
:10AA60001B68DB0712D500BE03B0F0BD96F90030BD
:10AA7000002BACBF8021002138462B462A46FFF729
:10AA800023FF0028EBD0012003B0F0BD002003B06D
:10AA9000F0BD94F90020002AACBF194680211A4667
:10AAA0003846FFF711FF0028D9D00120ECE7114606
:10AAB000084801931A461AF0B6F9064A019B80210C
:10AAC000EEE7054B1B68D907E0D500BE1046CBE783
:10AAD0005873002018730020F0ED00E0034B0022B3
:10AAE000C3E90022C3E902221A61704758730020AB
:10AAF000014B1861704700BF587300200346064A97
:10AB00005968006810B41346002403C3C2E9024424
:10AB10005DF8044B704700BF5873002070B5404C7F
:10AB20002278C909B1EBD21F82B0064615D03BB1DD
:10AB30003C4B1B68DA0700D500BE002002B070BD98
:10AB40002146FFF751FF2369002B40D022463046B3
:10AB500003219847012002B070BD94F90020A0683D
:10AB6000002A08DB0028E8D01A462F4901931AF082
:10AB70005AF9A068019BE589E2881D44ADB21844EA
:10AB8000AA42A060E58101D03F2B23D8236923B1DD
:10AB9000234A02213046984788B194F900200023C7
:10ABA0009A42ACBF8021194630461A46FFF78CFE08
:10ABB00068B91C4B1B68DB07BFD500BEBEE701466A
:10ABC000304601F08FF83046802101F08BF80120EB
:10ABD00002B070BDA28994F90010531B9BB2402BA8
:10ABE00028BF402300290ADB95424FF0000112D014
:10ABF0000D4A3046FFF768FE0028DAD0E7E79542B5
:10AC00000BD001461A46084801931AF00CF980212E
:10AC1000054A019BEDE70A46EBE780210022E8E7C1
:10AC200058730020F0ED00E01873002000B1704769
:10AC300013F000B800B1704713F006B80138C3B282
:10AC4000042B07D856230D4A03FB00F013181B7979
:10AC5000DB0706D40A4B1B68DB0700D500BE0020CB
:10AC60007047CB09363301F07F0103EB4101054BFF
:10AC700008441044196801F0CDBD00BF6C7300207A
:10AC8000F0ED00E01C7500200138C3B2042B07D89A
:10AC900056230A4A03FB00F013181B79DB0701D483
:10ACA00000207047CB09363301F07F0103EB4101EF
:10ACB000034B08441044196801F0D8BD6C730020A0
:10ACC0001C750020F0B5441EE5B2042D83B017D8E2
:10ACD000562505FB04F5174E01F07F0405EB4404EF
:10ACE000344404EBD1143034A779FF070BD5124B51
:10ACF000186810F0010001D000BE002003B0F0BDC4
:10AD0000002003B0F0BD1F4613460A460146705DA1
:10AD1000A579009745F00105A57100F0BDFB00285D
:10AD2000ECD1A37960F30003A371A37960F38203EC
:10AD3000A371E3E76C730020F0ED00E02DE9F0472C
:10AD4000764DAF798F4284B091461E4604465BD063
:10AD5000E2234FF0000AA9718DF809108DF8083030
:10AD6000ADF80CA0002E00F0B380012103AF0DF16F
:10AD70000808FBF70FFE41463A4602232046FBF740
:10AD800037FE51462046FBF705FE9DF80C30EB7070
:10AD90002223D9F800908DF80730002E3ED02046AF
:10ADA0000121FBF7F7FD3A460DF10701012320468B
:10ADB000FBF71EFE9DF80C30EB704946082300227D
:10ADC0002046FBF715FE20460021FBF7E3FD002699
:10ADD000102241F2F20320460121EA71ADF8083059
:10ADE000ADF80C60FBF7D6FD3A46414602232046FB
:10ADF000FBF7FEFD31462046FBF7CCFD9DF80C30FD
:10AE0000EB7004B0BDE8F087222303AF0DF1080812
:10AE1000D9F800908DF80730002EC0D14FF0FF31E7
:10AE2000E86D11F091FB31462046FBF7EDFD204621
:10AE30000121FBF7AFFD3A460DF107010123204642
:10AE4000FBF7D6FD9DF80C30EB70324608234946DF
:10AE50002046FBF7CDFD31462046FBF79BFD204603
:10AE60000121FBF7D1FD334632463146E86D10F043
:10AE70004FFF102241F2F2034FF0FF31E86DEA710B
:10AE8000ADF80830ADF80C6011F05EFB314620469D
:10AE9000FBF7BAFD20460121FBF77CFD3A46022371
:10AEA00041462046FBF7A4FD31462046FBF772FDE4
:10AEB00020460121FBF7A8FD334632463146E86DB6
:10AEC00010F026FF9DF80C30EB7004B0BDE8F08761
:10AED0004FF0FF31E86D11F037FB31462046FBF7AC
:10AEE00093FD03AF204601210DF10808FBF752FD49
:10AEF0003A46022341462046FBF77AFD314620467A
:10AF0000FBF748FD20460121FBF77EFD3346324624
:10AF10003146E86D10F0FCFE37E700BF20750020D9
:10AF20002DE9F04F4B781D070E4685B09046097805
:10AF3000044662D1DA0600F14881B26812B1B288E3
:10AF4000002A5AD1E24D03F02006AB7966F07F0665
:10AF50008B42F6B200F06481E2230027A9718DF8DC
:10AF600009108DF80830ADF80C70B8F1000F00F042
:10AF70006C82012120460DF10C090DF1080AFBF746
:10AF800009FD51464A4602232046FBF731FD39466A
:10AF90002046FBF7FFFC9DF80C30EB70F223EE71BE
:10AFA0008DF8096000268DF80830ADF80C60B8F116
:10AFB000000F40F0D980E86D4FF0FF3111F0C4FA76
:10AFC00041462046FBF720FD20460121FBF7E2FC2D
:10AFD0004A46022351462046FBF70AFD41462046D9
:10AFE000FBF7D8FC20460121FBF70EFD4346424605
:10AFF0004146E86D10F08CFE45E0B54D13F020079A
:10B00000AA7946D1914240F0BE800DF10C090DF1B4
:10B01000080AB37813F0100F0CBF10222022EA2385
:10B0200000278DF809208DF80830ADF80C70B8F1C4
:10B03000000F00F0FA8001212046FBF7ABFC022351
:10B040004A4651462046FBF7D3FC39462046FBF7DB
:10B05000A1FC9DF80C30EB707378EB71F2220121AA
:10B0600020468DF809308DF80820ADF80C70FBF7FC
:10B0700091FC51464A4602232046FBF7B9FC39466B
:10B080002046FBF787FC9DF80C30EB7005B0BDE85F
:10B09000F08F914240F0A1800DF10C090DF1080AEA
:10B0A000B37813F0100F0CBF40228022EA23002750
:10B0B0008DF809208DF80830ADF80C70B8F1000F4C
:10B0C00000F0E48001212046FBF764FC5146022396
:10B0D0004A462046FBF78CFC39462046FBF75AFCD3
:10B0E0009DF80C30EB7032882B899A422AD0B788B1
:10B0F000F2887388BF1ABFB25B099F4228BF1F4600
:10B1000017F0FF0740F008813A23AF708DF80970FF
:10B1100000278DF80830ADF80C70B8F1000F00F082
:10B12000D98001212046FBF735FC514602234A46CF
:10B130002046FBF75DFC39462046FBF72BFC9DF8CB
:10B140000C30EB7033782B7273786B727378EB7111
:10B15000F22200268DF809308DF80820ADF80C6039
:10B16000B8F1000F3FF427AF20460121FBF712FC96
:10B1700051464A4602232046FBF73AFC3146204618
:10B18000FBF708FC7FE7E223A9718DF80910ADF801
:10B190000C708DF80830B8F1000F00F0DE8001214E
:10B1A00020460DF10C090DF1080AFBF7F3FB51469F
:10B1B0004A4602232046FBF71BFC39462046FBF794
:10B1C000E9FB9DF80C30EB7023E7434606F10802DB
:10B1D000FFF7B4FD05B0BDE8F08FE2230027A971A9
:10B1E0008DF809108DF80830ADF80C70B8F1000F2B
:10B1F00000F0D980012120460DF10C090DF1080A5B
:10B20000FBF7C8FB51464A4602232046FBF7F0FBFA
:10B2100039462046FBF7BEFB9DF80C30EB703FE74C
:10B220000DF10C090DF1080AB8E64FF0FF31E86D99
:10B2300011F08AF941462046FBF7E6FB0121204642
:10B24000FBF7A8FB02234A4651462046FBF7D0FBFA
:10B2500041462046FBF79EFB01212046FBF7D4FB2D
:10B26000434642464146E86D10F052FD9DF80C30D1
:10B27000EB707378E86DEB71F2224FF0FF318DF8CF
:10B280000930ADF80C808DF8082097E64FF0FF31BB
:10B29000E86D11F059F941462046FBF7B5FB204611
:10B2A0000121FBF777FB4A46022351462046FBF774
:10B2B0009FFB41462046FBF76DFB20460121FBF733
:10B2C000A3FB434642464146E86D10F021FD07E7E7
:10B2D000207500204FF0FF31E86D11F035F941463F
:10B2E0002046FBF791FB20460121FBF753FB4A4622
:10B2F000022351462046FBF77BFB41462046FBF7E5
:10B3000049FB20460121FBF77FFB4346424641466D
:10B31000E86D10F0FDFC12E712238DF80730D6F827
:10B3200008B0B8F1000F64D020460121FBF732FBD2
:10B330004A460DF1070101232046FBF759FB9DF812
:10B340000C30EB7059463B4600222046FBF750FB81
:10B3500000212046FBF71EFBD6E64FF0FF31E86DDB
:10B3600011F0F2F841462046FBF74EFB0DF10C09B7
:10B37000204601210DF1080AFBF70CFB4A46022387
:10B3800051462046FBF734FB41462046FBF702FBC3
:10B3900020460121FBF738FB434642464146E86D13
:10B3A00010F0B6FC0DE74FF0FF31E86D11F0CCF86E
:10B3B00041462046FBF728FB0DF10C0920460121F0
:10B3C0000DF1080AFBF7E6FA4A46022351462046E9
:10B3D000FBF70EFB41462046FBF7DCFA2046012135
:10B3E000FBF712FB434642464146E86D10F090FCE5
:10B3F00012E74FF0FF31E86D11F0A6F84146204604
:10B40000FBF702FB20460121FBF7C4FA4A460DF187
:10B41000070101232046FBF7EBFA9DF80C30EB7097
:10B4200042463B4659462046FBF7E2FA4146204653
:10B43000FBF7B0FA20460121FBF7E6FA4346424605
:10B440004146E86D10F064FC5EE64FF0FF31E86DB8
:10B4500011F07AF841462046FBF7D6FA0DF10C09B7
:10B46000204601210DF1080AFBF794FA4A4602230F
:10B4700051462046FBF7BCFA41462046FBF78AFAC4
:10B4800020460121FBF7C0FA434642464146E86D9B
:10B4900010F03EFC7FE500BF2DE9F04102F07F0C8B
:10B4A000BDF818E0D20981BBBCF1000F5ED13E4E61
:10B4B000A6F160077178B47882F0010262F3451159
:10B4C0000A466FF3041244F010017270B170B27842
:10B4D000B360032363F3030200258046A6F804E06B
:10B4E000B270F5802846FFF7A1FBBC7AC4BB0125EA
:10B4F0002046BD72FFF79EFB2246404631462C4651
:10B50000FFF70EFD2046BDE8F08182F00108BCF196
:10B51000000F2ED0254F01223C4604E00132142AB0
:10B5200004F10C0418D094F86C508D42F6D102EB63
:10B53000420507EB850595F8615005F00F06664555
:10B54000ECD1C5F34015454504F16C06BFD001327E
:10B55000142A04F10C04E6D100242046BDE8F08151
:10B560002846FFF767FB2046BDE8F08182F001081E
:10B57000D0E70E4F01243D4602E00134142CEBD0FD
:10B5800095F86C608E4205F10C05F6D104EB44068B
:10B59000B60007EB060C9CF861C01CF00F0FECD155
:10B5A00060363E4486E700BF80750020207500208D
:10B5B00042DF704743DF704744DF704712DF704758
:10B5C000F0B5334CBFF35B8F014604F59073012552
:10B5D000D3E84F2FC3E8405F0028F9D1BFF35B8F5A
:10B5E00012F0FF0F48D1082929D04E01A21954F8B2
:10B5F00006C028489388284F01F5947601EB810E08
:10B6000050F82660D2889A1A93B2B6B200EB8E0236
:10B6100009B2B34228BF3346C2F800C707EB810026
:10B62000C2F8043747F82150BFF36F8FBFF34F8F35
:10B630001A4B984218D0043B984215D0F0BD154BD8
:10B64000D3F8C024D1030FD494F80B1161B114497D
:10B65000D4F80001C3F8A007C3F8A4270D60BFF316
:10B660006F8FBFF34F8FF0BD0023BFF35B8F84F864
:10B670002031BFF35B8FF0BD0A4B0B485A68C2F311
:10B680000802003218BF0122BDE8F040FFF794B86D
:10B690007076002000700240287002405070024016
:10B6A0004870024000ED00E021B70200174BBFF3E5
:10B6B0005B8F01460122D3E84F0FC3E84C2FBCF14A
:10B6C000000FF8D1BFF35B8F10F0FF0F14D10A60A9
:10B6D000BFF36F8FBFF34F8F0D4B994203D0043BE5
:10B6E000994200D070470B4BBFF35B8F002283F869
:10B6F0002021BFF35B8F7047074B08485A68C2F39D
:10B700000802003218BF0122FFF756B890770020D8
:10B71000507002407076002000ED00E0ADB60200EF
:10B72000F0B5334CBFF35B8FC1B204F590730126C3
:10B73000D3E84F2FC3E8406F0028F9D1BFF35B8FE8
:10B7400012F0FF0F47D1082928D04D01621954F893
:10B7500005E028489388DFF8B0C001F5947550F8EB
:10B760002570D2888D009A1A93B2BFB26A1800EB86
:10B770008202BB4228BF3B46C2F800E76544C2F8DC
:10B7800004374CF82160BFF36F8FBFF34F8F1A4B14
:10B790009D4218D0043B9D4215D0F0BD154BD3F807
:10B7A000C024D1030FD494F80B1161B11349D4F81C
:10B7B0000001C3F8A007C3F8A4270E60BFF36F8F82
:10B7C000BFF34F8FF0BD0023BFF35B8F84F82031B0
:10B7D000BFF35B8FF0BD0A4B0A485A68C2F30802F8
:10B7E000003218BF0122BDE8F040FEF7E5BF00BF00
:10B7F0007076002000700240507002404870024095
:10B8000000ED00E021B702002870024001207047DF
:10B81000014B80225A60704700E100E0074BD3F8EB
:10B820000014D3F8002400200A434FF48001C3F829
:10B830000024C3F85801C3F8041370470070024095
:10B84000074B4FF4001229B9C3F80823054B83F8BE
:10B8500021117047C3F80423024B83F8211170476C
:10B86000007002407076002070B48A788C88414E57
:10B87000C97802F07F03D50905EB430006EB001001
:10B8800001F00301C4F30A04012904812BD0012132
:10B8900001FA03F4BDB1384802339940C0F80413EB
:10B8A000D0F810352343C0F81035334B42F4807183
:10B8B000C3F81825C3F80C15BFF36F8FBFF34F8F74
:10B8C000012070BC70472C4803F10C06B140C0F851
:10B8D0000413D0F8141503F594730C43C0F8144501
:10B8E00040F82350E1E7082B08D0244B186810F0EB
:10B8F0000100E6D000BE002070BC7047EDB9B6F87C
:10B9000018311BB11C4B8022C3F81C251A4A002396
:10B91000C2F85031D2F8003313F4001308BFC2F854
:10B920005431154B4FF44012C3F80423D3F81425B7
:10B9300042F48072C3F81425BEE7B6F808210E4B16
:10B940000021C3F82C1112B18022C3F81C250A4A29
:10B95000D2F8003313F4001308BFC2F85431064B79
:10B96000074AC3F80423D3F8102542F48072C3F8C1
:10B970001025A1E77076002000700240F0ED00E095
:10B98000000820001F4B80222DE9F041C3F88420DD
:10B99000BFF34F8FBFF36F8F01241B4D1B4FA0468A
:10B9A0000026A30004F10C02A11C03F1804303F55F
:10B9B0001C3308FA01F108FA02F20A43C7F8082317
:10B9C00028465E60013420229E62002119F04FFA61
:10B9D000082C05F12005E4D10D4BC7F808332022CF
:10B9E000C7F81C6500217E620A48BE6419F03FFA60
:10B9F000C7F81485C7F81085024B80225A60BDE84D
:10BA0000F08100BF00E100E090760020007002406D
:10BA1000000830007077002001F07F02082A70B41F
:10BA20004FEAD11128D0012303FA02F0C043B1B18B
:10BA3000294C951CAB40C4F80833D4F81055274B5B
:10BA40002840C4F8100501EB420103EB011100236B
:10BA5000CB72BFF36F8FBFF34F8F70BC70471E4C1C
:10BA600002F10C05AB40C4F80833D4F814551B4B55
:10BA70002840C4F81405E6E7184B03EB0110002436
:10BA8000A0F808411448D1B14FF40064C0F808434D
:10BA9000D0F8104524F48074C0F81045B3F818416C
:10BAA000B3F808510C48EC424FF0000608BF4FF4C1
:10BAB0000014C0F81C6508BFC0F80843C3E74FF482
:10BAC0008014C0F80843D0F8144524F48074C0F8FA
:10BAD0001445C0F85011E1E7007002407076002074
:10BAE00001F07F004FEAD11CF0B50CEB4005744E1D
:10BAF0002D01771985B0FC7A4CB1724B1C6814F09B
:10BB0000010401D000BE0024204605B0F0BD04F0C1
:10BB1000FF0E7251BB80A7F806E0002843D1002B2E
:10BB200057D0BCF1000F00F08E8006EB401100EB07
:10BB30008003CD8A8A8A0C8B0969521B9B0092B2C2
:10BB400003F1804303F51C33A24228BF22465E4D19
:10BB5000C3F8001600B2C3F804265C4BBFF35B8F3A
:10BB600005EB80010122D3E84F4FC3E8472F002F98
:10BB7000F9D1BFF35B8FE4B2002C40F0908045F820
:10BB80002020BFF36F8FBFF34F8F514B994202D0EC
:10BB9000043B994219D1BFF35B8F002386F8203113
:10BBA000BFF35B8F11E0BCF1000FBED106EB401676
:10BBB0000123F372BFF36F8FBFF34F8FB37A23B1BB
:10BBC000F37A03F0FF04002B74D10124204605B062
:10BBD000F0BD404AD2F88024C2F3C0126245A0D022
:10BBE0003D4D6A688DF80810C2F3080100314FF42A
:10BBF000E06218BF012101A803938DF80930ADF868
:10BC00000420FEF755FCBFF35B8F06F5907201230D
:10BC1000D2E84F1FC2E8403F0028F9D1BFF35B8F45
:10BC2000CCB2002C38D12A4A1360BFF36F8FBFF318
:10BC30004F8F1C46BFF35B8F204686F82011BFF361
:10BC40005B8F05B0F0BD0123204AF372BFF35B8F19
:10BC5000D2E84F4FC2E8413F0029F9D1BFF35B8FD3
:10BC6000E4B26CB91D4A1360BFF36F8FBFF34F8FFF
:10BC7000BFF35B8F86F820C11C46BFF35B8F43E7A1
:10BC8000154B16495A681648C2F30802003218BF0D
:10BC90000122FEF791FD37E76A680D49F3E70E4B85
:10BCA0000F485A68C2F30802003218BF0122FEF79B
:10BCB00083FD29E786F80AC0FFF782FC24E700BF6E
:10BCC00070760020F0ED00E00470024090770020D4
:10BCD000507002400070024000ED00E04C700240E5
:10BCE000ADB6020011F07F0008B512D008280BD0C5
:10BCF0000E4B41F48072C909C3F8182504D10C4BCE
:10BD000003EB40139A7A62B9BFF36F8FBFF34F8F83
:10BD100008BD064B01225A65BFF36F8FBFF34F8FEB
:10BD200008BD9972FFF74CFCEEE700BF00700240BF
:10BD30007076002011F0770F12D00A4B41F4807218
:10BD4000C3F80C15C3F80C25CA09C3F8181504BFAD
:10BD500001F5947143F82120BFF36F8FBFF34F8F2C
:10BD6000704700BF007002402DE9F04FA54BA64C74
:10BD7000D3F8000300238BB01E461F46012520FA8E
:10BD800003F11A19C9074FEA820209D5116839B1BE
:10BD900005FA03F117600E43BFF36F8FBFF34F8FA8
:10BDA0000133192BEBD1F20700F13582974D3305A2
:10BDB00008D5944BD3F8A83601229BB2A5F81631CA
:10BDC00085F81C21B70206F4800424D58D4BD3F8E6
:10BDD0001425D00540F1FC81002C00F0A182D3F89D
:10BDE0000024D20740F19C82D3F81035DA0540F1E7
:10BDF000FB8195F81C3107AF002B40F0BD82814BD1
:10BE0000D3F82035089338464FF440730121ADF83C
:10BE10001C30FEF74DFB04B37A4AD2F8004440F2DE
:10BE200001732340C2F80034E30500F15682670530
:10BE300010D5744B0122C3F808259A65D3F8002366
:10BE400012F4001208BFC3F854216E4B4FF40012D5
:10BE5000C3F80423A00500F1358231023DD5694BBA
:10BE6000D3F880C4D3F88414D3F888E4D3F88C745E
:10BE7000D3F89084D3F89444D3F89804D3F89C244E
:10BE80005FFA8CF35FFA80FCD0B25A06C9B25FFA4F
:10BE90008EFEFFB25FFA88F85FFA84F901D10529B6
:10BEA0001BD00024224668F3070263F3070461F302
:10BEB0000F2469F30F226EF317446CF3174260F3FB
:10BEC0001F6267F31F644FF4C063012107A8CDE927
:10BED0000842ADF81C30FEF7EBFA4D4B3340002B17
:10BEE00040F09181DFF82491464F4D46CA4609F54E
:10BEF000907800241DE02B44DA7A002A00F0D781E4
:10BF0000DA88AAF804200022DA72D98809914FF45D
:10BF1000E063012107A88DF820B08DF82120ADF84D
:10BF20001C30FEF7C5FABBF1080F47D001340AF107
:10BF3000200A04F10C0326FA03F3DB075FFA84FB03
:10BF4000F1D504EB840307EB8303DAF80020D3F880
:10BF50000807630112FA80F2E918CAF80020CA88BB
:10BF600080B2024492B2082CCA80C4D0BAF8082029
:10BF70008242C0D1CA88BAF804109142BBD9BBF141
:10BF8000000FD0D10122BFF35B8FD8E84F3FC8E844
:10BF9000412F0029F9D1BFF35B8F13F0FF0F40F061
:10BFA00052821C490A60BFF36F8FBFF34F8FBFF3FC
:10BFB0005B8F85F82031BFF35B8FB7E7164B3340BB
:10BFC000002B00F002810F4BD3F86C240192C3F8D0
:10BFD0006C24BFF36F8FBFF34F8F16F4806600F0B1
:10BFE0006E81D3F88024D3F8803483F08003C3F3C8
:10BFF000C0130593C2F3C0130493DFF808A0002414
:10C00000A84613E000700240409C001070760020AB
:10C01000FCFB1F004C70024000040001002C00F0EB
:10C02000F281072E52D0013409F120090199E14033
:10C0300004EB8403C9070AEB830308EB4412E6B25E
:10C04000ECD5D3F80816D9F81070C9B20F44C9F866
:10C050001070D08A014489B2D182A849D08AB9F837
:10C06000145061188900854202914FF0010C66F06E
:10C070007F0103914FF4E06B4FF0000E614607A87B
:10C0800040F2B480D18AB9F81820C3F800766D1A4E
:10C09000ADB2954228BF1546994AC3F80456BFF37E
:10C0A0005B8FD2E84F3FC2E841CF0029F9D1BFF3FF
:10C0B0005B8F13F0FF0F40F0ED80029BC3F800C0D0
:10C0C000BFF36F8FBFF34F8F072EACD1019BDB0304
:10C0D000454601D4059B43B1EB7A23B1EB88AA888E
:10C0E0009A4200F271810123AB72019B9F030BD531
:10C0F00095F82B3023B1EB8CAA8C9A4200F2888100
:10C10000012385F82A30019B5E030DD595F84B304D
:10C1100033B1B5F84630B5F844209A4200F27D813B
:10C12000012385F84A30019B1C030DD595F86B302F
:10C1300033B1B5F86630B5F864209A4200F27E81DA
:10C14000012385F86A30019BD8020DD595F88B3014
:10C1500033B1B5F88630B5F884209A4200F23881C0
:10C16000012385F88A30019B99020DD595F8AB30F3
:10C1700033B1B5F8A630B5F8A4209A4200F22D816B
:10C18000012385F8AA30019B5A020DD595F8CB30D2
:10C1900033B1B5F8C630B5F8C4209A4200F2228116
:10C1A000012385F8CA30019B1B020ED595F8EB30B0
:10C1B000002B00F0F380B5F8E630B5F8E4209A42A1
:10C1C00040F2EC800720FFF7FBF90BB0BDE8F08FE1
:10C1D000D3F81025D1053FF50CAE95F821211AB9F9
:10C1E0004FF40012C3F8082307AF08E6D38A099377
:10C1F0009DF80C30ADF81CB08DF820308DF821E0A2
:10C20000FEF756F90DE70023BFF35B8F85F8203169
:10C21000BFF35B8F66E63B4B3B4A3C4D3C480024FA
:10C220000127C2F81475C2F81075546094625C60FE
:10C230009C629C60DC62DC601C631C615C635C6112
:10C240009C639C61DC63DC611C6454629464C2F88E
:10C250005841D2F80034D2F800140B43C2F800342D
:10C26000D2F80033C2F808332146C2F80403284646
:10C270004FF4927218F0FBFD40234FF48072394660
:10C2800007A82B832B818DF82040ADF81C20FEF7EA
:10C290000FF98CE51F4B20485A680299C2F3080237
:10C2A000B2EB0E0218BF0122FEF786FAB9E61B4B6D
:10C2B0001B68D80789D500BE0BB0BDE8F08FCDE96B
:10C2C00004669AE600220523012107A88DF81C20A8
:10C2D0008DF81D30FEF7ECF8BFE50121C2F82C15F2
:10C2E0000423002207A88DF81C208DF81D30FEF7CE
:10C2F000DFF867057FF5AEAD9BE500BF019C001040
:10C300009077002004700240007002407076002098
:10C310000514C00100ED00E0ADB60200F0ED00E054
:10C320004F4BBFF35B8F0122D3E84F1FC3E8402F71
:10C330000028F9D1BFF35B8F11F0FF0F32D1494BC9
:10C34000D3F8C004C70352D495F80B1101F0FF07CE
:10C35000002967D04449D5F80071C3F8A077C3F825
:10C36000A4070A60BFF36F8FBFF34F8FD3F8103568
:10C37000D8053FF53EAD37E7B5F8163109930022F1
:10C3800085F81C2188234FF4E06238460121ADF87E
:10C390001C20ADF82030FEF78BF830E5012385F83E
:10C3A000EA3012E7314B32485A68C2F308020032D1
:10C3B00018BF01220821FEF7FFF92A4BD3F81035E8
:10C3C000DB053FF516AD0FE70020FFF7F9F88CE627
:10C3D0000420FFF7F5F8019BC6E60520FFF7F0F80B
:10C3E000019BD1E60620FFF7EBF8019BDCE6BFF3EB
:10C3F0005B8F85F82011BFF35B8FD3F81035DF0515
:10C400003FF5F7ACF0E6049900293FF40CAE18E6CE
:10C410000120FFF7D5F8019B76E60220FFF7D0F860
:10C42000019B81E6BFF35B8F85F82071BFF35B8FC3
:10C43000D3F81035D9053FF5DCACD5E60320FFF77E
:10C44000BFF8019B80E6094B0A485A680A49C2F3C3
:10C450000802003218BF0122FEF7AEF966E500BF00
:10C4600090770020007002404870024000ED00E02C
:10C4700021B70200ADB602004C70024030B5012871
:10C4800085B000F09F8057D3022840D1BA4BD3F833
:10C490000435002B40F0D780B74AD2F800341C0591
:10C4A000FBD54FF40063C2F80034BFF36F8FBFF3C6
:10C4B0004F8FB24AB24B12681B68082A00F0D7802F
:10C4C000AD4BB04D80240122C3F81C45C3F80423B2
:10C4D000C5F88441FDF7D8FA002840F0F880AA4D4D
:10C4E00043F204044FF080432268AA4211D0D3F8EB
:10C4F0000C14D3F80C24D003F6D5CA07F4D59E4B00
:10C500000122C3F80425BFF36F8FBFF34F8F05B02F
:10C5100030BD04AA002102F80C1D1046FFF74EF8AA
:10C520009DF804000028E2D010460191FFF744F87E
:10C53000019A002AD8D0E2E78F4BD3F80025002AD1
:10C54000E5D14FF480014FF40062C3F80813C3F83B
:10C550000024BFF36F8FBFF34F8F884B1B68082BEE
:10C5600000F0B780844B0122C3F80025BFF36F8F22
:10C57000BFF34F8F43F2040203F18D5303F577238A
:10C58000126803F2DB539A4200F0CA804FF08043F6
:10C59000D3F80C24D3F80C34D90301D5D207B6D480
:10C5A00043F20402784B12689A4200F01881774BEC
:10C5B00000221A601B6801934FF080430122019909
:10C5C0001A60A4E76C4BD3F80025002A9FD0002204
:10C5D000C3F80425BFF36F8FBFF34F8F69498020E5
:10C5E000C1F88400BFF34F8FBFF36F8FD3F80013F0
:10C5F000C3F80813C3F80025BFF36F8FBFF34F8F45
:10C6000043F2040103F18D5303F57723096803F224
:10C61000DB53994200F0998001AB5D4A0121116022
:10C620005C4A5168C1F30801003118464FF000021E
:10C630004FF0020318BF01218DF804208DF805305A
:10C64000FDF736FF63E743F204024F4B12689A424C
:10C6500000F0B0804FF08043D3F80C24D3F80C34B2
:10C66000DB037FF519AFD5077FF516AF4FE7032B37
:10C670000AD8494A1168002940F09880474C49F28D
:10C6800075301060216010605A1E022A10D8424A8C
:10C690001168002967D1424D3848394B00681B6842
:10C6A00049F2753414602960146008287FF408AFDB
:10C6B000032B3FF605AF3B493B4B40F2E370402272
:10C6C00008601A60BFF36F8FBFF34F8FF8E66C609E
:10C6D00005E72B4B1B685A1E022A12D82E4B1A68EC
:10C6E000002A40F08E802E4949F2753203201A60EC
:10C6F00008601A60214A224B12681B68082A7FF4DE
:10C7000031AF032B3FF62EAF234B1A68002A74D1AA
:10C71000224949F27532C0201A6008601A6021E788
:10C7200004AB002203F80C2D1846FEF747FF9DF8D6
:10C73000041000293FF42AAF18460192FEF73CFF8F
:10C74000019B002B7FF4E3AE2AE704AB03F80C2D2A
:10C750001846FEF733FF9DF80420002A3FF45DAF32
:10C76000FEF728FF5CE70549054B0D4A08681B6882
:10C770000021116099E700BF0070024030010010F5
:10C780003401001000E100E0DBE5B15100010040A0
:10C790000400004000ED00E000EC064014EC064010
:10C7A00014ED06400078024004780240174A002148
:10C7B000116069E704AB002203F80C2D1846FEF760
:10C7C000FDFE9DF8041000293FF444AF1846019285
:10C7D000FEF7F2FE019B002B7FF499AE5CE604A805
:10C7E000002300F80C3DFEF7E9FE9DF80430002B15
:10C7F0003FF4DDAEFEF7DCFE89E6044BC0221A6092
:10C80000B0E6034B03221A6074E700BF14EC064045
:10C8100014ED0640F8B5037813F0010405D106784D
:10C82000C6F3800626B12046F8BD00242046F8BD98
:10C830000F4605464FF0FF3138460FF085FE2A7847
:10C8400012F001040FD12B785B0704D42B7843F04E
:10C8500004032B700124002338461A4619460FF0B2
:10C8600057FA2046F8BD3446F5E700BF70B50546D7
:10C870000E4608464FF0FF310FF066FE2878C0F3F1
:10C88000800444B90024002330461A4619460FF0AC
:10C890003FFA204670BD2B7813F00102F2D12B78BD
:10C8A00062F382032B70EEE710B4C378848803F040
:10C8B0000303022BC4F30A0426D019D8012B04D099
:10C8C000002318465DF8044B7047022940F2FF32FE
:10C8D00008BF4FF48062A242F3D21A4B1B6813F0D8
:10C8E0000103EED000BE002318465DF8044B7047EC
:10C8F000022914BF40234FF48063A342EDD30123E8
:10C9000018465DF8044B704702290BD012B1B4F5FC
:10C91000007F11D0A4F108039BB2182B06D9402C3C
:10C92000EDD0DAE7B4F5007FD7D1E8E7064A22FA7E
:10C9300003F3DB07D1D5E2E700244021134644711D
:10C940000171BEE7F0ED00E0010100010A449142EF
:10C9500016D230B44C78052C05D00C7821448A428C
:10C96000F8D830BC70478C7804F07F0500EB4505A3
:10C97000E4092B550C7821448A42EBD830BC70472F
:10C98000704700BF2DE9F04182B00678089DBDF8E0
:10C990002470009361F300060446294600F8086BF2
:10C9A000012316463A46BDF82C80FCF76DFE05B112
:10C9B0003FB90A9B63600120A4F8028002B0BDE881
:10C9C000F08104F11C0101200FF07CFB26B9034625
:10C9D0003046C4E90503ECE70023FAE710B5044646
:10C9E000406908B10FF066FFA06908B10FF062FF5F
:10C9F000012010BDF0B50B460D4613F8081B83B09F
:10CA000011F0020F0746184640F2FF130CBF3F24F7
:10CA10001C461646FCF774FEE8B9E6B126421AD168
:10CA20002B786978DA07384618D5FEF707F990B100
:10CA30002B78697813F0010313D000233846CDE931
:10CA400000331A46FEF73EF930B9084B1B68DB0786
:10CA500001D500BE00E0002003B0F0BDFDF714FFDB
:10CA6000E5E738461A46FDF72FFFEDE7F0ED00E069
:10CA700070B501F1080582B0064628460C46FCF761
:10CA80003FFE38B123786178DB07304605D5FEF7E5
:10CA9000D5F830B9002002B070BDFDF7F5FE0028D2
:10CAA000F8D0284662886168FCF754FE054690B1CC
:10CAB000237862686178D80717D50023CDE9003361
:10CAC00030462B46FEF7FEF8B0B90C4B1B68DB076F
:10CAD000E0D500BEDFE72078617810F00104304631
:10CAE00008D1FDF7E1FE2046D5E730462B46FDF79D
:10CAF000EBFEE9E7FEF7C8F82846CCE7F0ED00E0EA
:10CB00002DE9F0418A890B7882B00C460646E2B9DD
:10CB1000DD07497857D5FEF791F800284FD02278E5
:10CB200063886178D20751D5002B5DD062680025FB
:10CB30003046CDE90055FEF7C5F800284DD1374BFA
:10CB40001B68DB073BD500BE3AE003F0020301F1AE
:10CB50000808002B40460CBF40274FF40077304DAB
:10CB600008BF6FF03F05FCF7E3FD874227D8237825
:10CB70006178DB07304634D5FEF760F8F8B14046FF
:10CB8000FCF7D6FD874233D805EA00026588237892
:10CB9000617890B2854228BF0546DA0732D5002D6C
:10CBA00037D062680023CDE9003330462B46FEF7CC
:10CBB00089F80028C3D0284602E0FEF765F8002077
:10CBC00002B0BDE8F081FDF75FFEA6E773B16268D1
:10CBD0003046FDF779FE0028B1D0608802B0BDE88C
:10CBE000F081FDF751FEC9E71A46A0E71A46EFE7C4
:10CBF0002078617810F001043046DED1FDF754FE54
:10CC00002046DDE73DB1626830462B46FDF75CFE0D
:10CC1000CFE72A46C6E72A46F6E700BFF0ED00E078
:10CC200000FEFFFF704700BF08460EF0ADBF00BF1B
:10CC300010B5034B036004460DF072FF204610BD93
:10CC4000547A04002DE9F0472C4B846D2C4E036080
:10CC50000546296E084659B123680A685B682A664A
:10CC6000B3423DD10EF090FF296E08460029F3D162
:10CC7000B5F88820D5F858A0D5F8843005F16408B7
:10CC8000CAB1DFF87C900C460F4603EBC40671680E
:10CC9000084641B1DAF800305B684B4523D10EF00D
:10CCA00073FFD5F884303760B5F888207760611C51
:10CCB0008CB2A242E9D800214FF6FF729845A5F840
:10CCC0008810A5F88C2008D0DAF800200C495268AA
:10CCD0008A420DD118460EF057FF2846BDE8F0876E
:10CCE00020469847B5E750469847D5F88430DAE7AC
:10CCF0005046194690472846BDE8F087EC78040076
:10CD000029CC020010B5054B036004460DF008FF66
:10CD1000204611F0A9F9204610BD00BF547A040046
:10CD20003E48F8B54FF4E1310446F9F737FC01E02D
:10CD300011F09EFC2046F9F74FFC0028F8D00022A5
:10CD40001146374801F088F990B9364933480EF05A
:10CD50004BFD0023344A35486A210EF0C1FB88B9E7
:10CD600033492E480EF040FD0A200EF0D9FEFBE7B5
:10CD70002B4806F0BDFA0028EBD12E4927480EF0CB
:10CD800033FDE6E72C4C284A20461C210DF014FD0B
:10CD90000028E5D02548294F294E2A4D0EF0E4FB06
:10CDA000386022480EF0E2FB306038682C6000F0FA
:10CDB00057FA306800F054FA286800F051FA002160
:10CDC0001A480EF0F1FB002118480EF029FC20460D
:10CDD00000210DF087FE042114480EF0C9FB042148
:10CDE00012480EF001FC204607210DF059FD2046A7
:10CDF00001210DF01FFD002120460DF057FE9FED93
:10CE0000120A124808F046FD0EF07EFE104B114942
:10CE100018600548BDE8F8400DF0AEB93863002051
:10CE20009C77002010720400988500209C800020D0
:10CE30005472040038720400748000209877002037
:10CE400070800020F08000200000C842347800206C
:10CE5000F4800020801A0600F0B55B4C9DB00EF007
:10CE600053FE2368C01A092801D81DB0F0BD0EF08A
:10CE70004BFE564B20601868554C036801A9DB68CF
:10CE80009847544B186803680AA9DB689847524BC7
:10CE90001868036813A9DB68984713A94F4800F086
:10CEA00067FB01A94D4800F063FB0AA94B4800F05D
:10CEB0005FFBDFED4B7A9DED111ADDED100A9DED64
:10CEC0000F0A9DED1A4ADDED193A9DED183ADDED98
:10CED000082A9DED072ADDED061A21EE271A60EEDD
:10CEE000A70A20EE270A204609F02CFA3D4A1378BB
:10CEF0000A2B03D8013313701DB0F0BDE7683A491F
:10CF00003A486568A668002313700EF0F7FB3846B0
:10CF100017F01CF941EC100B022134480EF02EFCE6
:10CF2000334932480EF0EAFB304617F00FF941EC76
:10CF3000100B02212D480EF021FC2D492B480EF03C
:10CF4000DDFB284617F002F941EC100B02212748BF
:10CF50000EF012FDE76B27492448266C656CA46C23
:10CF60000EF0CCFB384617F0F1F841EC100B042121
:10CF70001E480EF003FC1E491C480EF0BFFB304655
:10CF800017F0E4F841EC100B042118480EF0F6FB02
:10CF9000174916480EF0B2FB284617F0D7F841ECB7
:10CFA000100B042111480EF0E9FB11490F480EF057
:10CFB000A5FB204617F0CAF841EC100B04210B48E2
:10CFC0000EF0DAFC51E700BFF480002098770020D3
:10CFD0003478002070800020F08000209C770020B2
:10CFE000E02E654294770020EC7104003863002045
:10CFF000FC7104000072040010B5044611F034F80E
:10D00000204610BDF8B5104F104C114E114D38464A
:10D010000DF0C8FB22461049384615F05BFF30463C
:10D020000EF01EFB22460D49304615F053FF0C4B07
:10D030000C4A1A60284600F0EDFF224628460A49AD
:10D04000BDE8F84015F046BF748000200060002065
:10D050009C8000209C77002025CC020031CC02006F
:10D06000347800200079040045CC020010B483B06D
:10D0700002AB03E906009DF805309DF80410026834
:10D0800013F1FF3318BF012300240229C2F8004521
:10D090001C460374C17332D003292DD0012925D039
:10D0A000224B0099B3FBF1F3B3F5007FC2F854456E
:10D0B0001FD2FF2B0FD87F2B24D83F2B25D81F2B17
:10D0C00026D80F2B27D8072B02D819498A4225D0FA
:10D0D0004FF0004101E04FF080610723C2F82415B2
:10D0E000C2F8003503B05DF8044B704743F002040A
:10D0F000D6E74FF00071F0E743F00604D0E743F0C5
:10D100000404CDE74FF00061E7E74FF08051E4E71A
:10D110004FF00051E1E74FF08041DEE7042B34BFD0
:10D120004FF0A0514FF02061D7E700BF0090D0032F
:10D1300000F0024003680022C3F80025704700BFDA
:10D14000002B3AD02DE9F047814684B00D461746B2
:10D150001E464FF6FF784FF0000A4645344628BF7A
:10D160004446002D14BF2346002300950297361B2A
:10D1700001938FB1002269464846039411F048F8A4
:10D1800005B125442744002EE7D104B0BDE8F0875F
:10D19000CDE900550295361B002269464846CDF878
:10D1A0000CA011F035F84DB94645344628BF444629
:10D1B000002EEDD104B0BDE8F08770472544002E65
:10D1C000CBD1E2E78AB32DE9F041074684B00D46A2
:10D1D00014464FF6FF784445264628BF46460022AF
:10D1E000694638460095A41B55B1CDE90165039603
:10D1F000354411F00DF8002CEDD104B0BDE8F081FC
:10D200004FF6FF7604E0B442009594BF241BA41BA4
:10D21000002269463846CDE90155039510F0F8FF24
:10D22000002CF0D104B0BDE8F0817047094A0A4BE8
:10D2300030B4D2E91910146E1C7300220124074D7A
:10D240001C7198735973DA731A741D605A749A605A
:10D2500030BC7047647A0400F880002000F002407F
:10D2600000B503688BB01B696946984786498748B3
:10D270000EF09AFA864985480EF02EFA69468348E0
:10D280000EF0B2FA834981480EF026FA9DF8143068
:10D29000013B1E2B24D8DFE813F0F200ED00E8007C
:10D2A000E300DE00D9002300D400CF00CA00C5008F
:10D2B000C000BB00B600B100AC00A700A2009D00FA
:10D2C000980093008E00890084007F007A0075002A
:10D2D00070006B0066001F006F496C480EF0FCF98F
:10D2E0006A480EF079FA6D4968480EF0F5F90A229D
:10D2F000039966480EF090FA694964480EF0ECF91B
:10D300000A22049961480EF087FA66495F480EF0D8
:10D31000E3F9079816F01AFF41EC100B02215B4865
:10D320000EF02AFB604959480EF0D6F9069816F01F
:10D330000DFF41EC100B022154480EF01DFB5B4920
:10D3400052480EF0C9F9089816F000FF41EC100B96
:10D3500002214E480EF010FB55494C480EF024FABD
:10D360000BB05DF804FB534948480EF0B5F9B7E738
:10D37000514946480EF0B0F9B2E7504943480EF023
:10D38000ABF9ADE74E4941480EF0A6F9A8E74D4983
:10D390003E480EF0A1F9A3E74B493C480EF09CF93A
:10D3A0009EE74A4939480EF097F999E748493748C6
:10D3B0000EF092F994E7474934480EF08DF98FE763
:10D3C000454932480EF088F98AE744492F480EF063
:10D3D00083F985E742492D480EF07EF980E74149FF
:10D3E0002A480EF079F97BE73F4928480EF074F996
:10D3F00076E73E4925480EF06FF971E73C4923482E
:10D400000EF06AF96CE73B4920480EF065F967E7D2
:10D4100039491E480EF060F962E738491B480EF0A2
:10D420005BF95DE7364919480EF056F958E735497A
:10D4300016480EF051F953E7334914480EF04CF9F1
:10D440004EE7324911480EF047F949E730490F4895
:10D450000EF042F944E72F490C480EF03DF93FE742
:10D460002D490A480EF038F93AE72C4907480EF0E2
:10D4700033F935E72A4905480EF02EF930E72949F6
:10D4800002480EF029F92BE76C7204003863002083
:10D4900094720400A47204009C750400AC7504002E
:10D4A000BC750400CC750400DC750400EC75040048
:10D4B000FC750400847504006C750400407504005C
:10D4C00014750400E8740400C07404009874040027
:10D4D0007074040050740400387404002074040054
:10D4E000FC730400D4730400C4730400B473040018
:10D4F000A873040098730400847304006C73040020
:10D500005C73040040730400307304002073040053
:10D510001073040004730400F0720400D872040055
:10D52000C8720400B4720400F0B40E4E0E4DDFF861
:10D530003CC004460FCE0027256004F12805676033
:10D54000A760E76027616761A761E761276267629B
:10D550000FC50FCE0FC533682B602046C4F84CC0F2
:10D56000F0BC7047387604002C7604000000484276
:10D570000346886802281FD0042803D0012859D008
:10D580000020704793ED046AD1ED056A91ED067AAB
:10D59000D1ED077A76EEC66A0120C1ED056AD3EDBA
:10D5A000056A37EE667A81ED067A93ED067A77EEB4
:10D5B000C77AC1ED077A7047D3ED083AD1ED067A04
:10D5C00093ED0B7A93ED074A91ED056A93ED0A5AB4
:10D5D000D3ED094AD1ED076AD3ED0C5A77EEE37A21
:10D5E00036EE446A27EE877A76EEE46AA5EE067A8E
:10D5F0000120A5EEA67A81ED057A93ED0E7A93EDE2
:10D600000D5AD3ED0F5A27EE877AA5EE067AA5EECE
:10D61000A67A81ED067A93ED115AD3ED105A93ED67
:10D62000127A67EE857AE5EE867AE7EE267AC1ED24
:10D63000077A704793ED016AD1ED056A91ED067A9C
:10D64000D1ED077A76EEC66AC1ED056AD3ED026ABE
:10D6500037EE667A81ED067A93ED037A77EEC77A34
:10D66000C1ED077A704700BF704700BF037C13F01D
:10D67000080306D0C36A406A181A48BF6FF000401A
:10D6800070471846704700BF084611460EF092BA20
:10D6900008460EF05FBA00BF103011F08DBC00BF1D
:10D6A00000B583B0002301220DF10701103011F005
:10D6B000F7FC01280CBF9DF807004FF0FF3003B0C6
:10D6C0005DF804FB103012F0D5B800BF103012F036
:10D6D0002DB900BF00B583B002AB012203F8011DD4
:10D6E0001030194612F022F903B05DF804FB00BFB8
:10D6F0002DE9F0438A8ECE6A4FF6FF739A4283B0CB
:10D700000C46054615D0D00906EBC00002F07F019B
:10D71000436833F83100A08603EBC10300204FF6C5
:10D72000FF71187128462B60AA80D98003B0BDE82C
:10D73000F083098ED4F8008081BB638E002B6BD000
:10D7400001235B4A238637464FF480604FF08009FF
:10D75000D8F800301B68934259D10EF0FBF900282D
:10D760004FF0000308BF4FF000097B80A7F800903E
:10D77000228E7860013A91B206EBC100436833B360
:10D7800036F831604288964221D9561C13EBC20309
:10D7900046801CD002EBC11292B2BFE74A1E90B283
:10D7A00006EBC0077B68EBB17A8836F830C0944549
:10D7B00018D902F1010C13EBC203A7F802C011D073
:10D7C00002EBC01292B2A9E7B1F5007F24D101218A
:10D7D00000224FF6FF73284621712A60AB8003B008
:10D7E000BDE8F083638E8B42EED0314A4B1C9BB276
:10D7F000B3F5007F238606EBC1070BBF4FF47E70A5
:10D800004FF480604FF07F094FF08009A0E7014698
:10D8100040469847E66AA2E7490004F10C098FB236
:10D82000B1454FEAC701D8F800300ED09B68214AB5
:10D83000934231D130460EF0BDF90646002EC6D0D7
:10D840001B4AE6626786218ED0E7194A1B6801925F
:10D85000934227D108460EF07DF9019A0646002E24
:10D86000B5D0D9F80000D9F80410D9F80830D9F8A3
:10D870000CC0C6F80CC030607160B360D9F81000FD
:10D88000D9F81410D9F81830D9F81CC0C6F81CC043
:10D8900030617161B361D4E70A464046314698472A
:10D8A0000646CBE740469847019A0646D7E700BFB1
:10D8B00091D6020089D602002DE9F04F02798BB093
:10D8C000D30707908A4600F12D81D70614D5079C0F
:10D8D00023884FF6FF72934217D0DAF82C20BAF85B
:10D8E0003400D90902EBC10203F07F01526822F82B
:10D8F0003100AAF83430227912F0600F08D1079A6B
:10D90000002313710BB0BDE8F08F00231B80FFDEF6
:10D91000079B1B8804931A464FF6FF739A4200F048
:10D92000FC809B4611E0059A00231371DDE9021289
:10D93000BAF8343022F83130BDF81030AAF834305B
:10D94000069B04935B4500F0E8800499DAF82C30DC
:10D95000CA0903EBC20301F07F025B68039303EB88
:10D96000C20305931C79DB880292E607069300F157
:10D97000A880E50615D5DDE9022333F832305B4592
:10D98000C3D0DAF82C20BAF83400D90902EBC1026E
:10D9900003F07F01526822F83100AAF83430059B69
:10D9A0001C7914F0600FBED0DDE9022333F8329009
:10D9B000D9450CD17EE000223A71BAF8342028F81B
:10D9C0003320AAF83490DDF80490D94572D0DAF803
:10D9D0002C304FEAD91203EBC20209F07F03D2F8D0
:10D9E000048008EBC3073979FA880192C8073CD450
:10D9F000CA0612D538F833205A4586D0DAF82C10EA
:10DA0000BAF83440D00901EBC00102F07F00496848
:10DA100021F83040AAF83420397911F0600FCAD0CB
:10DA200038F833405C451BD0CDE90873DAF82C3068
:10DA3000E20903EBC20304F07F075E6806EBC7034D
:10DA40005146DD881846FFF737FFBAF8341026F83C
:10DA500037105D45AAF834402C46E7D1DDE908735C
:10DA60004FF0FF3248F83320A5E7DAF8084058F8BD
:10DA70003300DAF80050002CBAD0A04201D174E093
:10DA800014462268002AB3D09042F9D18288013A24
:10DA900092B28280002A66D1026822602A684749D1
:10DAA000526808938A4240F083800EF06DF839790D
:10DAB000089B9DE7DDE902124FF0FF3342F8313059
:10DAC00031E7DDE90213DAF8082053F83100DAF81B
:10DAD0000050002A3FF44DAF904201D155E01A4664
:10DAE0001368002B3FF445AF9842F8D18388013B7F
:10DAF0009BB2838073B9036813602B682F4A5B68FD
:10DB0000934204D10EF040F8059B1C7931E70146A1
:10DB100028469847059B1C792BE7079A4FF0FF335F
:10DB20001360ECE68C6800680D68002C3FF4CDAE05
:10DB3000A04201D133E01C462368002B3FF4C5AE60
:10DB40009842F8D18388013B9BB28380D3B90368A4
:10DB500023602B68194A5B68934210D10EF014F8C9
:10DB6000079B1A79B1E6397942E78288013A92B285
:10DB70008280002AF7D10268CAF808208EE70146A1
:10DB800028469847079B1A799FE68388013B9BB2FA
:10DB90008380002BBED10368CAF80830ADE78388C4
:10DBA000013B9BB28380002BECD103688B60D0E7F4
:10DBB0000146284690473979089B19E729CC02008D
:10DBC0002DE9F04F0B7883B02B2B0C46009000F022
:10DBD000E2802D2B12D000220192A3F1300B5FFACC
:10DBE0008BFBBBF1090F14D92E2B00F00881009A92
:10DBF00000231370104603B0BDE8F08F4B78A3F1FB
:10DC0000300B5FFA8BFB0122BBF1090F0192144428
:10DC1000EAD85FFA8BFB4FF0000C002000214FF098
:10DC20009939DFF89CA30EE08A4508BF81453FD3B0
:10DC300080197941061841EB0107BB4208BFB24287
:10DC40003046394634D314F8015F0A46A5F130084E
:10DC500010EB0B0142EB0C025FFA88F808469300C8
:10DC60005FFA88FB4FF0000CB8F1090F114643EA48
:10DC700090774FEA80066FEA0B026FEA0C03D3D964
:10DC8000002D40F0B881019B002B00F0F080B1F135
:10DC9000004F08BF01280BD2404261EB4101022333
:10DCA000009AC2E902011046137003B0BDE8F08F7C
:10DCB000BB4F4FF000094FF0FF360A22002316F049
:10DCC000B5FE8F4209F1010908BF86420FFA89F9B2
:10DCD000F3D3B8F1090F09D814F8015FA5F13003A7
:10DCE00009F10109092B0FFA89F9F5D92E2D00F058
:10DCF0008A8005F0DF03452B4E4651D0002D7FF47E
:10DD000076AF06F126034C2B00F2B380002908BF42
:10DD1000B0F5000F80F0AD8007EE900A002EF8EE0F
:10DD2000E77A40F31F819F4BF40744BF93ED007ADD
:10DD300067EE877A721023D0D00744BF93ED017A43
:10DD400067EE877AB2101BD0D10744BF93ED027AF9
:10DD500067EE877AF21013D0D20744BF93ED037AAF
:10DD600067EE877A32110BD0012A03D193ED047A42
:10DD700067EE877A720903D093ED057A67EE877AAA
:10DD8000019B0BB1F1EE677A009A0123C2ED027A92
:10DD9000137010462FE700224B78019201341CE7E4
:10DDA00065782D2D00F0AF802B2D00F0C280A5F1FD
:10DDB0003003DAB2092A04F101049FD803EB090207
:10DDC000B2F59A7F00F3B0804FF0000C07E002EB51
:10DDD000470303EB0902B2F59A7F00F3898014F838
:10DDE000015FA5F13002D6B2092E03EB8307EED90D
:10DDF000BCF1000F00F0A780A9EB03067EE700202E
:10DE000000214FF000096578A5F1300C5FFA8CFC19
:10DE1000BCF1090F04F101043FF66BAF5EA3D3E937
:10DE2000002382468B465B454FEA8B0508BF52456F
:10DE30004FEA8A0645EA9A770DD31AEB06004BEBB8
:10DE400007010018494109F1FF3910EB0C0A41F1B3
:10DE5000000B0FFA89F914F8015FA5F1300C5FFA95
:10DE60008CFCBCF1090FDED95046594641E703232B
:10DE700016E716F08DF9002E40F385804A4CF50721
:10DE800000F1A080731025D0DA0700F1A080B31054
:10DE900020D0DB0700F1A080F3101BD0DF0700F1DA
:10DEA000A080331116D0DD0700F1A080731111D0CE
:10DEB000DA074DD4B3110DD0DB074ED4F31109D0DE
:10DEC000DF0756D4331205D0DD0757D4730A1CBFC1
:10DED00036490020019B13B101F100431946009A15
:10DEE0000423C2E902011046137003B0BDE8F08FAD
:10DEF000BCF1000F18D000994FF0004201230846F2
:10DF00008A600B7077E6A578A5F13003DAB2092AAA
:10DF100004F102043FF6F2AE03EB0902B2F59A7F78
:10DF2000E9DC4FF0010C5AE7019B002073B920494E
:10DF3000D5E7A578A5F13003DAB2092A04F1020485
:10DF40007FF63CAFDAE609EB0306D7E61949C6E7E8
:10DF5000D4E90A2316F052F9ACE7D4E90C2316F001
:10DF60004DF9ABE7C6F100033FF40AAF1E46124B72
:10DF7000DAE6D4E90E2316F041F9A3E7D4E9102339
:10DF800016F03CF9A2E7C6F10003A3D01E460B4CE5
:10DF900075E700BFAFF300809899999999990100AE
:10DFA000FFFF0F00AC760400107704000000F87F3C
:10DFB0000000F07F0000F0FF94760400C8760400B3
:10DFC00099999919D4E9002316F018F95AE7D4E978
:10DFD000022316F013F95AE7D4E9042316F00EF9D8
:10DFE0005AE7D4E9062316F009F95AE7D4E90823D9
:10DFF00016F004F95AE7B1F5801F08BF0028BFF4F6
:10E0000057AE4FF0000971E610B5044610F02CF839
:10E01000204610BD38B50446FFF786FA0C4B236046
:10E020004FF6FF72002304F164000A4D84F8943027
:10E030004FF48021A4F89620C4E92101A565C4E924
:10E04000143384F85C302366A4F88C20204638BD55
:10E05000EC7804001C6100202DE9F0438046AFB04D
:10E0600089461446002A77D0C8F8502000245E491B
:10E070005E485F4E5F4F0DF0B7FB4FF47A75234655
:10E08000D8F850105C4A0194ADF810408DF8124059
:10E090001B94ADF878408DF87A401EA81EAC02950E
:10E0A0001C9500961A9610F0B1FE0FCC04AD0FC56A
:10E0B0000FCC0FC5DDE91B1220681D9B28604B4C5F
:10E0C0004E4D0393CDE901121FE012F071F939466C
:10E0D00020460DF013FB1AA920460DF00FFB9DF80A
:10E0E0004430454913F0D00F204609D129460DF0A0
:10E0F00005FB18990A2220460DF012FB40492046E4
:10E100000DF072FB11A810F01FFE00231A464FF409
:10E110007A7C04A911A8CDE90D63ADF844308DF8DF
:10E120004630CDF83CC011F029FA9DF84430502219
:10E130001AA911A8002BC8D1B9F1000F05D0C8F851
:10E14000549001202FB0BDE8F0832E4BC8F8543016
:10E1500001202FB0BDE8F083012221462A4812F0A9
:10E16000FDFF0028EED029492048294D0DF0C6FAC0
:10E17000284813F0C7F9102201461C480DF0C4FBD3
:10E1800025491A480DF0BAFA224813F0B7F90A22C5
:10E19000014616480DF0B8FB2346284601221A49CD
:10E1A00012F062FC68B11D4810F0CEFD184901F272
:10E1B000444010F0E3FE60B1194BC8F850501D60A8
:10E1C00054E7034602461049284612F04DFC002849
:10E1D000E9D1144905480DF007FB134903480DF038
:10E1E00003FB0020AEE700BF747804003863002012
:10E1F000647604008C780400887804009078040029
:10E20000947804009C78040080850020F477040052
:10E210001881002084850020007804005C8500209F
:10E22000BC90002010780400447804000000000036
:10E230002DE9F04F2DED028B03790C4613F0100100
:10E2400089B007460DD001884FF6FF7081424ED04D
:10E25000D06ACA0900EBC20001F07F02416801EBFD
:10E26000C201023B26683E2B00F20A83DFE813F06E
:10E2700041006E00B8007D00AA00080308030803EF
:10E28000E9000803E7010803300108030803080355
:10E290000803080308030803080308030803080326
:10E2A000CD0108030A0108035F0208030602080300
:10E2B0000803080308030803080308030803080306
:10E2C00008030803080308030803080308030803F6
:10E2D00008030803080308030803080308030803E6
:10E2E0000803080308030803080308033502002194
:10E2F000B7E7384617F022FB3368DFF8CC811B689C
:10E300000546222130469847636818447E196060AC
:10E31000BE4200F0BF8217F8011B222900F01C83C7
:10E32000684B5C25DA798A4203F1020300F0158319
:10E330009D79002DF6D120680368002900F04983FB
:10E340001B689847636818446060E1E73368396880
:10E350005B68CA8808313046984763681844606033
:10E3600009B0BDEC028BBDE8F08F32683B681268E3
:10E37000B3F80680544F3046222103F10806904737
:10E3800063681844B0446060464500F0838216F824
:10E39000011B222900F0CD824A4B5C25DA798A42A2
:10E3A00003F1020300F0C6829D79002DF6D12068AA
:10E3B0000368002900F0FD821B68984763681844D1
:10E3C0006060E1E732683B7855683046002B40F0EA
:10E3D000418405223D49A847636818446060BFE74F
:10E3E0003F68002F00F0A684384617F0A7FA0546CC
:10E3F0003368DFF8D4801B68304622219847636871
:10E4000018447E196060B74200F0448217F8011B7F
:10E41000222900F07B822B4B5C25DA798A4203F1BA
:10E42000020300F074829D79002DF6D12068036804
:10E43000002900F0C6821B68984763681844606032
:10E44000E1E73B680DF11E089A464FF0000B454688
:10E45000504659460A22002316F0E8FA3032504658
:10E46000594605F8012D00230A2216F0DFFA8246EC
:10E470008B465AEA0B03EBD13368A8EB0502294619
:10E480005B6868E7D1E900ABBAF1000F7BF10003EC
:10E49000C0F253840DF11E084546504659460A22E3
:10E4A000002316F0C3FA30325046594605F8012DC4
:10E4B00000230A2216F0BAFA82468B465AEA0B0368
:10E4C000EBD1D9E7B8780400CC780400DC780400FC
:10E4D00097ED008A18EE100A15F038FEB5EE408A66
:10E4E000F1EE10FA8046894600F0148302460B468E
:10E4F00015F0CEFC02460B464046494616F0E6F8BB
:10E50000002840F0BD81B5EEC08AF1EE10FA0BD5BF
:10E51000336830461B682D2198476368266809F1E7
:10E5200000470344B9466360E3A3D3E900234046B0
:10E53000494616F0E9F8002800F04885E0A3D3E941
:10E5400000234046494616F0DFF8002840F0A98431
:10E550008246DDA3D3E900234046494616F0D4F8AD
:10E56000002840F08E84DAA3D3E9002340464946D0
:10E5700016F0CAF8002840F07484D7A3D3E900232A
:10E580004046494616F0C0F8002840F05A84D4A30B
:10E59000D3E900234046494616F0B6F8002840F07B
:10E5A0004084D1A3D3E900234046494616F0ACF895
:10E5B000002840F02684CEA3D3E9002340464946F4
:10E5C00016F0A2F8002840F00C840022CA4B404606
:10E5D000494616F099F8002840F0D6830022C74B30
:10E5E0004046494616F090F8002800F095824046D3
:10E5F0004946AFA3D3E9002315F000FE0AF1010A52
:10E60000804689460FFA8AFA86E2D1E900AB0DF11D
:10E610001E084546504659460A22002316F006FABF
:10E6200030325046594605F8012D00230A2216F0D3
:10E63000FDF982468B465AEA0B03EBD11CE73D6895
:10E64000002DC0F29183AA464FEAE57B0DF11E082A
:10E650004546504659460A22002316F0E7F9303263
:10E660005046594605F8012D00230A2216F0DEF91E
:10E6700082468B465AEA0B03EBD1FDE633683046FF
:10E680001B687B2198473D8863684FF6FF771844E5
:10E69000BD42606000F080810126A268D36AE9096A
:10E6A00003EBC10305F07F055B6803EBC505284656
:10E6B0002146FFF7BDFDED88BD4200F06D81206869
:10E6C0000368002E1B680CBF2C213A219847636811
:10E6D000184486F001066060DFE7336830461B6847
:10E6E0005B21984763683D884FF6FF761844B54232
:10E6F000606000F04481A268D36AE90903EBC103BA
:10E7000005F07F055B6803EBC50528462146FFF74A
:10E710008FFDED88B5424FF02C0100F0308120686C
:10E7200003681B689847636818446060E3E7D1E9B1
:10E730000089002200234046494615F0C7FF002803
:10E7400040F04F8142464B464046494615F0A0FBFB
:10E7500002460B464046494615F0B8FF002840F0F7
:10E760008F80002200234046494615F0B9FF58B17A
:10E77000336830461B682D2198476368266809F185
:10E7800000470344B94663604BA3D3E900234046E6
:10E79000494615F0B9FF002800F0F98448A3D3E9F1
:10E7A00000234046494615F0AFFF002840F0E183C2
:10E7B000834645A3D3E900234046494615F0A4FF0C
:10E7C000002840F0C78342A3D3E9002340464946CE
:10E7D00015F09AFF002840F0AE833FA3D3E9002351
:10E7E0004046494615F090FF002840F095833CA331
:10E7F000D3E900234046494615F086FF002840F043
:10E800007C8339A3D3E900234046494615F07CFFB9
:10E81000002840F0638336A3D3E9002340464946ED
:10E8200015F072FF002840F04A830022324B404628
:10E83000494615F069FF002840F0C48200222F4BA2
:10E840004046494615F060FF002840F0AC82404643
:10E85000494615F06DFF09280746DFF8ACA040F2E5
:10E86000B383274A03460925A2FB0313DB08A2FB57
:10E870000A1A013D092B4FEADA0A6DB2F4D8B6E064
:10E88000336820495B68304604229847636818441F
:10E89000606065E52068036822211B68984763680B
:10E8A0001844606009B0BDEC028BBDE8F08F00BF7A
:10E8B0009A9999999999B93F00000000D012634143
:10E8C0003CBF737FDD4F1575321D30F94877825A92
:10E8D000F5F93FE9034F384D176E05B5B5B89346C6
:10E8E0000080E03779C341430000000084D797419E
:10E8F000000000000088C340000059400000244090
:10E90000CDCCCCCCB078040000CA9A3B0D46206830
:10E9100003685C211B689847D4E900211368084408
:10E9200060601B6829461046984763681844606019
:10E9300069E50D46206803685C211B689847D4E9A7
:10E9400000211368084460601B68294610469847F8
:10E9500063681844606017E50D46206803685C2111
:10E960001B689847D4E900211368084460601B685D
:10E97000294610469847636818446060C8E42068D8
:10E9800003685D211B68984763681844606009B09C
:10E99000BDEC028BBDE8F08F206803687D211B6809
:10E9A000984763681844606009B0BDEC028BBDE80D
:10E9B000F08F5B68062239469847636818446060A8
:10E9C000E2E45B6806224146984763681844606049
:10E9D00019E55B6806224146984763681844606001
:10E9E00096E44FF0000BDFF878A35F460925384620
:10E9F00015F08AFB02460B464046494615F046FA9A
:10EA000080465046894615F07FFB02460B4640463D
:10EA1000494615F0F3FBCDE9000115F089FE81466A
:10EA200015F072FB02460B46DDE9000115F02EFAE7
:10EA300002460B4615F02CFA15F07AFE8144CA45C1
:10EA400000F26D810137BBF1000F06D0092F04D908
:10EA50000BF1010B0FFA8BFB01274FF00009002D82
:10EA600010DDBD4A00E06DB1A2FB09384FEAD809BC
:10EA7000A2FB0913DB0803EB8303013DB9EB430F52
:10EA80006DB2F0D00DF11E08B3484146A0FB07233C
:10EA9000DB0803EB8302A7EB4207303701F8017D67
:10EAA0001F46002BF2D1336830465B68A8EB0102A9
:10EAB0009847636818446060002D40F0FC80BBF10B
:10EAC000000F3FF44DAC2068036865211B68984730
:10EAD0006368BBF1000F034463601FFA8BF5C0F25B
:10EAE0005D829D484146A0FB0532D20802EB8203BD
:10EAF000A5EB4303303395B201F8013D002DF2D16F
:10EB000020680368A8EB01025B68984763681844B3
:10EB1000606025E44FF0000A4046494615F008FEC3
:10EB20000928074640F23282DFF838B28A4A0346A3
:10EB30000625A2FB0313DB08A2FB0B1B013D092BDF
:10EB40004FEADB0B6DB2F4D8584615F0DDFACDE98B
:10EB50000001384615F0D8FA02460B4640464946B1
:10EB600015F094F9DDE9002315F048FBCDE900012B
:10EB700015F0DEFD814615F0C7FA02460B46DDE9C9
:10EB8000000115F083F902460B4615F081F915F0E6
:10EB9000CFFD8144D945C0F0B7800137BAF1000FED
:10EBA00006D0092F04D90AF1010A0FFA8AFA0127BF
:10EBB0004FF00009002D10DD674A00E06DB1A2FBA7
:10EBC00009384FEAD809A2FB0913DB0803EB8303DA
:10EBD000013DB9EB430F6DB2F0D00DF11E085E4858
:10EBE0004146A0FB0723DB0803EB8302A7EB4207A8
:10EBF000303701F8017D1F46002BF2D133683046D3
:10EC00005B68A8EB010298476368184460604DBBDD
:10EC1000BAF1000F3FF4A4AB2068036865211B68BC
:10EC200098476368BAF1000F034463601FFA8AF5DE
:10EC3000C0F2BF8148484146A0FB0532D20802EB32
:10EC40008203A5EB4303303395B201F8013D002D5B
:10EC5000F2D155E704224149A8476368184460602F
:10EC6000FFF77EBB013DEFB2C7F10F0506A902AB6E
:10EC7000394E1D440846A6FB0923DB0803EB83023B
:10EC8000A9EB420909F1300900F8019DA842994613
:10EC9000F1D108ABDB1B2E22206803F80A2C036895
:10ECA0006FF00102D21B5B681144524298476368BF
:10ECB00018446060ACE7013DEFB2C7F10F0506A94B
:10ECC00002AB254E1D440846A6FB0923DB0803EBD7
:10ECD0008302A9EB420909F1300900F8019DA8421D
:10ECE0009946F1D108ABDB1B2E22206803F80A2CD1
:10ECF00003686FF00102D21B5B68114452429847CF
:10ED0000636818446060DAE6134BA3FB0923DB0851
:10ED100003EB8303B9EB430F3FF44CAF5DE70E4BBE
:10ED2000A3FB0923DB0803EB8303B9EB430F3FF499
:10ED300096AEA7E63D46FFF75BBB336830461B68DF
:10ED40002D219847D4E90063DAF1000A03446BEB04
:10ED50004B0B6360FFF79EBBCDCCCCCCD4780400CA
:10ED600000CA9A3B40420F00336830461B682D2191
:10ED70009847D4E90063C5F1000A03442AEA050B69
:10ED800063604FEAEB7B61E4404649460FF2BC53B7
:10ED9000D3E9002315F032FA0AF1020A80468946C7
:10EDA0000FFA8AFA1AE4404649460FF28C53D3E927
:10EDB000002315F023FA0BF1010B804689460FFA68
:10EDC0008BFB44E5404649460FF28053D3E90023CC
:10EDD00015F014FA0BF1020B804689460FFA8BFBF3
:10EDE0002CE5404649460FF26C53D3E9002315F059
:10EDF00005FA0AF1040A804689460FFA8AFAFFF7F3
:10EE0000E4BB404649460FF25453D3E9002315F0C2
:10EE1000F5F90AF1080A804689460FFA8AFAFFF7DF
:10EE2000CABB404649460FF23C53D3E9002315F0D4
:10EE3000E5F90AF1100A804689460FFA8AFAFFF7C7
:10EE4000B0BB404649460FF22453D3E9002315F0E6
:10EE5000D5F90AF1200A804689460FFA8AFAFFF7A7
:10EE600096BB404649460FF20C53D3E9002315F0F8
:10EE7000C5F90AF1400A804689460FFA8AFAFFF777
:10EE80007CBB404649460FF2F443D3E9002315F01A
:10EE9000B5F90AF1800A804689460FFA8AFAFFF727
:10EEA00062BB404649460FF2DC43D3E9002315F02C
:10EEB000A5F94FF4807A80468946FFF74ABB404661
:10EEC00049460FF29043D3E9002315F097F90BF16F
:10EED000040B804689460FFA8BFBA6E44046494660
:10EEE0000FF27843D3E9002315F088F90BF1080BF2
:10EEF000804689460FFA8BFB8DE4404649460FF267
:10EF00006443D3E9002315F079F90BF1100B804627
:10EF100089460FFA8BFB74E4404649460FF24C4396
:10EF2000D3E9002315F06AF90BF1200B80468946DE
:10EF30000FFA8BFB5BE4404649460FF23843D3E9B6
:10EF4000002315F05BF90BF1400B804689460FFA60
:10EF50008BFB42E4404649460FF22043D3E90023AD
:10EF600015F04CF90BF1800B804689460FFA8BFBAC
:10EF700029E4404649460FF20C43D3E9002315F03B
:10EF80003DF94FF4807B8046894612E49FEDCA7BB1
:10EF9000DFF8F8B38DED007B0625DAE5206803681D
:10EFA0002D211B68984762686B4202449DB26260E3
:10EFB00097E5206803682D211B68984762686B42BB
:10EFC00002449DB2626035E6092510E50022002367
:10EFD0004046494615F0A2FB00283FF49BADC6A36E
:10EFE000D3E900234046494615F084FB00285FD052
:10EFF000C3A3D3E900234046494615F071FB00281E
:10F0000040F0B9808246C0A3D3E900234046494678
:10F0100015F066FB002840F0A080BDA3D3E90023D3
:10F020004046494615F05CFB002840F08880BAA3B2
:10F03000D3E900234046494615F052FB002870D121
:10F04000B7A3D3E900234046494615F049FB002801
:10F0500059D1B5A3D3E900234046494615F040FBFA
:10F06000002842D1B2A3D3E900234046494615F017
:10F0700037FB60BBB0A3D3E900234046494615F0F7
:10F080002FFBB8B90022AE4B4046494615F028FB8D
:10F0900000283FF441AD404649460022A94B15F0F7
:10F0A000ADF80AF1FF3A804689460FFA8AFA33E54D
:10F0B000824631E5404649460022A34B15F09EF8B2
:10F0C000AAF1020A804689460FFA8AFADAE7404630
:10F0D00049467BA3D3E9002315F090F8AAF1040A6E
:10F0E000804689460FFA8AFAC4E74046494676A325
:10F0F000D3E9002315F082F8AAF1080A8046894670
:10F100000FFA8AFAAEE74046494671A3D3E90023D5
:10F1100015F074F8AAF1100A804689460FFA8AFAA7
:10F1200097E7404649466CA3D3E9002315F066F8FB
:10F13000AAF1200A804689460FFA8AFA80E74046FB
:10F14000494667A3D3E9002315F058F8AAF1400A0D
:10F15000804689460FFA8AFA69E74046494662A323
:10F16000D3E9002315F04AF8AAF1800A80468946BF
:10F170000FFA8AFA51E7404649465DA3D3E90023D6
:10F1800015F03CF86FF0FF0A804689463BE7002205
:10F1900000234046494615F0C1FA00286CD056A31A
:10F1A000D3E900234046494615F0A4FA002863D06D
:10F1B00053A3D3E900234046494615F091FA0028AD
:10F1C00040F02C81834650A3D3E9002340464946B2
:10F1D00015F086FA002840F013814DA3D3E90023EF
:10F1E0004046494615F07CFA002840F0FB804AA3CF
:10F1F000D3E900234046494615F072FA002840F052
:10F20000E38047A3D3E900234046494615F068FA56
:10F21000002840F0CB8044A3D3E900234046494670
:10F2200015F05EFA002840F0B38041A3D3E9002333
:10F230004046494615F054FA70BB3FA3D3E900237A
:10F240004046494615F04CFAC8B900223C4B4046AE
:10F25000494615F045FA00283FF4F9AA40464946C8
:10F260000022384B14F0CAFF0BF1FF3B8046894661
:10F270000FFA8BFBFFF7EBBA8346FFF7E8BA40467D
:10F2800049460022304B14F0B9FFABF1020B804627
:10F2900089460FFA8BFBD8E74046494608A3D3E9D5
:10F2A000002314F0ABFFABF1040B804689460FFA44
:10F2B0008BFBC2E7AFF300800000000080842E418A
:10F2C000000000000088C3400000000084D7974180
:10F2D0000080E03779C34143176E05B5B5B8934652
:10F2E000F5F93FE9034F384D321D30F94877825A1E
:10F2F0003CBF737FDD4F1575F168E388B5F8E43ED8
:10F30000148BD77DB207FE0AC2DEB7814554912522
:10F310000CD13196FC53DA3280688965D639803950
:10F320001656E79EAF03D23C48AFBC9AF2D77A3E5E
:10F33000FCA9F1D24D62503F9A9999999999B93F98
:10F340000000F03F00002440000059407B14AE470D
:10F35000E17A843F2D431CEBE2361A3F3A8C30E2CF
:10F360008E79453EBC89D897B2D29C3C33A7A8D5AC
:10F3700023F649393DA7F444FD0FA5329D978CCF64
:10F3800008BA5B25436FAC642806C80A40420F00E8
:10F390004046494628A3D3E9002314F02FFFABF1E0
:10F3A000080B804689460FFA8BFB3EE740464946EC
:10F3B00023A3D3E9002314F021FFABF1100B804607
:10F3C00089460FFA8BFB26E7404649461EA3D3E940
:10F3D000002314F013FFABF1200B804689460FFA8F
:10F3E0008BFB0EE74046494619A3D3E9002314F0EE
:10F3F00005FFABF1400B804689460FFA8BFBF6E622
:10F400004046494614A3D3E9002314F0F7FEABF1BC
:10F41000800B804689460FFA8BFBDEE64046494664
:10F420000FA3D3E9002314F0E9FE6FF0FF0B804631
:10F430008946C8E6AFF300800000000084D79741FA
:10F440000080E03779C34143176E05B5B5B89346E0
:10F45000F5F93FE9034F384D321D30F94877825AAC
:10F460003CBF737FDD4F1575016D002900F0EA8305
:10F470002DE9F04F2DED028B99B0AC4B426D0B9303
:10F4800000254FF47A76044640F201630FA80D96EA
:10F490000C95ADF83C508DF83E500FF0B7FC9DF840
:10F4A0003C60002E00F0C48304F15801B4F88820B9
:10F4B000009104F16401D4F85890D4F8843001919B
:10F4C000D2B19B4FA84603EBC5067168084649B107
:10F4D000D9F800305B68BB4240F0B9830CF054FBB4
:10F4E000D4F88430C6F80080B4F88820C6F80480C8
:10F4F0000135ADB2AA42E6D84FF6FF72A4F88C20CF
:10F50000019A00219A42A4F888100FD0D9F800205F
:10F51000874952688A4240F0C18318460CF034FB98
:10F520000423019AC4F88420A4F88A300023A66D2D
:10F530007F4D84F85C30216E084661B133680A68FB
:10F540005B682266AB4240F07F830CF01DFB216EAE
:10F5500008460029F2D104F1900384F8941018466B
:10F5600000990293FEF7A8F92023B4F88C5084F890
:10F5700094304FF6FF734FF0FF329D42C4F8902055
:10F5800000F06A83D4F88430EA0903EBC20305F083
:10F590007F025F6837F83230A4F88C3007EBC2077F
:10F5A00008A900224FF6FF73059108463A71FB80C7
:10F5B0000099FEF79DF8089E002E01F08681206ECE
:10F5C00028B901F09EBA0068002801F09A82C38829
:10F5D0000C2BF8D1037A6D2BF5D1437A612BF2D144
:10F5E000837A672BEFD1C37A5F2BECD1037B682B37
:10F5F000E9D1437B612BE6D1837B722BE3D1C37BC3
:10F60000642BE0D1037C692BDDD1437C722BDAD1F2
:10F61000837C6F2BD7D1C37C6E2BD4D183880133ED
:10F620008380052338603B71BDF82410F980B4F85D
:10F6300092304FF6FF72934201F09080D4F884200C
:10F64000D80902EBC00203F07F03526802EBC30348
:10F65000DD80A4F8921000993046FEF72DF9402283
:10F660004FF0FF3337463271336004F11C030393CC
:10F670001E4604F128084FF6FF799FB3B4F88CA01A
:10F68000D4F884B0CA4500F0BC834FEADA130BEB20
:10F69000C3030AF07F025D6835F83230A4F88C307D
:10F6A00005EBC20500232B71A5F806900099D6F84A
:10F6B00000B02846FEF700F90E23C5F800B02B7104
:10F6C0007B884B4500F0E185D4F88420D90902EB12
:10F6D000C10203F07F03526802EBC303A3F806A044
:10F6E000A7F802A004364645C7D194F89430002B01
:10F6F00040F04B8420224FF0FF3384F89420C4F86C
:10F700009030009906A8FDF7F3FF069D002D00F04C
:10F710000B8700990598FDF7EBFF089F002F00F07D
:10F720000387206E50B901F00BBA00BF6476040065
:10F7300029CC02000068002801F00282C3880C2B4B
:10F74000F8D1037A6D2BF5D1437A612BF2D1837A0C
:10F75000672BEFD1C37A5F2BECD1037B732BE9D1FD
:10F76000437B6F2BE6D1837B662BE3D1C37B742B6A
:10F77000E0D1037C692BDDD1437C722BDAD1837C11
:10F780006F2BD7D1C37C6E2BD4D183880133838078
:10F79000052328602B71BDF82420EA80B4F892304C
:10F7A000BDF81C004FF6FF718B4200F0BF87D4F804
:10F7B0008410DD0901EBC50103F07F054B6803EB05
:10F7C000C503D880A4F8922000993846FEF774F853
:10F7D00040224FF0FF33BA463A713B6045464FF640
:10F7E000FF7604F14C0857464FB3B4F88C10D4F8A8
:10F7F0008490B14200F05682CA0909EBC20201F0BE
:10F800007F00536833F83020A4F88C2003EBC0034A
:10F8100000221A71DE80286818600E221A717B8817
:10F82000B34200F06082D4F88420D80902EBC00211
:10F8300003F07F03526802EBC303D980798004355B
:10F84000A845D1D194F89430D4F84CA0002B40F0C6
:10F8500019844FF0FF332022C4F89030D4F884305C
:10F8600084F89420B4F88C504FF6FF72954200F063
:10F870008F86EA0903EBC20305F07F085B6833F863
:10F880003820A4F88C2003EBC80800234FF6FF763D
:10F8900088F80430A8F8066000990598FDF728FF5D
:10F8A000089F1FB30422904B88F80420C8F800304A
:10F8B000BDF82410A8F80610B4F89220B24200F067
:10F8C0003B87D4F88430D00903EBC00302F07F02F9
:10F8D0005B6803EBC202D580A4F892100099384609
:10F8E000FDF7EAFF0E23C7F800A03B7194F89430AF
:10F8F000002B40F03D844FF0FF332022C4F89030BD
:10F90000D4F8843084F89420B4F88C604FF6FF72F9
:10F91000964200F01C86F20903EBC20306F07F0852
:10F920005B6833F83820A4F88C2003EBC808002269
:10F930004FF6FF7388F80420A8F806300099059860
:10F94000FDF7D6FE089D002D00F0E185206E28B958
:10F9500001F015B90068002801F01181C3880D2B52
:10F96000F8D1037A672BF5D1437A792BF2D1837AD8
:10F97000722BEFD1C37A6F2BECD1037B5F2BE9D1D4
:10F98000437B7A2BE6D1837B652BE3D1C37B722B40
:10F99000E0D1037C6F2BDDD1437C722BDAD1837CE9
:10F9A000612BD7D1C37C742BD4D1037D652BD1D1EE
:10F9B0008388013383800523C8F8000088F8043069
:10F9C000BDF82410A8F80610B4F892304FF6FF7274
:10F9D000934200F0BD86D4F88420D80902EBC0021F
:10F9E00003F07F03526802EBC303DE80A4F8921099
:10F9F00000992846FDF760FF40224FF0FF332F4665
:10FA00002A712B6004F11008DDF80CB046464FF661
:10FA1000FF799FB3B4F88CA0CA4500F0CD81D4F82B
:10FA200084304FEADA1203EBC2030AF07F025D680A
:10FA300035F83230A4F88C3005EBC20500232B7169
:10FA4000A5F8069096ED008A00992846FDF734FF48
:10FA50000E2385ED008A2B717B884B4500F00F84C7
:10FA6000D4F88420D90902EBC10203F07F03526865
:10FA700002EBC303A3F806A0A7F802A00436B3451F
:10FA8000C7D194F89430002B40F0048220224FF02C
:10FA9000FF3384F89420C4F89030B4F88C704FF69B
:10FAA000FF739F4200F09A85D4F88430FA0903EB83
:10FAB000C20307F07F025E6836F83230A4F88C305B
:10FAC00006EBC20600224FF6FF733271F3800099F5
:10FAD0000598FDF70DFE089D002D00F02285206E93
:10FAE00040B901F06EB800BFA47704000068002898
:10FAF00001F06780C3880B2BF8D1037A612BF5D115
:10FB0000437A632BF2D1837A632BEFD1C37A652BCF
:10FB1000ECD1037B6C2BE9D1437B5F2BE6D1837B5C
:10FB20007A2BE3D1C37B652BE0D1037C722BDDD133
:10FB3000437C6F2BDAD1837C672BD7D18388013349
:10FB40008380052330603371BDF82410F180B4F850
:10FB500092304FF6FF72934200F0F485D4F884207F
:10FB6000D80902EBC00203F07F03526802EBC30323
:10FB7000DF80A4F8921000992846FDF79DFE4022F0
:10FB80004FF0FF332F462A712B60261D4FF6FF7969
:10FB90009FB3B4F88CA0CA4500F0E980D4F8843053
:10FBA0004FEADA1203EBC2030AF07F025D6835F810
:10FBB0003230A4F88C3005EBC20500232B71A5F878
:10FBC00006900099D6F800B02846FDF775FE0E2382
:10FBD000C5F800B02B717B884B4500F04B83D4F8FF
:10FBE0008420D90902EBC10203F07F03526802EBC3
:10FBF000C303A3F806A0A7F802A00436B045C7D1F6
:10FC0000009B0A931A460BAC002305990298CDE994
:10FC10000843FEF70DFB0446002800F028810FA8DA
:10FC20000FF092F8012019B0BDEC028BBDE8F08F07
:10FC3000944995480BF0B8FD304619B0BDEC028BE5
:10FC4000BDE8F08F084670473046984773E4484651
:10FC50009847D4F8843045E4B4F88830A66DD4F8D9
:10FC60008450002B00F0F2855A1E92B205EBC200C0
:10FC70004768002F00F0AE86418835F832C08C45C9
:10FC800040F2A88601F1010C17EBC107A0F802C0F1
:10FC900000F0A08601EBC21295B281E419464846F5
:10FCA00090473DE4B4F88820D4F858A0F2B1511E32
:10FCB00089B209EBC10CDCF80430002B00F0C380E2
:10FCC000BCF8020039F831E0864540F2BC8000F112
:10FCD000010E13EBC003ACF802E000F0B48000EBBF
:10FCE000C11189B294E539807980A8E5B4F88A30E9
:10FCF000002B00F0E2830123A4F88830CB464FF4B8
:10FD000080608023DAF800206049126804938A42F8
:10FD100040F08B830BF01EFF049BCBF804000028FF
:10FD200008BF00230022ABF80030ABF80220B4F883
:10FD30008820013A92B209EBC20043689BB139F8BE
:10FD400032C041888C450ED901F1010C13EBC1037F
:10FD5000A0F802C007D001EBC21189B258E5B2F594
:10FD6000007F40F0AA83012384F85C3067E5B4F893
:10FD70008830D4F858B0002B00F08D825A1ED4F889
:10FD8000840092B200EBC2014D68002D00F0548354
:10FD9000B1F802A030F832C0D44540F24D830AF1E8
:10FDA000010C15EBCA05A1F802C000F045830AEB6F
:10FDB000C21A1FFA8AFA00E7B4F88820A36D002A55
:10FDC00000F0AD82511ED4F8840089B200EBC10C62
:10FDD000DCF80450002D00F04683BCF802A030F897
:10FDE00031E0D64540F23F830AF1010E15EBCA051A
:10FDF000ACF802E000F037830AEBC11A1FFA8AFA66
:10FE00001CE6B4F88830D4F858A0002B00F0CC825F
:10FE10005A1E92B20BEBC2004568002D00F03983E8
:10FE200041883BF832C08C4540F2338301F1010C2C
:10FE300015EBC105A0F802C000F02B8301EBC21A3C
:10FE40001FFA8AFA2EE4B4F88A30934287D0531C02
:10FE50009BB2B3F5007FA4F8883009EBC20B0BBF4F
:10FE60004FF47E704FF480607F2380234AE7084977
:10FE700005480BF099FC204619B0BDEC028BBDE89B
:10FE8000F08F00BF6C7704003863002091D6020029
:10FE9000CC770400202B40F04483B4F890004FF658
:10FEA000FF77B8423FF4F9ADD4F88460C20906EB9D
:10FEB000C20200F07F03506810EBC3003FF4EDADC9
:10FEC0000125B2462E46B0F8069003469EB9B945C4
:10FED0003FF4E3AD4FEAD9120AEBC20209F07F0901
:10FEE000536813EBC9033FF4D8AD86F00106B3F8AD
:10FEF0000690002EEBD01A79042A3BD0052A40D078
:10FF0000022AE4D118461D4615F018FD0B28DED153
:10FF10002B78612BDBD16B78632BD8D1AB78632B3B
:10FF2000D5D1EB78652BD2D12B796C2BCFD16B79D6
:10FF30005F2BCCD1AB797A2BC9D1EB79652BC6D1AC
:10FF40002B7A722BC3D16B7A6F2BC0D1AB7A672B14
:10FF5000BDD14FF6FF7399453FF49FAD4FEAD913DA
:10FF60000AEBC30609F07F00756815EBC0057FF446
:10FF700002AE92E51D68002DA9D0284615F0DEFCE2
:10FF8000C4E71D68E8880835C0E7202B40F0CC8224
:10FF9000B4F890504FF6FF7A55453FF4B2ABD4F821
:10FFA0008460EB0906EBC30305F07F075D6815EB82
:10FFB000C7053FF4A6AB4FF0010932464E46EF8825
:10FFC0002B4691468EB957453FF49BABFA0909EB96
:10FFD000C20207F07F07536813EBC7033FF491ABEE
:10FFE00086F00106DF88002EEDD01A79042A3ED073
:10FFF000052A43D0022AE6D118461D4615F09EFC7C
:020000023000CC
:100000000C28E0D12B786D2BDDD16B78612BDAD108
:10001000AB78672BD7D1EB785F2BD4D12B79732BAF
:10002000D1D16B796F2BCED1AB79662BCBD1EB795C
:10003000742BC8D12B7A692BC5D16B7A722BC2D1A4
:10004000AB7A6F2BBFD1EB7A6E2BBCD14FF6FF731F
:100050009F423FF456ABFB0909EBC30607F07F074D
:10006000736813EBC7077FF4AFABFFF74ABB1D689C
:10007000002DA8D0284615F061FCC1E71D68E8886E
:100080000835BDE7202B40F04282B4F89050D4F8F8
:1000900084604FF6FF794D4533463FF4E3ABEA0900
:1000A00006EBC20205F07F05576817EBC5053FF464
:1000B000D9AB4FF001084646EF882A4698468EB9DC
:1000C0004F453FF4CFABF90908EBC10107F07F07BB
:1000D0004A6812EBC7023FF4C5AB86F00106D78829
:1000E000002EEDD01179042936D005293CD0022903
:1000F000E6D11046154615F021FC09284346DFD10C
:100100002A786D2ADCD16A78612AD9D1AA78672A3F
:10011000D6D1EA785F2AD3D12A79662AD0D16A79F2
:10012000692ACDD1AA79652ACAD1EA796C2AC7D1C0
:100130002A7A642AC4D14FF6FF7297423FF492ABF9
:10014000FA0908EBC20607F07F07726812EBC707CF
:100150007FF4C4ABFFF786BB1568002D00F0CE819D
:10016000284615F0EBFBC8E71568E8880835C4E7B2
:10017000202B40F0CC81B4F89050D4F884604FF636
:10018000FF794D4533463FF4BFABEA0906EBC202A7
:1001900005F07F07556815EBC7053FF4B5AB4FF089
:1001A00001084646EF882A4698468EB94F453FF4E7
:1001B000ABABF90908EBC10107F07F074A6812EB06
:1001C000C7023FF4A1AB86F00106D788002EEDD020
:1001D0001179042942D0052948D00229E6D11046D8
:1001E000154615F0ABFB0D284346DFD12A78672A68
:1001F000DCD16A78792AD9D1AA78722AD6D1EA785C
:100200006F2AD3D12A795F2AD0D16A797A2ACDD1BF
:10021000AA79652ACAD1EA79722AC7D12A7A6F2ABD
:10022000C4D16A7A722AC1D1AA7A612ABED1EA7A85
:10023000742ABBD12A7B652AB8D14FF6FF72974248
:100240003FF462ABFA0908EBC20607F07F07756856
:1002500015EBC7057FF4CCABFFF756BB1568002D37
:1002600000F04A81284615F069FBBCE71568E8886C
:100270000835B8E7A7F800A0A7F802A0BDE4A7F8E2
:1002800000A0A7F802A0FFF7F9BBA7F800A0A7F805
:1002900002A0FFF727BAB4F88A20002A00F0DF8115
:1002A0000123D4F88450A4F888304FF480604FF0D4
:1002B000800ADBF80030C74A1B68934240F0438154
:1002C0000BF048FC00284FF0000308BF4FF0000A75
:1002D000A5F800A06B80B4F88830D4F8841068606A
:1002E000013B9BB201EBC3025568A5B131F8331055
:1002F000B2F802A051450ED90AF1010115EBCA0569
:10030000518008D00AEBC31A1FFA8AFA55E4B3F5F4
:10031000007F40F0A481012384F85C306DE4B4F8E0
:100320008A10002900F0B8810122D4F88450A4F882
:1003300088204FF480604FF0800A1A68A54912683F
:100340008A4240F0F5800BF005FC00284FF00003D6
:1003500008BF4FF0000AA5F800A06B80B4F8883001
:10036000D4F884106860013B9BB201EBC30255686E
:10037000ADB131F83310B2F802A051450FD90AF1EE
:10038000010115EBCA05518009D00AEBC31A1FFA07
:100390008AFAFFF753BBB2F5007F40F07D8101235D
:1003A00084F85C30FFF76ABBB4F88A20002A00F0BA
:1003B00038810123A4F888305D464FF480608023A3
:1003C000DAF800208349126804938A4240F0B4802E
:1003D0000BF0C0FB049B6860002808BF00230022CC
:1003E0006A802B80B4F88830013B9BB20BEBC302D0
:1003F0005568ADB13BF83310B2F802A051450FD9A2
:100400000AF1010115EBCA05518009D00AEBC31AA4
:100410001FFA8AFAFFF746B9B3F5007F40F0018171
:10042000012384F85C30FFF75DB9014650469047E0
:10043000D4F88490049B70E4B4F88A209A423FF484
:1004400066AF5A1C92B2B2F5007F00EBC305A4F868
:1004500088200BBF4FF47E704FF480604FF07F0A0E
:100460004FF0800A25E7B4F88A10914293D0511CCE
:1004700089B2B1F5007F00EBC205A4F888100BBF6C
:100480004FF47E704FF480604FF07F0A4FF0800A87
:1004900053E7B4F88A209A42BED05A1C92B2B2F501
:1004A000007F0BEBC305A4F888200BBF4FF47E70D0
:1004B0004FF480607F23802382E752001FFA82FB83
:1004C000019ADAF800304A454FEACB0100F0068184
:1004D0009B68414A934240F0948248460BF06AFB85
:1004E0008146B9F1000F3FF43EACC4F88490A4F803
:1004F0008AB0B4F88820AAE4434657E64346DFE5CD
:10050000B5F5007F40F0C583012384F85C300027F7
:10051000FFF778BAB3F5007F40F08C83012384F8AD
:100520005C300027FFF731BB4FF0000AFFF756B9E8
:1005300001461846904708E7014650469047D4F8D0
:1005400084B0049B47E7014658469847BAE6B4F89A
:100550008850A66D002D00F007816A1E92B203EB51
:10056000C2004768002F00F00C82418833F832C087
:100570008C4540F2068201F1010C17EBC108A0F88E
:1005800002C000F0FE8101EBC21296B2FFF7CFB9B4
:10059000B4F88850A66D002D00F09A816A1E92B2C0
:1005A00003EBC2004768002F00F00082418833F857
:1005B00032C08C4540F2FA8101F1010C17EBC10801
:1005C000A0F802C000F0F28101EBC21295B2FFF771
:1005D0005CB900BF91D6020089D60200B4F8883019
:1005E000A76D002B00F0F9805A1ED4F8840092B257
:1005F00000EBC2014E68002E00F0AE814D8830F84D
:1006000032C0AC4540F2A88105F1010C16EBC506DD
:10061000A1F802C000F0A08105EBC21297B2FFF76B
:1006200051BA019A5B009DB25A454FEAC501DAF80A
:10063000003000F012829B68C54A934240F0588314
:1006400058460BF0B7FA8346BBF1000F3FF4E8AE13
:10065000C4F884B0A4F88A50B4F888301DE75D006F
:10066000D4F88400019BDBF80020ADB283424FEA4E
:10067000C50100F0CC819368B54A934240F03E83B7
:100680000BF098FA00283FF446AEC4F88400A4F8B2
:100690008A50B4F88830D4E65500A9B2D4F8840062
:1006A000019D039185421A684FEAC10100F0FE8165
:1006B000D2F808A0A64A924540F0258304930BF097
:1006C00079FA049B00283FF46AAEBDF80C20A4F828
:1006D0008A20C4F88400B4F88820C8E61B689D4AC4
:1006E000934240F08D8208460BF034FA8146B9F10E
:1006F000000F3FF438AB0198016842688368C06816
:10070000C9F80C000198C9F80010C9F80420C9F80C
:100710000830016942698369C069C9F81C00C9F8D9
:100720001010C9F81420C9F81830DEE6A4F89000BB
:10073000A4F89220FFF748B8A4F89050A4F89210BB
:10074000FFF7CCB8A4F89070A4F89210FFF713BA92
:10075000A4F89060A4F89210FFF74AB9A4F890505A
:10076000A4F89210FEF777BFB4F88A20002A00F0B0
:1007700090820122A4F888201D464FF480608027D3
:1007800032687449126804938A4240F047820BF041
:10079000E1F9049B686000284FF0000208BF0027C1
:1007A0002F806A80B4F88820013A92B203EBC2002D
:1007B000416800293FF4A8AE33F8325043889D4287
:1007C0007FF6A2AE5D1C11EBC30845803FF49CAEE2
:1007D00003EBC2139EB2FFF7AAB8B4F88A20002A2E
:1007E00000F028820123D4F88450A4F888304FF414
:1007F000806080263B6857491B688B4240F00A8224
:100800000BF0A8F9002808BF002600232E806B807B
:10081000B4F88830D4F884106860013B9BB201EBD7
:10082000C3025668002E3FF479AE31F83300518888
:1008300088427FF673AE481C16EBC10650803FF429
:100840006DAE01EBC3139FB2FFF73CB9B4F88A2039
:10085000002A00F006820123A4F888302F464FF4C6
:1008600080604FF0800832683A4913688B4240F04C
:10087000CB810BF06FF900284FF0000308BF4FF059
:100880000008A7F800807B80B4F888307860013BCE
:100890009BB205EBC302576897B135F83300518816
:1008A00088420DD9481C17EBC107508008D001EBD6
:1008B000C3139DB2FEF774BEB3F5007F40F0D18143
:1008C000012384F85C3008AB05930027FEF7CDBE0A
:1008D000B4F88A20002A00F0F4810122A4F88820CC
:1008E0001D464FF48060802732681A4912680493CD
:1008F0008A4240F099810BF02DF9049B6860002832
:100900004FF0000208BF00272F806A80B4F88820CB
:10091000013A92B203EBC200416891B133F8325010
:1009200043889D420DD95D1C11EBC308458008D05A
:1009300003EBC2139DB2FEF7A8BFB5F5007F40F0F0
:10094000C081012384F85C3094F89430FEF7D0BF66
:1009500089D6020091D60200B4F88A209A423FF468
:10096000D9AD5A1C92B2B2F5007F00EBC305A4F8D2
:1009700088200BBF4FF47E704FF480607F26802666
:1009800038E7B4F88A20AA423FF4BAAD6A1C92B2A2
:10099000B2F5007FA4F8882003EBC5050BBF4FF428
:1009A0007E704FF480607F278027E9E6B4F88A20C4
:1009B000AA42C2D06A1C92B2B2F5007FA4F8882085
:1009C00003EBC5050BBF4FF47E704FF480607F27AB
:1009D000802789E7B4F88A209A423FF46DAF5A1C09
:1009E00092B2B2F5007FA4F8882005EBC3070BBFD5
:1009F0004FF47E704FF480604FF07F084FF0800816
:100A000031E70A46504649469847814669E51368EA
:100A1000C04A934240F0038208460BF09BF800283E
:100A20003FF479AC019B1A461968D3F804E0D2F878
:100A30000CC09B688360C0F80CC00160C0F804E083
:100A40001169D2F814E09369D2F81CC0C0F81CC038
:100A50000161C0F814E0836117E61B68AD4A934258
:100A600040F0E58108460BF075F88346BBF1000FB6
:100A70003FF4D6AC0198836801684268C068CBF83F
:100A80000830019BCBF80C001846CBF80010CBF8CF
:100A9000042019695A69C0699B69CBF81830CBF8F2
:100AA0001C00CBF81010CBF81420D1E5126899483F
:100AB000824240F0B781084604930BF04BF8049B48
:100AC00000283FF46CAC019DD5F800C06968D5F8EA
:100AD00008A0D5F80CE0C0F80CE0C0F800C04160F8
:100AE000C0F808A0D5F810C06969D5F818A0D5F8E5
:100AF0001CE0C0F81CE0C0F810C04161C0F818A0AC
:100B0000E3E5A06D036815211B68984790B1824BFF
:100B1000836003F1706303F50123804A4260FC3374
:100B200003617F4AC26000230375236E0360206661
:100B3000FEF777BD0123074684F85C30FEF795BDCC
:100B4000A06D036815211B68984790B1724B8360B4
:100B500003F1706303F50123704A4260FC330361C3
:100B6000704AC26000230375236E03602066FEF79F
:100B70000FBE0123824684F85C30FEF72FBEA06DC5
:100B8000036816211B689847A8B1674A4260674A04
:100B90008260674BC36002F19D62652302F5DF222C
:100BA000037502F58472002302614375236E0360AE
:100BB0002066FEF700BF0123074684F85C30FEF78D
:100BC00021BFA06D036814211B68984790B1594B51
:100BD0008360594A426072230374584AC260672393
:100BE00083746F2200234274C374236E03602066F3
:100BF000FEF7A7BF0123074684F85C30FEF7C5BFA8
:100C000050469847814672E5014630469847D4F8E9
:100C1000845030E6014638469847F3E501463046B1
:100C20009047D4F88430B5E5014630469047D4F873
:100C3000843063E65B009EB2D4F88410019B386870
:100C40008B424FEAC6027BD083683846984700281B
:100C50003FF464ACC4F88400A4F88A60B4F8883027
:100C60007FE601995B009FB2A9424FEAC702336851
:100C700000F09D8029469B6830469847054600282D
:100C80003FF41EAEC4F88450A4F88A70B4F88830DB
:100C9000A5E6019831686D00ADB298424FEAC502F1
:100CA00000F0A1808F6830461946B84703460028F7
:100CB0003FF42AACA4F88A50C4F88430B4F88850C1
:100CC00064E6019831686D00ADB298424FEAC50202
:100CD00051D08F6830461946B847034600283FF484
:100CE00030AEA4F88A50C4F88430B4F8885061E675
:100CF0000A465046594698478346A5E40A460146A7
:100D000058469847BEE40A46049301461846D04721
:100D1000049BD7E491D602006D61675F01000C006F
:100D200068617264736F667401000D006779726F99
:100D30005F7A65726163636501000B006C5F7A65C1
:100D4000036811463846984700283FF4E7AB019DF9
:100D5000AB6829686A68ED688360019BC5601D46C1
:100D60000160426019695A69ED699B698361C561D7
:100D7000016142616EE70B683046114698470346B1
:100D800000283FF4DEAD019FBA6838687968FF68D3
:100D90009A60019ADF6017461860596010695169BE
:100DA000FF6992699A61DF611861596199E71B686F
:100DB000114630469847054600283FF481AD01981A
:100DC000836801684268C068AB60019BE8601846B0
:100DD00029606A6019695A69C0699B69AB61E861F9
:100DE00029616A614EE70B68304611469847034611
:100DF00000283FF489AB019FBA6838687968FF68BA
:100E00009A60019ADF60174618605960106951694D
:100E1000FF6992699A61DF61186159614AE7584632
:100E20009847FCE5184604939047049B48E65046D3
:100E3000984783461AE600BF2DE9F04F89B0DBB230
:100E40000193002B00F04E8100230391044643756B
:100E50001D460126012206A920690AF0EFFDC0B156
:100E60009DF8183066752375202B24D8DFE803F031
:100E70001423232323232323232121232321232357
:100E80002323232323232323232323232323232332
:100E90002100012320756375237B33B9012009B03C
:100EA000BDE8F08F012320756375022009B0BDE80D
:100EB000F08F6575CEE701227D2B227300F04F8203
:100EC00063680022A260002B00F0A381637D002BE9
:100ED00000F01B81257D272D02D0222D40F0288196
:100EE0000022134662759346002B00F09880267D01
:100EF0000027AE42677500F0A180002ED5D05C2E91
:100F000000F0A2806768002F00F08980A368FA884B
:100F1000934200F0C4801F440133A3603E72637D9E
:100F2000E2E76775424606A920690AF087FD0028B6
:100F300000F0D2809DF8183084F815802375002BBE
:100F4000B3D0402B40F2628123F02003A3F1370697
:100F5000F7B20F2F00F2978000236375012206A9D4
:100F600020690AF06BFD002800F0B6809DF818603B
:100F7000267501226275002E97D0402E86BF26F07E
:100F80002006373E303EF6B20F2E7CD80023637524
:100F9000012206A9206946EA07160AF04FFD00283B
:100FA00000F09A809DF81830237501226275002B9D
:100FB0003FF47BAF402B86BF23F02003373B303B11
:100FC000DBB20F2B5FD8002243EA0616627506A932
:100FD0000122206936B20AF031FD00287CD09DF84C
:100FE0001830237501226275002B3FF45EAF402B51
:100FF00086BF23F02003373B303BDBB20F2B42D8B8
:1010000043EA06131BB299B201F5205292B20020B6
:10101000B2F5806F607580F05A84C1F3090B01222C
:1010200006A920690AF00AFD002834D09DF818604E
:1010300026750027AE4267757FF45FAF6368002BAB
:1010400040F0FB8004202AE7012206A920690AF06B
:10105000F5FC00283FF426AF9DF8186026754FF088
:10106000010884F81580002E3FF41FAF752E3FF461
:1010700058AF2F2E0CD0BB4A27239E4205D012F822
:10108000023F002BF9D1032009E75678002EFAD051
:101090000023637536E720756075022006E7D4F8F3
:1010A00000A05900DAF8009001F10108B8F5803F7E
:1010B000D9F800301AD29B68AB4A934201F10A0179
:1010C00040F0358438460AF075FD68B1A0F8068016
:1010D00007466060A3681EE700220123227563753E
:1010E0000220DCE60520DAE6D9F800305B689F4A8A
:1010F000934240F0E28338460AF046FD01238AF825
:1011000004300022637D6260EEE6012206A92069B8
:101110000AF094FC002800F057839DF818502575BC
:101120000123272D63753FF4DBAE222D3FF4D8AEAB
:101130002F2DA8D9392D06D95E2D40F20E867A2D95
:1011400001D95A2D9FD8002766686775002E00F0D8
:101150008082A368F288934200F090821E4401339B
:10116000A3603572637D002B00F07382257D2F2DE7
:1011700000F261826368002B3FF464AF237D202B73
:1011800069D801A252F823F0990E03005712030008
:10119000571203005712030057120300571203009F
:1011A00057120300571203005712030037120300AF
:1011B00037120300571203005712030037120300BF
:1011C000571203005712030057120300571203006F
:1011D000571203005712030057120300571203005F
:1011E000571203005712030057120300571203004F
:1011F000571203005712030057120300571203003F
:10120000571203005712030037120300303BDFB2BE
:101210009FE62568564A286803681B68934240F099
:101220000C8428200AF096FC002800F0C883514B5B
:10123000436060604AE600236375012206A92069C5
:101240000AF0FCFB00283FF424AE9DF8183023750B
:101250000122627593E74FF0010C3A2B84F80CC021
:101260007FF411AFD4E901321344002262751A727F
:101270006268A76912F1080302937DD0039BD7F837
:101280002C9019884FF6FF7841454E4675D0CB0912
:1012900009EBC30301F07F01586810EBC1006CD06B
:1012A000C588D4F808A0059202F1070B66462A46C5
:1012B000D3445546034692468EB9C2455CD04FEAA8
:1012C000DA1109EBC1010AF07F024B6813EBC2038C
:1012D00052D086F00106B3F806A0002EEDD01979A1
:1012E000042900F08681052900F0BF81022900F061
:1012F0008481002DE1D14FF6FF739A4555463BD0CE
:10130000EB0909EBC30905F07F0AD9F80430029311
:1013100013EBCA0830D098F80450EA0700F10582B0
:10132000EB0614D5029B33F83A304FF6FF72934226
:1013300000F0C481FA6AB88ED90902EBC10203F049
:101340007F01526822F83100BB8698F8045015F0EE
:10135000600F40F0B681002388F804307EE0002062
:1013600060759CE5BA78040089D6020029CC020099
:1013700091D6020001001F00FE6AB7F834904FF6C4
:10138000FF73994507F10C0A00F044824FEAD91324
:1013900006EBC30609F07F03756835F83320BA867B
:1013A00005EBC30500234FF6FF722B71EA80BB8E5D
:1013B000FE6A934200F04F82DA0906EBC20603F0A0
:1013C0007F08726832F83810B98602EBC80800222C
:1013D00088F804204FF6FF71039AA8F80610EB80F6
:1013E00052888A4200F05982F96AD00901EBC001A3
:1013F00002F07F02496801EBC202A2F80690039A4C
:101400005380D4E90196032E09F1080A00F2B28153
:10141000F7B2002E00F07483781E5AFA80F009F1BA
:101420000703002213F8011F002908BF42F0010240
:101430009842F7D1002A40F09D8102232B7199F840
:1014400008302B70012F07D099F809306B70022FEC
:101450001CBF99F80A30AB700023AB55019B414685
:10146000013B4FF00002204600F086FC00287FF48C
:1014700016AD637D002B49D0237D202B54D801A2CB
:1014800052F823F0990E03002915030029150300D3
:101490002915030029150300291503002915030048
:1014A0002915030029150300091503000915030078
:1014B0002915030029150300091503002915030048
:1014C0002915030029150300291503002915030018
:1014D0002915030029150300291503002915030008
:1014E00029150300291503002915030029150300F8
:1014F00029150300291503002915030029150300E8
:10150000291503000915030000236375012206A9AC
:1015100020690AF093FA00283FF4BBAC9DF818301C
:10152000237501226275A8E701227D2B22733FF407
:1015300016AF2C2B7FF4A7AD0023154663751E460E
:10154000012206A920690AF079FA00283FF4A1AC2B
:101550009DF8183065752375202B47D801A252F8E5
:1015600023F000BF990E0300ED150300ED150300F5
:10157000ED150300ED150300ED150300ED15030057
:10158000ED150300ED150300E9150300E91503004F
:10159000ED150300ED150300E9150300ED1503003B
:1015A000ED150300ED150300ED150300ED15030027
:1015B000ED150300ED150300ED150300ED15030017
:1015C000ED150300ED150300ED150300ED15030007
:1015D000ED150300ED150300ED150300ED150300F7
:1015E000ED150300E91503006675A9E701232373D0
:1015F00066E41B68002B3FF47CAE1846049314F09D
:101600009DF9049B85427FF458AE002D3FF473AEE4
:10161000059A1878117A88427FF44FAE1846029BDB
:1016200006E013F8011F10F8012F91427FF445AE38
:101630005B45F6D15FE6392D7FF686AD5E2D40F233
:1016400084837A2D3FF696AD66686775002E7FF429
:1016500080AD012206A920690AF0F0F950B19DF889
:10166000185025750123637581E5196801F1080398
:10167000C888C7E70123207563757BE5D4F800A00F
:101680005B00DAF8009003F10108B8F5803FD9F863
:1016900000203CD2D2F808B003F10A01A74B9B45C9
:1016A00040F0C68130460AF085FA002800F0FA8042
:1016B000A0F8068006466060A3684FE500231B8003
:1016C000FFDE029B33F83A604FF6FF7B5E4518D091
:1016D000CDF810B0FB6AF20903EBC20306F07F09F4
:1016E0005D6805EBC90318463946B3F806B0FCF748
:1016F000E3F8BB8E25F83930049BBE869B455E46D9
:10170000E8D1029A4FF0FF3342F83A3023E65368AB
:101710008B4A934240F0CD8030460AF035FA0123DF
:101720008AF80430637D67601DE5BA6853F83A00B3
:101730003E68002A3FF4F4AD904201D1F4E11A462C
:101740001368002B3FF4ECAD9842F8D18388013B3D
:101750009BB28380002B40F0B7800368136033682E
:10176000774A5B68934240F0AC800AF00DFA98F833
:101770000450D5E500230AF806302768A668B86843
:1017800040B306F1070B01E0006818B3C3889E421E
:10179000FAD196B1027A99F808309A42F4D15246B9
:1017A00000F1080300EB0B0E05E012F801CF13F86F
:1017B000011F8C45E8D17345F7D1838801338380BD
:1017C000052328602B7149E60123207563750320EA
:1017D000FFF765BBB6F5803FD4F80490D7F800A0BA
:1017E00080F09181DAF8003054499B688B4206F111
:1017F000090240F08181114648460AF0DBF90028D1
:1018000000F08181C68023689A6802600022986097
:101810006260D5E73B8ED7F80080002B00F0928005
:101820005A1E92B206EBC2004568002D00F03B81C3
:10183000418836F832C08C4540F2358101F1010C07
:1018400015EBC105A0F802C000F02D8101EBC2121A
:101850001FFA82F9A6E5398ED7F800B0002900F00A
:10186000B180481E80B206EBC00CDCF80420002AD0
:1018700000F02D81BCF8023036F830E09E4540F291
:10188000268103F1010E12EBC308ACF802E000F070
:101890001E8103EBC0139BB299E5039AA2F8009056
:1018A0005380AEE5D9F80030254A5B6893423FF497
:1018B00033AF31464846984731E73946484698475E
:1018C0001CE401463046984798F8045028E501F595
:1018D000105292B2B2F5806FC0F0B3807F29DEB2B1
:1018E00000F2B6806768002F3FF499ABA368FA88CE
:1018F00093427FF410ABD4F800905A00D9F80080DE
:1019000002F1010ABAF5803FD8F8003080F00A826F
:101910009B680A32394640469847002800F00E82FC
:10192000A0F806A007466060A368FFF7F4BA0A466D
:10193000484639469847FFF7C8BB00BF89D6020022
:1019400029CC02007A8E002A00F0068101233B8612
:1019500035464FF480604FF08009D8F80030C04A17
:101960001B68934240F0EA800AF0F4F800284FF038
:10197000000308BF4FF00009A5F800906B803B8E74
:101980006860013B9BB206EBC302556895B136F81F
:101990003300518888420DD9481C15EBC105508091
:1019A00008D001EBC3131FFA83F9FBE4B1F5007F04
:1019B00040F0098101233B710420FFF770BA012335
:1019C0002B7136E47B8E002B00F0FD8001233B86DB
:1019D000B0464FF480604FF0800ADBF80030A04A38
:1019E0001B68934240F0AF800AF0B4F800284FF033
:1019F000000308BF4FF0000AA8F800A0A8F80230C2
:101A00003B8EC8F80400013B9BB206EBC300426862
:101A1000002ACFD036F8336041888E42CAD94E1C96
:101A200012EBC1084680C5D001EBC3139BB2CEE4D4
:101A30000A4648463146D84737E628219847FFF7F7
:101A4000F3BBC1F3090141EA8B2101F58031CEB22C
:101A5000890906F03F038AB263F07F0300201F2A42
:101A60008DF819308DF81800CBB200F2D68063F0F3
:101A70003F038DF81A300DF11B0919F8017D002F75
:101A80003FF44DAA6668002EF7D0A368F28893420F
:101A90007BD01E440133A360377219F8017D002FFB
:101AA000F0D1FFF73CBA7A8E9A4251D05A1C92B2CA
:101AB000B2F5007F3A8606EBC3050BBF4FF47E708C
:101AC0004FF480604FF07F094FF0800945E77B8E2F
:101AD0008B423FF46BAF4B1C9BB2B3F5007F3B8650
:101AE00006EBC1080BBF4FF47E704FF480604FF0DF
:101AF0007F0A4FF0800A70E74946504698477EE6D5
:101B000002232B71A8E4DAF80030564A5B6893424E
:101B100040F0F88048460AF037F8226800239268BF
:101B2000012139711A60FFDE8388013B9BB28380FB
:101B3000002B7FF4C9AE0368BB6010E60146404647
:101B40009847FE6A12E7014658469847FE6A4DE7F5
:101B5000B3F5007F3FF42EAF5B009DB2B2454FEA74
:101B6000C501D8F8003000F081809B683E4A93425E
:101B700040F0D28030460AF01DF80646002E3FF4B1
:101B800019AFFE627D863B8E90E7216802915A0074
:101B9000D1F8008002F1010ABAF5803FD8F8003090
:101BA0002DD29B6830498B4202F10A0240F0A68098
:101BB0001146304609F0FEFFF8B1A0F806A006462F
:101BC0006060A36865E749001FFA81F8B2454FEAF3
:101BD000C801DBF800306DD09B68234A934240F087
:101BE0009580304609F0E6FF0646002E3FF4E2AE4F
:101BF000FE62A7F83280398E6DE7D8F800305B6856
:101C0000184A93421AD1304609F0BEFF029A0023C7
:101C10004FF00101117163602FE78A1103F03F0358
:101C200063F07F030F2A8DF81A30D3B20ADC63F019
:101C30001F038DF81B300DF11C091EE7314640468D
:101C40009847E3E703F03F03091363F07F0261F075
:101C50000F038DF81B208DF81C300DF11D090CE7CA
:101C600091D6020029CC020089D602001B68414AA5
:101C700093427BD1084609F06DFF0646002E3FF4E3
:101C800099AEDAF80010DAF80420DAF80830DAF859
:101C90000C00F06031607260B360DAF81010DAF8AE
:101CA0001420DAF81830DAF81C00F0613161726142
:101CB000B36166E71B682F4A934253D1084609F087
:101CC00049FF0646002E3FF475AEDAF80010DAF848
:101CD0000420DAF80830DAF80C00F0603160726045
:101CE000B360DAF81010DAF81420DAF81830DAF8FD
:101CF0001C00F06131617261B36179E731464046A1
:101D0000984759E749465046984706E70A465846D5
:101D100031469847064668E70A46404631469847A6
:101D200006462BE75B68394640469847012389F809
:101D300004300022637D6260FFF7D6B8D8F8003027
:101D400039465B6840469847F0E7402D7FF612AA77
:101D50005A2D7FF6F9A9FFF70DBA402D3FF6F1A9EC
:101D6000FFF791B9584698470646ABE74046984773
:101D7000064683E791D602002DE9F04F427D87B0F9
:101D800081468B461C46C2B1007D202832D8DFE850
:101D900000F028313131313131313111113131110E
:101DA0003131313131313131313131313131313123
:101DB00031311100002389F81530012204A9D9F826
:101DC000100009F03BFE38B19DF8100089F81400AE
:101DD000012389F81530D8E7012389F8140089F820
:101DE000153099F80C30002B40F0E680012007B048
:101DF000BDE8F08F0122662889F80C2000F0DA8116
:101E000040F26981742800F0DB807B2800F0918229
:101E10006E2800F0FE800024264609F11B070125EC
:101E20002F2840F21A81392840F21A81A0F12D039F
:101E3000012B40F2158100F0DF03452B00F01081EB
:101E400009EB04030020187799F81C302B2B00F0C5
:101E5000CE842D2B00F05583029009F11C07A3F1CD
:101E60003002D2B2092A40F232842E2B40F02F8168
:101E7000002400254FF0000A7E78A6F1300C5FFAAE
:101E80008CFCBCF1090F07F101072AD8E5A1D1E9C3
:101E90000001CDE90045DDE90045A94208BFA042A7
:101EA00014D3009CAE00A20046EA9473DDE900451D
:101EB000A4185D4124196D4114EB0C0245F1000397
:101EC000CDE900230AF1FF3A0FFA8AFA17F8016FF9
:101ED000A6F1300C5FFA8CFCBCF1090FDBD9DDE90F
:101EE000004506F0DF03452BD04600F01483002E9A
:101EF00040F0ED8008F126034C2B00F28E85002D7A
:101F000008BFB4F5000F80F0888507EE904AB8F15D
:101F1000000FF8EEE77A40F3C787BD4B18F0010FCA
:101F20001CBF93ED007A67EE877A5FEA680227D0DC
:101F3000D00744BF93ED017A67EE877A5FEAA80283
:101F40001ED0D10744BF93ED027A67EE877A5FEA2D
:101F5000E80215D0D20744BF93ED037A67EE877A83
:101F60005FEA28120CD0012A03D193ED047A67EEC0
:101F7000877A5FEA581203D093ED057A67EE877A85
:101F8000029B0BB1F1EE677A0E23CBED007A8BF852
:101F9000043000202BE789F8155001223946D9F882
:101FA000100009F04BFD002840F02482002201239C
:101FB00089F8142089F81530022007B0BDE8F08FA9
:101FC00006238BF800208BF8043099F81530002B8D
:101FD00000F0C08599F814308E4D0446002BEBD0EC
:101FE000A34274D115F8014F002389F81530002C55
:101FF00000F0CB81012204A9D9F8100009F01EFDE0
:1020000020B39DF8103089F81430012289F815208A
:10201000E4E7814E1446002709E09DF8103089F866
:10202000154089F81430002BC6D09D424FD116F8C8
:10203000015F89F81570002D00F0A781012204A925
:10204000D9F8100009F0FAFC0028E6D1012389F83C
:10205000140089F815300220AFE72B287FF4E6AE94
:102060003F2C3FF4EDAE89F8156007F8010F0134FD
:10207000D9F81000012204A9E4B209F0DFFC08B18C
:102080009DF8100089F8140089F81550C8E604AFCF
:1020900039460122D9F8100009F0D0FC0028D5D02B
:1020A0009DF8104089F815A089F81440002C83D0C1
:1020B000752C3FF470AF2F2C00F0FC80574A27237B
:1020C0009C4200F0F38012F8023F002BF8D103206D
:1020D00007B0BDE8F08F272800F0AB805B2840F008
:1020E000A58040214FF0FF33E4B28BF80410CBF809
:1020F0000030002C00F065810023154689F815306A
:102100001E460DF1100A01225146D9F8100009F0BF
:1021100095FC00283FF460AE9DF8103089F815500A
:1021200089F81430202B00F2248201A252F823F007
:10213000E31D0300732503007325030073250300CB
:102140007325030073250300732503007325030023
:1021500073250300112503001125030073250300D7
:102160007325030011250300732503007325030065
:1021700073250300732503007325030073250300F3
:1021800073250300732503007325030073250300E3
:1021900073250300732503007325030073250300D3
:1021A00073250300732503007325030073250300C3
:1021B00011250300002306228BF804208BF8003041
:1021C00099F81530002B00F0C98499F81430144D9B
:1021D0000446002B3FF4F0AE9C427FF478AF15F834
:1021E000014F002389F81530002C00F0CE80012229
:1021F00004A9D9F8100009F021FC00283FF426AF0B
:102200009DF8103089F81430012289F81520E0E794
:10221000AC760400D4780400B0780400BA780400E6
:10222000DC780400989999999999010022287FF403
:10223000F2ADD9F804300022C9F80820002B00F0D4
:10224000748399F814600022134689F815200092CF
:102250004FF0010AEBB199F814400025B44289F817
:10226000155032D0002C3FF4A7AE5C2C3FF40FAFDA
:10227000D9F804506DB1D9F80830EA88934200F0DB
:1022800086801D440133C9F808302C7299F8153046
:10229000E0E704AF39460122D9F8100009F0CEFB7F
:1022A00060B19DF8104089F81440D6E75478002CAE
:1022B0003FF40DAF002389F81530D9E789F81400F1
:1022C00089F81500002E7FF477AED9F80470002F3E
:1022D00000F05584D9F80850032D07F1080C00F2DE
:1022E000CA82ECB2002D00F06685601E5CFA80F0B8
:1022F000FB1D002213F8011F002908BF42F0010254
:102300008342F7D1002A40F0B68202238BF80430D2
:102310003B7A8BF80030012C07D07B7A8BF80130A8
:10232000022C02D0BB7A8BF8023000200BF805009B
:102330005DE520214FF0FF328BF80410CBF8002030
:102340002346484659464FF00002FEF775FD4EE51C
:10235000CB4D0024D9F81860B38EF76A4FF6FF72A0
:10236000934200F07E85DA0907EBC20703F07F0194
:102370007A6832F83100B08602EBC1021E21ABF858
:1023800000308BF80410C2E9004500202FE5D9F891
:1023900000805A00571CD8F80030B7F5803F196804
:1023A00011D34A68B7498A4240F01C83284609F095
:1023B000EBFB88F804A0002299F81530C9F8042036
:1023C00048E7052013E5886802F10A01AE4A904209
:1023D000844640F015832846029309F0EBFB029BEC
:1023E000002800F0F982C7800546C9F80400D9F832
:1023F000083046E79DF8104089F815A089F8144088
:10240000002C3FF4D9AD402C86BF24F02004373C8B
:10241000303CE5B20F2D3FF65AAE002389F8153057
:1024200001223946D9F8100009F008FB00283FF4D2
:10243000BDAD9DF8104089F815A089F81440002C16
:102440003FF4BAAD402C86BF24F02004373C303C2A
:10245000E4B20F2C3FF63BAE002389F81530012281
:102460003946D9F8100044EA051409F0E7FA0028C3
:102470003FF49CAD9DF8103089F815A089F8143010
:10248000002B3FF499AD402B86BF23F02003373B50
:10249000303BDBB20F2B3FF61AAE002243EA0414A6
:1024A00089F8152039460122D9F8100024B209F024
:1024B000C5FA00283FF47AAD9DF8103089F815A0D0
:1024C00089F81430002B3FF477AD402B86BF23F002
:1024D0002003373B303BDBB20F2B3FF6F8AD43EA2E
:1024E000041424B2A2B202F520539BB20021B3F52A
:1024F000806F89F8151080F04583C2F309030093BB
:10250000C8E6012209F11D0799F81D300292A6E4E0
:1025100089F81560F7E57E782D2E00F067832B2E65
:1025200000F0CA83A6F13003DAB2092A07F10107E5
:102530003FF6DDAC98465344B3F59A7F00F3AB8386
:10254000002109E008EB880803EB480808EB0A03C0
:10255000B3F59A7F00F3068317F8016FA6F13003F5
:10256000DAB2092AEED9002900F0B483AAEB0808F0
:10257000BDE401225D2B89F80C2000F049824FF662
:10258000FF77CDF800A0D9F81850AB8EEE6ABB42A9
:1025900000F00981DA0906EBC20603F07F027168D8
:1025A00031F83200A88601EBC2010022CF800A7107
:1025B000BBF80220BA4200F01581E86AD50900EBA9
:1025C000C50002F07F02406800EBC202D380ABF886
:1025D0000230631E4FF000024846FFF7CDFB002893
:1025E0007FF405AC99F81530002B52D099F81430CF
:1025F000202B5FD801A252F823F000BFE31D030097
:10260000B5260300B5260300B5260300B526030052
:10261000B5260300B5260300B5260300B526030042
:102620008D2603008D260300B5260300B526030082
:102630008D260300B5260300B5260300B52603004A
:10264000B5260300B5260300B5260300B526030012
:10265000B5260300B5260300B5260300B526030002
:10266000B5260300B5260300B5260300B5260300F2
:10267000B5260300B5260300B52603008D2603000A
:102680000000F87F29CC020089D60200002389F8D7
:10269000153001220099D9F8100009F0CFF900286F
:1026A0003FF49AAB9DF8103089F81430012289F874
:1026B00015209DE701225D2B89F80C2000F0A881F0
:1026C0002C2B7FF404AD002389F815305BE7002440
:1026D0000025D2B20023CDE900451FE0C34C4FF0E6
:1026E00099338C4208BF8342C0F01C8182000D46A2
:1026F000890041EA907384185D41201945EB05017A
:1027000000230D465FFA88F2D9430446A9426FEAD6
:10271000020008BFA042CDE900451DD3DDE900015C
:1027200017F8016FA6F1300880185FFA88F8594150
:10273000B8F1090FCDE90001D0D904460D46002EAD
:1027400040F08A85029B002B00F0C880B1F1004F59
:1027500008BF0128C0F0CF804FF0000A204629466C
:102760000A22002312F062F9A14B4FF0FF328B4294
:102770000AF1010A08BF824204460D460FFA8AFA9E
:10278000ECD3B8F1090F09D817F8016FA6F130039F
:102790000AF1010A092B0FFA8AFAF5D92E2E7FF4D5
:1027A000A0ABFFF769BB2A8E2B683AB3501E80B2EC
:1027B00006EBC00EDEF80410002900F0DB80BEF846
:1027C00002C036F83080E04540F2D4800CF10108B8
:1027D00011EBCC01AEF8028000F0CC800CEBC01302
:1027E0009BB2E2E6ABF80030ABF80230F1E699F8C4
:1027F0001D30029009F11D07FFF731BB698E0029DA
:1028000000F06B8201222A86B0464FF480604FF0C0
:10281000800A1A68774912688A4240F0FB8109F001
:1028200099F900284FF0000308BF4FF0000AA8F8FC
:1028300000A0A8F802302B8EC8F80400013B9BB220
:1028400006EBC300416889B136F83360428896428E
:102850000CD9561C11EBC201468007D002EBC31302
:102860009BB2A2E6B2F5007F40F0378201232B71C4
:102870000420FFF7BCBA00230CF80530D9F800603B
:10288000D9F80850B068002800F0898005F10708E1
:1028900003E00068002800F08280C3889D42F8D1E0
:1028A0008DB1027A3B7A9A42F3D1624600F1080375
:1028B00000EB080E05E012F8014F13F8011F8C42DF
:1028C000E7D19E45F7D18388013383800523CBF878
:1028D00000008BF804300020FFF789BA012908BFF7
:1028E000002880F0BA8118460A23CBF800408BF804
:1028F0000430FFF77CBA4FF00042121A4FF0000389
:1029000063EB0103644265EB4505012B08BF002A18
:1029100080F085810C23CBF8004030468BF80430E2
:10292000FFF765BA04460D4616E7D9F80040314A6C
:10293000206803681B68934240F04B82282009F00E
:1029400009F9002800F0C3812B4B436099F815303A
:10295000C9F80400002B7FF474AC012204A9D9F853
:10296000100009F06BF8002834D09DF8106089F849
:10297000146068E4698E91423FF474AF511C89B2CF
:10298000B1F5007F298606EBC2080BBF4FF47E70BD
:102990004FF480604FF07F0A4FF0800A39E73468C7
:1029A000D9F804702368B5F5803F80F0AB829B684E
:1029B00005F10902394620469847002800F0B48303
:1029C000C580D9F800309A68026000229860C9F882
:1029D00004207BE70646CAE71A68084952688A421B
:1029E0003FF4E4AC294618469047E2E499999919D6
:1029F000FFFF0F0091D6020001001F0029CC02004A
:102A00000A4618460293294663469847029BE7E424
:102A1000002089F81500FFF7EAB92046294611F091
:102A2000B7FBB8F1000F04460D4640F37581BD4E6B
:102A300018F0010F40F0C4815FEA680300F03781AD
:102A4000DA0707D520462946D6E9022311F0D6FB3E
:102A500004460D465FEAA80300F02981DB0707D58D
:102A600020462946D6E9042311F0C8FB04460D464A
:102A70005FEAE80300F01B81DF0707D520462946FF
:102A8000D6E9062311F0BAFB04460D465FEA281387
:102A900000F00D81D80707D520462946D6E908233E
:102AA00011F0ACFB04460D465FEA681300F0FF80AE
:102AB000D90707D520462946D6E90A2311F09EFBFF
:102AC00004460D465FEAA81300F0F180DA0707D547
:102AD00020462946D6E90C2311F090FB04460D460A
:102AE0005FEAE81300F0E380DB0707D520462946BC
:102AF000D6E90E2311F082FB04460D465FEA282337
:102B000000F0D580DF0700F1D6815FEA582300F09E
:102B1000CE80029B002B3FF41BAC834D002405F1BB
:102B200000431D462946204611F022FE064611F0BC
:102B30000DFB02460B462046294611F0C7FD002832
:102B40003FF408AC0E23CBF800608BF80430002073
:102B5000FFF74DB9754D0446FFF74CBA744D044666
:102B6000FFF745BB002900F09680DFED727AFFF792
:102B70000BBAB1F5007F40F02583012333710420A7
:102B8000FFF735B902F510539BB2B3F5806FC0F073
:102B9000DB807F2AE4B200F2DF80D9F80450002DF8
:102BA0003FF478ABD9F80830EA8893427FF469ABF8
:102BB0005B00D9F80020029203F10108B8F5803FCC
:102BC000176880F01883396803F10A0238468B6869
:102BD00029469847002800F00E83A0F80680054695
:102BE000C9F80400D9F80830FFF74BBBBE78A6F14E
:102BF00030085FFA88F3092B07F1020788BF4FF00E
:102C000000083FF6B3AC0AEB0803B3F59A7FACDCDF
:102C10000121A1E4014618469047EE6A01E6D9F881
:102C20001860B38E4FF6FF72934200F0D580F26ABF
:102C3000D90902EBC10203F07F01526832F831007A
:102C4000B08602EBC1021C21ABF800308BF80410F7
:102C50000020C2E90045FFF7CAB8D9F81860B38E62
:102C6000F76A4FF6FF72934200F0D980DA0907EB5A
:102C7000C20703F07F017A6832F83100B08602EBB8
:102C8000C1021A21ABF800308BF804100020C2E911
:102C90000045FFF7ACB8029BDFED277A9FED277A5E
:102CA000002B14BF17EE106A17EE906A4AE7029BDA
:102CB000002B7FF434AF35E7BE78A6F13003DAB2EB
:102CC000092A07F102077FF635ACFFF710B9012397
:102CD00023713BE6D044FFF70AB9520005F10C0816
:102CE0001FFA82FAB0454FEACA011A6800F016814D
:102CF000D2F80880124A904540F0B88230460293DC
:102D000008F058FF029B0646002E3FF4AFADEE627E
:102D1000A5F832A02A8E31E6C8F10008C7D0094EC6
:102D200086E600BF107704000000F87FD478040026
:102D3000DC780400000000800000807F000080FF3D
:102D400089D60200C8760400009BC2F3090242EA59
:102D5000832202F58032D4B2920904F03F0391B28B
:102D600063F07F0300201F298DF811308DF81000CB
:102D7000D3B200F2B98163F03F038DF812300DF148
:102D8000130818F8015D002D3FF480AAD9F804401B
:102D9000002CF6D0D9F80830E288934200F09480F5
:102DA0001C440133C9F80830257218F8015D002D64
:102DB000ECD1FFF76BBA02238BF80430FFF7B5BAFA
:102DC00020462946D6E9002311F018FA04460D469C
:102DD00032E628219847B4E5318ED6F800808C463B
:102DE000002900F0B9804B1ED6F82CE098B20EEB0B
:102DF000C0077A68002A00F05C813EF830E07B88EA
:102E00009E4540F2568103F1010E12EBC302A7F872
:102E100002E000F04E8103EBC0139BB213E7318E4A
:102E2000D6F80080002900F001814B1E98B207EB14
:102E3000C00CDCF80420002A00F06781BCF80230E6
:102E400037F830E09E4540F2608103F1010E12EB4D
:102E5000C302ACF802E000F0588103EBC0139BB250
:102E60000FE7318ED6F80080002900F0AA804B1EB3
:102E700098B207EBC00CDCF80420002A00F00881AF
:102E8000BCF8023037F830E09E4540F2018103F192
:102E9000010E12EBC302ACF802E000F0F98003EB84
:102EA000C0139BB2FFF76ABAC8F100083FF468A8E4
:102EB000C34BFFF733B820462946D6E9102311F05B
:102EC0009DF904460D4620E6D9F8001002915A00FB
:102ED000531C0F681946B1F5803F3B68039180F0A1
:102EE000F8809B680A32214638469847002800F04F
:102EF0009181BDF80C30C3800446C9F80400D9F8AC
:102F000008304DE75B68394620469847D9F80020DD
:102F100000239268012131711A60FFDE1668029366
:102F20001846B047064600283FF4A0ACE868296977
:102F30006A69D5F818C0C6F80CC030607160B2601C
:102F4000E869296A6A6AD5F828C0C6F81CC03061E9
:102F50007161B261029BDAE6B6F832C0BCF1000FD3
:102F600000F030810123D6F82C9033868027D8F8E2
:102F70000030F9001B6840469847002808BF00272A
:102F80000023A9F80070A9F80230338EF76AC9F857
:102F90000400013B99B207EBC1004268002A3FF4EC
:102FA000ECAD37F8317043889F427FF6E6AD5F1C89
:102FB00012EBC30247803FF4E0AD03EBC1139BB2B9
:102FC00041E6738E002B00F0E380012333864FF03F
:102FD0008009D8F800304FEAC9011B68404698477D
:102FE00000284FF0000308BF4FF00009A7F8009039
:102FF0007B80338ED6F82CC07860013B99B20CEB05
:10300000C1004268002A3FF4B8AD3CF831704388F3
:103010009F427FF6B2AD5F1C12EBC30247803FF4C4
:10302000ACAD03EBC1139BB2FFF7A8B9738E002BB5
:1030300000F092800123B94633868027D8F800300B
:10304000F9001B6840469847002808BF0027002366
:10305000A9F80070A9F80230338EF76AC9F80400A5
:10306000013B99B207EBC1004268002A3FF485ADED
:1030700037F8317043889F427FF67FAD5F1C12EBBB
:10308000C30247803FF479AD03EBC1139BB2F8E56F
:10309000738E8B4278D04B1C9BB2F26A3386B3F5A9
:1030A000007F0CBF4FF07F094FF0800902EBC10792
:1030B0008FE7738E8B423FF45CAD4B1C9BB2F26A80
:1030C0003386B3F5007F0CBF7F27802702EBC10951
:1030D0004DE75B68214638469847029B83F804A079
:1030E0000023C9F804304CE6911103F03F0363F06C
:1030F0007F030F298DF81230CBB21BDC63F01F0366
:103100008DF813300DF114083BE6738E8B421FD0FF
:103110004A1C92B2F36A3286B2F5007F0CBF7F2759
:10312000802703EBC10989E7236839465B6820469D
:103130009847EBE603F03F03121363F07F0162F060
:103140000F038DF813108DF814300DF1150818E6E3
:10315000B1F5007F3FF411AD490006F10C031FFAF1
:1031600081F9BB424FEAC902D8F8001000F086800E
:103170008B6840463946984700283FF4FEACF06221
:10318000A6F83290318EC3E7B1F5007F3FF4F5AC7D
:10319000490006F10C031FFA81F9BB424FEAC9024C
:1031A000D8F8001000F086808B6840463946984772
:1031B00000283FF4E2ACF062A6F83290318E6AE764
:1031C00094760400F36AD8F800104FEA4C0C06F12C
:1031D0000C071FFA8CF99F424FEAC90220D08F6872
:1031E00040461946B84700283FF4C7ACF062A6F83D
:1031F0003290318E61E73B6829465B6838469847D4
:10320000029B002283F804A099F81530C9F8042025
:10321000FFF720B83B6821465B68384698475CE773
:103220000B6840461146984700283FF4A6ACF16869
:1032300032697369D6F818C0C0F80CC001604260EA
:103240008360F169326A736AD6F828C0C0F81CC07E
:10325000016142618361C9E7B1F5801F08BF0028A1
:10326000BFF47AAA4FF0000AFFF798BA0A46184648
:1032700031460293C047029B064645E50B6840462F
:103280001146984700283FF478AC39687A68BB68E3
:10329000D7F80CC0C0F80CC0016042608360396987
:1032A0007A69BB69D7F81CC0C0F81CC001614261D3
:1032B000836164E70B6840461146984700283FF455
:1032C0005CAC39687A68BB68D7F80CC0C0F80CC031
:1032D00001604260836039697A69BB69D7F81CC0B4
:1032E000C0F81CC001614261836164E70000000016
:1032F000016D002900F092822DE9F04F2DED028B37
:10330000B7B00024BE4B426D11938246234615A8E8
:103310004FF47A751294ADF854408DF856401395D9
:103320000BF074FD9DF85430002B00F06D82BAF85C
:103330008830DAF858B0DAF884200AF190010AF1FE
:10334000580800910AF16409C3B1AE4F264602EB5A
:10335000C4056968084649B1DBF800305B68BB42C8
:1033600040F0618208F010FCDAF884202E60BAF890
:1033700088306E600134A4B2A342E8D800214FF631
:10338000FF739145AAF88810AAF88C300ED0DBF8AC
:1033900000309C495B688B4240F0CF87104608F0B4
:1033A000F3FB0423CAF88490AAF88A300023DAF8E1
:1033B0005850944C8AF85C30DAF86010084671B1C5
:1033C0002B680A685B68CAF86020A34240F0288234
:1033D00008F0DAFBDAF8601008460029F0D10E4652
:1033E0008AF8941011AC009922941EA84FF00A0399
:1033F0004FF00002CDE91E8620968DF884608DF88E
:103400008D60CDF89080FEF7B7FC0446002800F0F0
:103410000F821F98002800F0F7811E9B79491A68D7
:1034200013685B688B4241F0B28408F0ADFB002C5E
:1034300040F0EA8115A80BF087FC9AF894B00AF1E5
:103440001C034FF000084FF0000900934FF6FF7681
:103450004746DC46BCF1200F00F0B2824846009B94
:10346000013743F8040B032F0093F3D1E3460AF12D
:1034700028060025B7EE008A0AE025F004059FED36
:10348000628A032DF7EE007A1D4608BFB0EE678A08
:10349000BBF1200F00F0D9816B1C092BA6EC018A2F
:1034A000EBD1BBF1200F00F0A18600200AF1100340
:1034B00000930023CAF84C001E46BBF1200F00F019
:1034C000D183DFED517A009B0136E3EC017A032EC4
:1034D0000093F2D10AF104030093BBF1200F4FF0E7
:1034E00000031E460ED0DFED487A009B0136E3EC68
:1034F000017A032E009300F073869AF894B0BBF122
:10350000200FF0D1BAF890804FF6FF7BD845EAD073
:10351000DAF884704FEAD81307EBC30308F07F0092
:103520005B6813EBC000DED00124B0F806900346C0
:103530008CB9D945D7D04FEAD91207EBC20209F0AE
:103540007F09536813EBC903CDD084F00104B3F8AD
:103550000690002CEDD01A79042A00F03E85052A49
:1035600000F03685022AE4D118461D4612F0E6F92D
:103570000B28DED12B78612BDBD16B78632BD8D174
:10358000AB78632BD5D1EB78652BD2D12B796C2B13
:10359000CFD16B795F2BCCD1AB797A2BC9D1EB79B9
:1035A000652BC6D12B7A722BC3D16B7A6F2BC0D10E
:1035B000AB7A672BBDD14FF6FF71894593D04FEAA7
:1035C000D91207EBC20209F07F00536813EBC00267
:1035D00089D01279402A86D133F830308B4282D09C
:1035E000D80907EBC00003F07F02436813EBC20366
:1035F0003FF479AFB346DA88CEB10846314606E0EB
:103600006476040029CC0200000000000121D309E7
:10361000824207EBC30302F07F053FF464AF5B68AF
:1036200013EBC5033FF45FAF0129DA88EED11B79B4
:103630001B077FF558AF9AF89430202B7FF453AFD7
:103640004FF6FF7188453FF44EAF4FEAD81307EBB2
:10365000C30308F07F085B6813EBC8033FF443AF74
:10366000DA88884691469CB9C1453FF43CAF4FEAA1
:10367000D91207EBC20209F07F09536813EBC903A3
:103680003FF431AF84F00104B3F80690002CEBD086
:103690001A79042A01F0AD82052A01F0A582022AD6
:1036A000E2D118461D4612F049F90B28DCD12B78DF
:1036B000612BD9D16B78632BD6D1AB78632BD3D167
:1036C000EB78652BD0D12B796C2BCDD16B795F2B1F
:1036D000CAD1AB797A2BC7D1EB79652BC4D12B7AC0
:1036E000722BC1D16B7A6F2BBED1AB7A672BBBD15A
:1036F0004FF6FF7081454A463FF4F5AED30907EB1C
:10370000C30309F07F025B6813EBC2013FF4EBAE29
:10371000097940297FF4E7AE33F8323083423FF431
:10372000E2AEDA0907EBC20203F07F03516811EB46
:10373000C3013FF4D8AECB8816B912E04FF0010BAD
:10374000DA09834207EBC20203F07F013FF4CBAEFC
:10375000536813EBC1013FF4C6AEBBF1010FCB8838
:10376000ECD10B7913F010020DD00A884FF6FF70E0
:10377000824201F03784D00907EBC00702F07F00D6
:103780007A6802EBC002023B1C2B3FF6ACAE01A0F4
:1037900050F823F097490300E734030093490300EE
:1037A0005D4803004B480300E7340300E73403009F
:1037B000E734030039480300E734030027480300D7
:1037C000E73403001F480300E7340300E734030035
:1037D000E7340300E7340300E7340300E734030071
:1037E000E7340300E7340300E7340300E734030061
:1037F000E73403000B480300E7340300F7470300F6
:10380000E7340300E7470300B749B84807F0CCFFA7
:10381000002037B0BDEC028BBDE8F08F0846704742
:1038200028469847C8E558469847DAF884209DE529
:103830009DF88C3023B19AF894301A0700F18285F4
:103840001F9800287FF4E9ADF4E5BAF890904FF6A0
:10385000FF7291453FF420AEDAF884804FEAD91325
:1038600008EBC30309F07F005B6813EBC0003FF473
:1038700013AE0124C388CDF80090D146AA46254650
:1038800093461C46024685B95C4500F08880E109F4
:1038900008EBC10104F07F044A6812EBC4027ED039
:1038A00085F00105D488002DEED0117904297FD050
:1038B000052979D00229E7D11046174612F03EF8C3
:1038C0000C28E1D13A786D2ADED17A78612ADBD1F1
:1038D000BA78672AD8D1FA785F2AD5D13A79732A8B
:1038E000D2D17A796F2ACFD1BA79662ACCD1FA7936
:1038F000742AC9D13A7A692AC6D17A7A722AC3D18E
:10390000BA7A6F2AC0D1FA7A6E2ABDD123462C46E4
:103910005546CA464FF6FF7C9AF89410DDF80090A1
:1039200063458B463FF4B8ADDA0908EBC20203F0F9
:103930007F00536813EBC0023FF4AEAD1279402A0A
:103940007FF4AAAD33F8303063453FF4A5ADD80914
:1039500008EBC00003F07F02436813EBC2033FF49F
:103960009BAD2F46DA8885B12846D309624508EB1E
:10397000C30302F07F0E3FF48FAD5B6813EBCE0301
:103980003FF48AAD0138DA88EFD11B7918077FF54B
:1039900083AD202900F02A839FED558A7CE55546AA
:1039A00099F894B0CA4677E51768F888083787E72A
:1039B0001768002F3FF468AF384611F0BFFF7FE76C
:1039C000BAF89080B0453FF449ADDAF884504FEA38
:1039D000D81305EBC30308F07F005B6813EBC0004E
:1039E0003FF43CAD0124CDF80880D046BA462F46BE
:1039F0002546B0F806B003469DB9B34500F02C81CA
:103A00004FEADB1107EBC1010BF07F0B4B6813EBA7
:103A1000CB0300F0218185F00105B3F806B0002D3D
:103A2000EBD01979042900F0CB82052900F0C4827B
:103A30000229E2D118461C4611F080FF0C28DCD187
:103A400023786D2BD9D16378612BD6D1A378672BDE
:103A5000D3D1E3785F2BD0D12379682BCDD1637993
:103A6000612BCAD1A379722BC7D1E379642BC4D15E
:103A7000237A692BC1D1637A722BBED1A37A6F2BC3
:103A8000BBD1E37A6E2BB8D12C463D465746C24691
:103A9000B3459AF894C0DDF80880E6463FF4DEAC02
:103AA0004FEADB1305EBC3030BF07F0B5B6813EBF3
:103AB000CB023FF4D3AC1279402A7FF4CFAC33F879
:103AC0003B30B3423FF4CAACD90905EBC10103F066
:103AD0007F024B6813EBC2033FF4C0ACBB46DA88ED
:103AE000CFB1384607E000BF5877040038630020A4
:103AF000000000000120D309B24205EBC30302F02D
:103B00007F013FF4ABAC5B6813EBC1033FF4A6ACA1
:103B10000128DA88EED11B791B077FF59FACBEF137
:103B2000200F7FF49BACB0453FF498AC4FEAD8131C
:103B300005EBC30308F07F085B6813EBC8033FF491
:103B40008DACDA88CDF808B0D346BA462F46254664
:103B500090469DB9B04500F012854FEAD81107EBA9
:103B6000C10108F07F084B6813EBC80300F007851C
:103B700085F00105B3F80680002DEBD019790429F2
:103B800001F02980052901F021800229E2D118469F
:103B90001C4611F0D3FE0C28DCD123786D2BD9D133
:103BA0006378612BD6D1A378672BD3D1E3785F2BD1
:103BB000D0D12379682BCDD16379612BCAD1A37978
:103BC000722BC7D1E379642BC4D1237A692BC1D17D
:103BD000637A722BBED1A37A6F2BBBD1E37A6E2BA3
:103BE000B8D1B0453D4642465746DA46DDF808B002
:103BF0002ED0D30905EBC30308F07F025B6813EBFB
:103C0000C20125D00979402922D133F83230B3429C
:103C10001ED0DA0905EBC20203F07F03516811EBF5
:103C2000C30115D0CB8867B900F0FABF536813EB16
:103C3000C1010DD0BBF1010FCB8800F0F1874FF02F
:103C4000010BDA09B34205EBC20203F07F01EDD1AB
:103C50004FF0200C484602E4574698F894C0C246FC
:103C6000FFF7FCBBBAF890804FF6FF7290453FF427
:103C700028ACDAF884704FEAD81307EBC30308F0D6
:103C80007F005B6813EBC0003FF41BAC0124B0F86D
:103C90000690934603469CB9D94500F07D814FEAD2
:103CA000D91207EBC20209F07F09536813EBC9036D
:103CB00000F0728184F00104B3F80690002CEBD080
:103CC0001A79042A00F07081052A00F06981022A1D
:103CD000E2D118461D4611F031FE0D28DCD12B78BB
:103CE000672BD9D16B78792BD6D1AB78722BD3D106
:103CF000EB786F2BD0D12B795F2BCDD16B797A2BD1
:103D0000CAD1AB79652BC7D1EB79722BC4D12B7A91
:103D10006F2BC1D16B7A722BBED1AB7A612BBBD129
:103D2000EB7A742BB8D12B7B652BB5D19AF894B074
:103D30004FF6FF72914559463FF4C3AB4FEAD91590
:103D400007EBC50509F07F006B6813EBC0053FF476
:103D5000B8AB2D79402D7FF4B4AB33F830309342BB
:103D60003FF4AFABD80907EBC00003F07F02436814
:103D700013EBC2033FF4A5AB3546DA88A6B1304653
:103D80004FF6FF7C00E00120D309624507EBC30337
:103D900002F07F0E3FF495AB5B6813EBCE033FF46C
:103DA00090AB0128DA88EED11B791A077FF589AB31
:103DB00020297FF486AB4FF6FF7188453FF481AB35
:103DC0004FEAD81307EBC30308F07F085B6813EBD7
:103DD000C8033FF476ABDA88A94625468B46904661
:103DE0009DB9D84500F0D1834FEAD81207EBC20243
:103DF00008F07F08536813EBC80300F0C68385F012
:103E00000105B3F80680002DEBD01A79042A00F0E2
:103E1000FE86052A00F0F686022AE2D118461C46E4
:103E200011F08CFD0D28DCD12378672BD9D1637874
:103E3000792BD6D1A378722BD3D1E3786F2BD0D145
:103E400023795F2BCDD163797A2BCAD1A379652BE6
:103E5000C7D1E379722BC4D1237A6F2BC1D1637A96
:103E6000722BBED1A37A612BBBD1E37A742BB8D16C
:103E7000237B652BB5D14FF6FF7188452C46424612
:103E80004D4601F00C80D30907EBC30308F07F0215
:103E90005B6813EBC2004FF0200B3FF412AB0079CC
:103EA00040287FF40EAB33F832308B423FF409AB3D
:103EB000DA0907EBC20203F07F03516811EBC3017B
:103EC0003FF4FFAACB889EB14FF6FF7000E00125BA
:103ED000DA09834207EBC20203F07F013FF4F1AA43
:103EE000536813EBC1013FF4ECAA012DCB88EED14E
:103EF0000B7913F010020DD00A884FF6FF70824242
:103F000000F0F287D00907EBC00702F07F007A6863
:103F100002EBC002023B1C2B3FF6D3AA01A050F8D3
:103F200023F000BF85470300C3340300814703002B
:103F30002D460300F7450300C3340300C3340300D8
:103F4000C3340300E5450300C3340300D345030035
:103F5000C3340300CB450300C3340300C334030060
:103F6000C3340300C3340300C3340300C334030069
:103F7000C3340300C3340300C3340300C334030059
:103F8000C3340300B7450300C3340300A345030053
:103F9000C3340300934503009AF894B0FFF791BA35
:103FA0001D68E888083598E61D68002D3FF474AE5A
:103FB000284611F0C3FC90E61C68E08808343DE513
:103FC0001C68002C3FF419AD204611F0B7FC35E514
:103FD0001D68E8880835FFF7CBBA1D68002D3FF44F
:103FE000A8AA284611F0AAFCFFF7C2BA4FF6FF7242
:103FF00091453FF4D1AC4FEAD91308EBC30309F064
:104000007F09586810EBC9003FF4C6ACC38800971D
:104010002746934699469FB9D94500F0D1804FEA8B
:10402000D91208EBC20209F07F00536813EBC000FD
:1040300000F0C68087F00107B0F80690002FEBD0A3
:104040000379042B00F0C480052B00F0BD80022B07
:10405000E2D1044611F072FC0C28DDD123786D2BDF
:10406000DAD16378612BD7D1A378672BD4D1E378E9
:104070005F2BD1D12379732BCED163796F2BCBD129
:10408000A379662BC8D1E379742BC5D1237A692B28
:10409000C2D1637A722BBFD1A37A6F2BBCD1E37AE2
:1040A0006E2BB9D14FF6FF7081453C464B46009FC1
:1040B00000F03D81DA0908EBC20209F07F03526883
:1040C00012EBC3014FF0200B3FF466AC0979402995
:1040D0007FF462AC32F8333083423FF45DACDA09EE
:1040E00008EBC20203F07F03516811EBC3013FF4F8
:1040F00053ACCB887DB1DA09834208EBC20203F0EE
:104100007F013FF449AC536813EBC1013FF444AC69
:10411000013FCB88EFD10B7913F010020ED00A8843
:104120004FF6FF70824200F0B786D00908EBC00856
:1041300002F07F00D8F8042002EBC002023B1C2BE7
:104140003FF62AAC01A050F823F000BF5B43030008
:1041500099390300ED440300E7440300D944030008
:10416000993903009939030099390300CD440300BC
:1041700099390300F944030099390300F14403001D
:1041800099390300993903009939030099390300DB
:1041900099390300993903009939030099390300CB
:1041A0009939030099390300993903000545030043
:1041B00099390300BD440300993903004B430300C0
:1041C0004FF0200BFFF7E8BB0468E088083443E7B2
:1041D0000468002C3FF420AF204611F0AFFB3BE712
:1041E000012037B0BDEC028BBDE8F08FBAF89070BB
:1041F0004FF6FF7847453FF458A9DAF88460FB0989
:1042000006EBC30307F07F025B6813EBC2033FF4C6
:104210004CA9DC880125A1468DB9C14577D04FEA6C
:10422000D91206EBC20209F07F09536813EBC903E8
:104230006DD085F00105B3F80690002DEDD01A7908
:10424000042A68D0052A6ED0022AE6D118461C46F8
:1042500011F074FB0928E0D123786D2BDDD1637850
:10426000612BDAD1A378672BD7D1E3785F2BD4D138
:104270002379662BD1D16379692BCED1A379652BB4
:10428000CBD1E3796C2BC8D1237A642BC5D14FF6FF
:10429000FF7189454C469AF894B03FF406A9E309AA
:1042A00006EBC30309F07F045B6813EBC4043FF41F
:1042B000FCA8237918077FF5F8A8BBF1200F7FF43D
:1042C000F4A88F423FF4F1A8FB0906EBC30307F003
:1042D0007F025B6813EBC2033FF4E7A8B3F80680E4
:1042E0000C46002D40F09A83A04500F085834FEAEC
:1042F000D81306EBC30308F07F085B6813EBC80311
:1043000000F07A8385F00105B3F80680E9E79AF8B2
:1043100094B0FFF7CAB81C68002C3FF47EAF20466B
:1043200011F00CFB96E71C68E088083492E74FF028
:10433000200B9FEDB78AFFF7AFB811465846984754
:10434000FFF72FB80324FFF764B8D2E9000110F09B
:104350000FFA08EE100AFFF79FB80F463B782B2B99
:1043600000F0B8852D2B40F0BB857B780294013797
:10437000A3F13002D2B2092A40F20E852E2B7FF42F
:104380000BAB002300200021009397F80180A8F1D7
:1043900030035FFA83FCBCF1090F07F1010735D840
:1043A000CDE90401DDF800E0CDF818A0DDE9040155
:1043B0000B4681464FEA81088A46820092A1D1E9E4
:1043C0000001994208BF484548EA99730FD319EB99
:1043D00002004AEB03010018494110EB0C0241F1C5
:1043E0000003CDE904230EF1FF3E0FFA8EFE17F80D
:1043F000018FA8F1300C5FFA8CFCBCF1090FD5D904
:10440000DDE90401DDF818A0CDF800E008F0DF03D5
:10441000452BDDF800907DD0B8F1000F7FF4BCAAE9
:1044200009F126034C2B00F280867A4B00248C4243
:1044300008BF8342C0F0798607EE900AB9F1000FF9
:10444000B8EEE78A41F37D80DFED737A9FED737AF2
:10445000DFED736A9FED736ADFED735AB2EE045AB3
:1044600019F0010F18BF28EE058A5FEA69031DD015
:10447000DB0748BF28EE258A5FEAA90316D0DF07CD
:1044800048BF28EE068A5FEAE9030FD0DC0748BF81
:1044900028EE268A5FEA291308D0012B01D128EEE5
:1044A000078A5FEA591301D028EE278A029B002B66
:1044B0003EF4F2AFB1EE488AFEF7EEBFD2E900015A
:1044C00010F076FA08EE100AFEF7E6BF91ED008ACA
:1044D000B8EE488AFEF7E0BF0B7808EE103AB8EE67
:1044E000488AFEF7D9BF0F68083737E70F6835E706
:1044F00091ED008AFEF7D0BF91ED008AB8EEC88A30
:10450000FEF7CABFD2E9000110F04AFA08EE100A1D
:10451000FEF7C2BF97F80180B8F12D0F00F06F864B
:10452000B8F12B0F00F0CC86A8F13003DAB2092ADB
:1045300007F101073FF670AF009A994613464B44C6
:10454000B3F59A7F00F375860024964607E003EBE7
:104550004C0909EB0E03B3F59A7F00F3678617F851
:10456000018FA8F13003DAB2092A09EB890CEED9E0
:10457000002C40F09486009B4B4499464CE75746EC
:104580004FF0200CDA46FEF769BF4FF0200BFEF724
:1045900098BFD2E9000110F0EBF807EE900AFEF7A1
:1045A00092BFD2E900010FF0FBFD10F0E1F807EE39
:1045B000900AFEF788BFD2E900010FF0E9FD10F084
:1045C000D7F807EE900AFEF77EBFD1ED007AFEF72E
:1045D0007ABF08680FF0A8FD10F0CAF807EE900A3D
:1045E000FEF771BF08680FF08FFD10F0C1F807EEFD
:1045F000900AFEF768BF08780FF086FD10F0B8F853
:1046000007EE900AFEF75FBF989999999999010072
:1046100000000000FFFF7F00AEC59D74CA1B0E5A4C
:1046200020BCBE4C00401C460000C8420D68083546
:104630002B782B2B00F073852D2B40F06C856B783D
:1046400004940135A3F13002D2B2092A40F24F841A
:104650002E2B7EF436AF0023002000219E466F787B
:10466000A7F130035FFA83FCBCF1090F05F10105E6
:1046700031D8CDE906017346DDE906018A00884696
:10468000810007460291DEA1D1E90001414542EADD
:10469000977208BFB842039211D338464146DDE90C
:1046A00002783F1848EB0108F81948EB080110EBB5
:1046B0000C0741F10008CDE90678013B1BB215F863
:1046C000017FA7F1300C5FFA8CFCBCF1090FD3D944
:1046D000DDE906019E4607F0DF03452BF04653D087
:1046E000002F7EF4EEAE08F126034C2B00F2038679
:1046F000002908BFB0F5000F80F0FD8507EE900A95
:10470000B8F1000FF8EEE77A40F375879FEDBE7AB7
:10471000DFEDBE6A9FEDBE6ADFEDBE5A9FEDBE5A69
:10472000F2EE044A18F0010F18BF67EEA47A5FEAB0
:1047300068031DD0DC0748BF67EE857A5FEAA803EF
:1047400016D0D80748BF67EEA57A5FEAE8030FD016
:10475000D90748BF67EE867A5FEA281308D0012B95
:1047600001D167EEA67A5FEA581301D067EE877A27
:10477000049B002B3EF4A7AEF1EE677AFEF7A3BED2
:104780000D6855E70D4653E76F782D2F00F0BA8678
:104790002B2F00F0CB86A7F13003DAB2092A05F1FE
:1047A00001059DD8984608EB0E03B3F59A7F00F3F8
:1047B0009685002407E003EB4C0808EB0E03B3F5E5
:1047C0009A7F00F3898515F8017FA7F13003DAB2EB
:1047D000092A08EB880CEED9002C40F0C4867346F9
:1047E000434498467CE7D2E900010FF0C1FF07EE91
:1047F000900AFEF77ABED2E900010FF0D1FC0FF06B
:10480000B7FF07EE900AFEF770BED2E900010FF085
:10481000BFFC0FF0ADFF07EE900AFEF766BED1EDCC
:10482000007AFEF762BE08680FF07EFC0FF0A0FF72
:1048300007EE900AFEF759BE08680FF065FC0FF00E
:1048400097FF07EE900AFEF750BE08780FF05CFC69
:104850000FF08EFF07EE900AFEF747BE0D68083591
:104860002B782B2B00F0C1842D2B40F0C4846B7867
:1048700004940135A3F13002D2B2092A40F2B58383
:104880002E2B7EF430AE00234FF0000B4FF0000CC7
:1048900018466F78A7F13001C9B2092905F1010561
:1048A00021D80FF25C19D9E90089E1454FEA8C075C
:1048B00008BFD8454FEA8B0247EA9B730CD312EB33
:1048C0000B0743EB0C08FA1948EB0803013812EB0D
:1048D000010B43F1000C00B215F8017FA7F1300184
:1048E000C9B20929DDD907F0DF03452B804654D032
:1048F000002F7EF4F8AD08F126034C2B00F27C85E6
:10490000BCF1000F08BFBBF5000F80F0758507EE06
:1049100090BAB8F1000FF8EEE77A40F380869FED89
:104920003C6ADFED3C5A9FED3C5ADFED386A9FED63
:10493000367AF2EE044A18F0010F18BF67EEA47A37
:104940005FEA68031DD0D80748BF67EE857A5FEA43
:10495000A80316D0D90748BF67EEA57A5FEAE80337
:104960000FD0DA0748BF67EE867A5FEA281308D0CF
:10497000012B01D167EEA67A5FEA581301D067EEEA
:10498000877A049B002B3EF4B0ADF1EE677AFEF718
:10499000ACBD0D6864E70D4662E76F782D2F00F01F
:1049A00081852B2F00F09285A7F13003DAB2092A16
:1049B00005F101059CD8984608EB0003B3F59A7FF2
:1049C00000F3F084002407E003EB410808EB000348
:1049D000B3F59A7F00F3E38415F8017FA7F1300364
:1049E000DAB2092A08EB8801EED9002C40F086855E
:1049F0000346434498467BE74FF0200BFEF755BD36
:104A00009899999999990100AEC59D74CA1B0E5A3F
:104A100020BCBE4C00401C460000C8421A79042A43
:104A200000F04782052A00F04082022A7FF45CAC45
:104A300018461F4610F082FF09287FF455AC3B78DA
:104A40006D2B7FF451AC7B78612B7FF44DACBB7840
:104A5000672B7FF449ACFB785F2B7FF445AC3B7947
:104A6000662B7FF441AC7B79692B7FF43DACBB793D
:104A7000652B7FF439ACFB796C2B7FF435AC3B7A3A
:104A8000642B7FF431AC4FF6FF75A84500F08180B0
:104A90004FEAD81306EBC30308F07F02586810EB07
:104AA000C20176D00C7914F010030CD030F83230FB
:104AB000AB4200F0F283DD0906EBC50603F07F058B
:104AC000736803EBC503023C1C2C62D8DFE804F0DA
:104AD00011610F5D5361616149613F613A616161DB
:104AE0006161616161616161306126611E0050F840
:104AF00032101EA8F9F764F89DF87830013B032BBB
:104B000000F2B085DFE803F06059524AD3E90001B2
:104B10000FF02EFE4FF0200BFEF7C8BCD3E90001CA
:104B20000FF03EFB0FF024FE4FF0200BFEF7BEBC53
:104B3000D3E900010FF02CFB0FF01AFE4FF0200B11
:104B4000FEF7B4BC08684FF0200BFEF7AFBC50F87E
:104B500032000FF0E9FA0FF00BFE4FF0200BFEF7DA
:104B6000A5BC50F832000FF0CFFA0FF001FE4FF065
:104B7000200BFEF79BBC10F832000FF0C5FA0FF0C7
:104B8000F7FD4FF0200BFEF791BC50F832100831C2
:104B9000AFE74FF0200B0020FEF788BCDDE92001D5
:104BA0000FF0E6FD9AF894B0FEF780BCDDE9200135
:104BB0000FF0EEFA0FF0DCFDF4E7DDE920010FF075
:104BC000EFFA0FF0D5FDEDE72098EBE71C68E088E1
:104BD0000834FEF7E0BF1C68002C3EF4BBAF204653
:104BE00010F0ACFEFEF7D7BF1D68E8880835FEF769
:104BF0005CBD1D68002D3EF437AD284610F09EFECA
:104C0000FEF753BD1C68E0880834FFF70BB91C6839
:104C1000002C3FF4E6A8204610F090FEFFF702B902
:104C20000B7913F010020BD00A88B24200F05282C6
:104C3000D00905EBC00502F07F006A6802EBC002F4
:104C4000023B1C2B3FF604A801A050F823F000BF44
:104C5000C74C0300513C0300C54C0300594D0300F1
:104C6000474D0300513C0300513C0300513C0300FD
:104C7000354D0300513C0300234D0300513C03001C
:104C8000194D0300513C0300513C0300513C03000B
:104C9000513C0300513C0300513C0300513C0300D4
:104CA000513C0300513C0300513C0300513C0300C4
:104CB000054D0300513C0300F14C0300513C03003F
:104CC000E14C030009681EA8F8F77AFF9DF87830D8
:104CD000013B032B00F2EF84DFE803F0575049411A
:104CE000D2E900010FF044FD4FF0200CFEF7B7BBF6
:104CF000D2E900010FF054FA0FF03AFD4FF0200C0A
:104D0000FEF7ADBBD2E900010FF042FA0FF030FD23
:104D10004FF0200CFEF7A3BB08684FF0200CFEF705
:104D20009EBB08680FF000FA0FF022FD4FF0200C38
:104D3000FEF795BB08680FF0E7F90FF019FD4FF08B
:104D4000200CFEF78CBB08780FF0DEF90FF010FD99
:104D50004FF0200CFEF783BB09680831B3E7DDE9AB
:104D600020010FF005FD9AF894C0FEF778BBDDE94D
:104D700020010FF00DFA0FF0FBFCF4E7DDE9200154
:104D80000FF00EFA0FF0F4FCEDE72098EBE7014688
:104D900010469847FEF74BBBD0B2002102460B46A7
:104DA000002000210494BC46CDE90001CDF818B0E4
:104DB0000896AE46CDF824A019E08B46D14982462C
:104DC00059454FF0993008BF50455946504678D361
:104DD0001AEB06004BEB0701061841EB0107BD4239
:104DE0003046394608BFB442CDE9000169D31CF80A
:104DF000018F80185941A8F130098B005FFA89F9B9
:104E000043EA90775FFA89F20023B9F1090FCDE9FF
:104E100000014FEA80066FEA02046FEA0305CCD96D
:104E2000049C089EDDF818B0DDF824A0674675469E
:104E3000B8F1000F40F03684029B002B00F0558142
:104E4000B1F1004F08BF0128C0F04681002304944F
:104E50001C460A2200230FF0E9FDAB4B4FF0FF3256
:104E60008B4204F1010408BF824224B2F1D3B9F1AC
:104E7000090F0094049C09D8009B17F8018FA8F132
:104E800030020133092A1BB2F7D90093B8F12E0F73
:104E90007FF4BCAAFFF779BA0022FFF74FB94FF0B1
:104EA000200BDFED9A7AFEF70EBB1F68F8880837F3
:104EB000C2E51F68002F3FF417AA384610F03EFDE8
:104EC000BAE5049C089EDDF818B0DDF824A067461A
:104ED0007546BBE700227B7802920137FFF748BA9C
:104EE00000220292FFF744BA0022FFF713B8D0B2B3
:104EF000002102460B460020002106960894CDE9C9
:104F00000201AC46CDF824A01BE08A467D498146CB
:104F100051454FF0993008BF484551464846C0F0CA
:104F2000EA8019EB04004AEB0501041841EB010586
:104F3000AF422046294608BFA642CDE90201C0F093
:104F4000DA801CF801EF80185941AEF130088B006F
:104F50005FFA88F843EA90755FFA88F20023B8F1A7
:104F6000090FCDE902014FEA80046FEA02066FEAF9
:104F70000307CAD97746069E089CDDF824A065463B
:104F8000002F40F09B83049B002B00F06881B1F15F
:104F9000004F08BF0128C0F05781002399460A221C
:104FA00000230FF043FD584B4FF0FF328B4209F1C5
:104FB000010908BF82420FFA89F9F0D3B8F1090F4D
:104FC000CE4698BF4B4608D815F8017FA7F13002AE
:104FD0000133092A1BB2F7D99E462E2F7FF47BABF3
:104FE000FFF73DBB0022FEF7CEBBD0B200214FF051
:104FF000000B4FF0000CA146AE4615E0414B4FF0C0
:105000009932634508BF5A45C0F08280DDE902232A
:1050100012EB0B0243EB0C0312EB020B43EB030C02
:10502000654508BF5C4573D31EF8017F1BEB000B81
:105030004CEB010CA7F130084FEA8C014FEA8B03CF
:105040005FFA88F802935FFA88F041EA9B73B8F13F
:10505000090F4FF0000103936FEA00046FEA0105A6
:10506000CCD94C467546002F40F01383049B002B8F
:1050700000F00981BCF1004F08BFBBF1010FC0F087
:10508000F68000239946584661460A2200230FF015
:10509000CDFC1D4B4FF0FF328B4209F1010908BFD7
:1050A000824283468C460FFA89F9ECD3B8F1090F96
:1050B000484698BF4B4608D815F8017FA7F1300243
:1050C0000133092A1BB2F7D918462E2F7FF40BACF7
:1050D000FFF7DFBB0022B3E5404261EB41010FF077
:1050E00067FC08EE100AFEF7D7B90FF059FC08EE7E
:1050F000100AFEF7D1B9069E089CDDF824A065468B
:1051000077464AE799999919FFFF0F0000000000C0
:105110004C467546B5E700220492FFF793BA002289
:105120006B7804920135FFF78DBA0FF031F8B9F1C1
:10513000000F40F3B980A84BDFF8B882A74C0022DB
:10514000002719F0010F01D00FF058F85FEA69034A
:105150003DD0DB0700F11A825FEAA90337D0DA07F6
:1051600000F10F825FEAE90331D0DB0700F104822E
:105170005FEA29132BD0DF0700F1F9815FEA691399
:1051800025D0DA0703D5D4E90A230FF037F85FEA10
:10519000A9131CD0DB0703D5D4E90C230FF02EF89C
:1051A0005FEAE91313D0DF0703D5D4E90E230FF02C
:1051B00025F85FEA29230AD0DA0703D5D4E91023BA
:1051C0000FF01CF85FEA59231CBF85490020029BA1
:1051D0002BB101F100430A900B93DDE90A010FF0B6
:1051E000C7FA08EE100AFEF757B900226B7804924E
:1051F0000135FFF73FBB00220492FFF73BBB97F856
:105200000280A8F130095FFA89F3092B07F1020740
:1052100088BF4FF0000942D8009B4B44B3F59A7FFA
:105220003EF7BAABDDF800E0FFF799B9002C7EF449
:10523000B3AB029B9FED6B8ADFED6B7A002B18BF3F
:10524000B0EE678AFEF728B9404261EB41010EF0EB
:10525000A7FF0FF08DFA07EE900AFEF734B90EF0B3
:1052600097FF0FF085FA07EE900AFEF72CB9DBF1F5
:1052700000006CEB4C010EF093FF0FF079FA07EE93
:10528000900AFEF732B9614658460EF081FF0FF0E2
:105290006FFA07EE900AFEF728B9002313E4009B8B
:1052A000A3EB0909FFF7B8B8C9F100098FD044A3EF
:1052B000D3E900230FF21018D8E900784B4C40E7EF
:1052C00097F80280A8F13003DAB2092A07F1020741
:1052D0007FF632A9FFF7A0B8002C7EF4F2A8049B59
:1052E0000020002B40F0998141490FF041FA07EE70
:1052F000900AFEF7E8B80EF04BFFB8F1000F40F34C
:10530000F0809FED337B8DED027B334B334C0022DD
:1053100018F0010F01D00EF071FF5FEA680334D07E
:10532000DA0703D5DDE902230EF068FF5FEAA80380
:105330002BD0DB0700F1A8815FEAE80325D0DF0767
:1053400000F19D815FEA28131FD0DD0700F19281F3
:105350005FEA681319D0DA0700F187815FEAA813C2
:1053600013D0DB0700F174815FEAE8130DD0DF078B
:1053700000F169815FEA282307D0DD0700F16D8124
:105380005FEA58231CBF16490020049B002BACD0B9
:1053900001F100430C900D93DDE90C01A5E7002C11
:1053A0007EF4A1A8049B0020002B40F04A81104904
:1053B0000FF0DEF907EE900AFEF797B8AFF3008022
:1053C0009A9999999999B93F7B14AE47E17A843FAC
:1053D0000000000000005940000024401077040045
:1053E0000000F87F0000807F000080FFC876040086
:1053F0000000F07F00005940584661460EF0C8FE9C
:10540000B8F1000F40F3C7809FEDB17B8DED027BBB
:10541000B54BB64C002218F0010F01D00EF0EEFE95
:105420005FEA680334D0DA0703D5DDE902230EF022
:10543000E5FE5FEAA8032BD0DB0700F1D7805FEA27
:10544000E80325D0DF0700F1CC805FEA28131FD0E6
:10545000DD0700F1C1805FEA681319D0DA0700F1B7
:10546000B6805FEAA81313D0DB0700F1AB805FEAD8
:10547000E8130DD0DF0700F1A0805FEA282307D0F2
:10548000DD0700F195805FEA58231CBF9849002092
:10549000049B002B8CD001F100430E900F93DDE9AB
:1054A0000E0185E7AF78A7F130085FFA88F3092B82
:1054B00005F1020588BF4FF000081FD808EB000374
:1054C000B3F59A7F7FF788AAFEF70DB8AF78A7F1FA
:1054D0003003DAB2092A05F102057FF66CAAFFF75C
:1054E00007BAC8F100083FF450AF9FED7B7B7CA367
:1054F000D3E900238DED027B7E4C09E7A0EB080881
:10550000FFF7F6B9AF78A7F130085FFA88F3092BF7
:1055100005F1020588BF4FF0000824D873464344C4
:10552000B3F59A7F7FF74FA9FDF7CBBFAF78A7F10F
:105530003003DAB2092A05F102057FF633A9FFF735
:10554000CFB8C9F100093EF4B1AFDFED6B7A9FED42
:105550006B7ADFED6B6A9FED6B6ADFED6B5A9FED47
:105560006B5AFEF77DBFAEEB0808FFF7B9B8D4E978
:1055700008230EF043FE01E6D4E906230EF03EFEBA
:10558000F6E5D4E904230EF039FEEBE53A4643464E
:105590000EF034FEE0E5C8F100083FF479AF9FED6E
:1055A0004E7B4FA3D3E900238DED027B514C32E7B4
:1055B000D4E910230EF022FE65E7D4E90E230EF0A5
:1055C0001DFE5AE7D4E90C230EF018FE4FE7D4E98C
:1055D0000A230EF013FE44E7D4E908230EF00EFE72
:1055E00039E7D4E906230EF009FE2EE7D4E90423B7
:1055F0000EF004FE23E7C8F100083FF4B9A89FEDC0
:105600003E7ADFED3E6A9FED3E6ADFED3E5A9FED4A
:105610003E5ADFED3E4AFFF785B83D4965E6C8F1E1
:1056200000083FF4AEA99FED366ADFED365A9FEDD4
:10563000365ADFED364ADFED316A9FED2F7AFFF7FC
:105640007AB93349B4E6D4E90E230EF0D7FD91E6DA
:10565000D4E90C230EF0D2FD86E6D4E910230EF037
:10566000CDFD8DE60020FFF79DBAD4E90A230EF0A8
:10567000C5FD73E6D4E908230EF0C0FD68E6D4E961
:1056800006230EF0BBFD5DE6D4E904230EF0B6FD63
:1056900052E6BCF5801F08BFBBF1000FBFF4F1ACB0
:1056A000002311E5B1F5801F08BF0028BFF4CEAB81
:1056B0000023FFF7EABB4846FFF755BBB1F5801F53
:1056C00008BF0028BFF469AC002385E4AFF3008075
:1056D00000000000000059407B14AE47E17A843F8F
:1056E0009A9999999999B93F00002440107704003C
:1056F0000000F87FC87604001FB14F0A9595E62494
:1057000077CC2B3217B7D1380AD7233CCDCCCC3D40
:105710000000F0FF30B5174D174C85B020211F2237
:105720001E23CDE90121009328461D231C221B21A5
:105730000CF0E0F92946204601220BF0FBFC204644
:105740000E4A0F490DF0C6FB0E4B00224FF0FF3101
:10575000DA719A6283F82420C3F8382283F834225D
:10576000A3F8442483F84624D962C3F83C1205B058
:1057700030BD00BF0C81002080850020006000202B
:1057800069D6020018810020016D002946D070B54D
:105790008EB00024224B426D019305A823464FF49E
:1057A0007A750294ADF814408DF81640039509F00F
:1057B0002DFB9DF81440DCB11A481B49064606F043
:1057C00013F89DF8144024074FF000034FF0010236
:1057D0000DF1030105A812D41449124806F004F88B
:1057E00005A809F0B1FA08F043FF01200EB070BD22
:1057F0000F490C4805F0D8FF20460EB070BD0C9D37
:105800000A9CA542E8D009F04BFC01280CBF9DF88A
:105810000310FF213046F0F78BFED2E708467047B1
:10582000647604003863002084720400E477040086
:105830005877040090ED010A704700BF90ED020A0E
:10584000704700BF90ED030A704700BF30B4C56BCE
:105850000D60016C1160426C029C1A60836C2360C5
:1058600030BC704780ED0F0AC0ED100A80ED111AB0
:10587000C0ED121A704700BF10B4D0F8F0400C60B1
:10588000D0F8F4101160D0F8F8201A605DF8044BDD
:10589000704700BF2DE9F0412DED028BB7EE008A75
:1058A00088EE000A0446002600F5026C00F6280E79
:1058B00000F62C0700F6240584F8386800F5036824
:1058C00000F6340004F2BC6204F5D86304F2C4614B
:1058D00060EE007A8EED000A87ED000A4FF07A57ED
:1058E000C8ED007ACCF800702F60C64D0560002529
:1058F000156004F5D9621D600D6004F2CC6304F5F7
:10590000DA61156004F5DB621D600D6004F2DC6392
:1059100004F5DC61156004F2E4621D600D6004F5BD
:10592000DD6304F2EC61156004F5DE621D600D605C
:1059300004F2F46304F5DF61156004F2FC621D609B
:105940000D6004F5E06304F20471156004F20C725A
:105950001D600D6004F5E26304F21471156004F536
:10596000E3621D600D6004F21C7304F5E4611560D0
:1059700004F224721D600D6004F5E56304F22C71DD
:10598000156004F5E6621D600D6004F2347304F5E1
:10599000E761156004F5E8621D600D6004F2447370
:1059A00004F5E961156004F24C721D600D6004F5A8
:1059B000EA6304F25471156004F5EB621D600D603A
:1059C00004F25C7304F5EC61156004F264721D600E
:1059D0000D6004F5ED6304F26C71156004F27472ED
:1059E0001D600D6004F5EF6304F27C71156004F531
:1059F000F0621D600D6004F2847304F5F1611560BE
:105A000004F28C721D600D6004F5F26304F294716F
:105A1000156004F5F3621D600D6004F29C7304F5DB
:105A2000F461156004F5F5621D600D6004F2AC735D
:105A300004F5F661156004F2B4721D600D6004F5A2
:105A4000F76304F2BC71156004F5F8621D600D6027
:105A500004F2C47304F5F961156004F2CC721D60A0
:105A60000D6004F5FA6304F2D471156004F23C721F
:105A70001D600D6004F5E16382ED008A04F5FB62B0
:105A800083ED008A04F2D4615F4B81ED008A1360DC
:105A900004F2A47104F5EE620B6004F118001360C7
:105AA00004F076F9A666E6662667C4F89860C4F83E
:105AB0009C60C4F8A060C4F8A460C4F8A860C4F8EE
:105AC000AC60C4F88060C4F88460C4F8886066671D
:105AD000A667E667D8ED006ADFED4C7ADFED4C5A39
:105AE0009FED4C7A9FED4C6ADFF830C184ED0F8A50
:105AF000A6EEA57A04F59060C4F808C1F0EE675AE6
:105B0000E6EE865AA56465642564C4F8BC50C4F802
:105B10000C51C4F8105184ED457AC4ED465A04F294
:105B20008441056004F28C400D60056004F59261CB
:105B300004F294400D60056004F5936104F29C400A
:105B40000D60056004F5946104F2A4400D600560E9
:105B500004F5956104F2AC400D60056004F2B441B7
:105B600004F597600D60056004F5986104F2C44087
:105B70000D60056004F5996104F2CC400D6005608C
:105B800004F59A6104F2D4400D60056004F59B6150
:105B900004F2DC400D60056004F59C6104F59D6035
:105BA0000D60056004F2EC4104F2F4400D60056004
:105BB00004F59F6104F2FC400D60056004F5A061EE
:105BC00004F204500D60056004F5A16104F5A260C3
:105BD0000D60056004F2145104F21C500D60056064
:105BE00004F5A46104F224500D60056004F5A5617C
:105BF00004F22C500D60056004F5A66104F23450E7
:105C00000EE000BF9A99993E000080BF9A99193F13
:105C100012A6BF38D5E8D53839F2693E00004842AF
:105C20000D6004F5A761056004F23C500D6005604D
:105C300004F2445104F5A9600D60056004F5AA6101
:105C400004F254500D60056004F5AB6104F25C5041
:105C50000D60056004F5AC6104F264500D600560F0
:105C600004F5AD6104F26C500D60056004F5AE61A1
:105C700004F5AF600D60056004F27C5104F28450BD
:105C80000D60056004F5B16104F28C500D60056093
:105C900004F5B26104F294500D60056004F5B3613F
:105CA00004F29C500D60056004F5B46104F2A45048
:105CB0000D60056004F5B56104F2AC500D6005603F
:105CC00004F5B66104F5B7600D60056004F2BC51DF
:105CD00004F5B8600D60056004F2C45104F5B960C4
:105CE0000D60056004F2CC5104F5BA600D600560EA
:105CF00004F2D45104F5BB600D60056004F2DC5180
:105D000004F5BC600D60056004F2E45104F2EC504F
:105D10000D60056004F5BE6104F2F4500D6005608D
:105D200004F5BF6104F2FC500D60056004F5C0612C
:105D300004F204600D60056004F5C16104F20C60BA
:105D40000D60056004F5C26104F214600D60056029
:105D500004F5C36104F5C4600D60056004F22461BC
:105D600004F5C5600D60056004F22C6104F5C660A1
:105D70000D60056004F2346104F5C7600D600560D4
:105D800004F23C6104F5C8600D60056004F24461F2
:105D900004F5C9600D60056004F24C6104F25460C2
:105DA0000D60056004F5CB6104F25C600D6004F5E4
:105DB000CC61056004F264600D60056004F5CD619E
:105DC00004F26C600D60056004F5CE6104F274604D
:105DD0000D60056004F5CF6104F27C600D60056024
:105DE00004F5D06104F5D1600D60056004F28C61AA
:105DF00004F5D2600D60056004F2946104F5D3608F
:105E00000D60056004F29C6104F5D4600D600560CE
:105E100004F2A46104F5D5600D60056004F2AC6184
:105E200004F5D6600D60056004F2B46104F27C40B4
:105E3000204A0D60026004F5A36104F20C500F606B
:105E4000056004F5916104F2B4501B4B0D600360D2
:105E500004F5CA6104F59660C1ED007A04F24C5174
:105E6000026004F5A8600F6004F2BC41056004F50F
:105E7000BD600D6004F28461036004F2E440C1ED92
:105E8000007A04F5B061026004F2745C0F6004F5FE
:105E90009E6004F21C6104F5D762CCF800500560E6
:105EA0000B60C2ED007A84F83968BDEC028BBDE866
:105EB000F08100BF0AD7A33C17B7D13838B5D1ED70
:105EC000017AD1ED026A9FED457A9FED456A2DED8D
:105ED000048B67EEA77A91ED008AE8EE087A0D460A
:105EE0000446B0EE409AE6EEA67AF1EEE78A68EE56
:105EF000808A28EE870A60EE007AF4EEC67AF1EE28
:105F000010FA34D8DFED376AB6EE007AA7EEE67AFB
:105F100027EE000ADFED347AF4EE678AF1EE10FA2C
:105F200043D020EE090AF7EE005A80EE287A28EED8
:105F3000078A84ED018A95ED016A27EE066A66EE0E
:105F4000066A84ED026A95ED026AE8EE086A27EEB9
:105F5000067AE7EE076A84ED037AF4EEE56AF1EE7D
:105F600010FA36D9BDEC048BC4ED007A38BD9FED34
:105F70001F7AF4EEC77AF1EE10FA23D89FED197A62
:105F80009FED1B6A27EE677A67EEA77AF6EE006A46
:105F9000A7EE867A77EE267A27EE800ADFED127A70
:105FA000F4EE678AF1EE10FABBD1BDEC048BC4EDC0
:105FB000037AC4ED027AC4ED017AF7EE007AC4EDFB
:105FC000007A38BDF6EE007A20EE270A0CF088FF42
:105FD000A0E775EEE66AF1EEE67AC3E735FA8E3CA5
:105FE0000AD7A33CABAAAA3C000000008FC2753DB3
:105FF00089888839F7EE007AE0EE407AB1EEE77AE8
:10600000C0EE077AB7EE007AF5EEC07AF1EE10FA3C
:1060100048BFF1EE677AF4EEC77A4CBF0123002344
:10602000F1EE10FAC6BFC7EE277A012200229FEDDB
:10603000207AF4EEC77AF1EE10FA18DC67EEA76A60
:10604000DFED1C5A9FED1C7A9FED1C6AA6EEA57A27
:1060500076EE866A67EE277A87EEA60A1AB1DFED3A
:10606000187A37EEC00A0BB1B1EE400A70479FEDC7
:10607000156A9FED117A9FED0F4ADFED104AF7EE9A
:10608000005AE7EE865A77EEC67AB3EE0E5A87EEDE
:10609000A56AF0EE477A66EE066AE6EE847A76EE58
:1060A000A46A67EE867A87EEA60A30EE050AD5E77F
:1060B000A330893E0EB2C841EE49C142DCE7D73F6A
:1060C0000000B4423ACD133FF5EE400AF1EE10FA6B
:1060D00007D1B5EEC00AF1EE10FA4EDD9FED900A41
:1060E0007047F5EEC00AF1EE10FAC0EE207A48DDF6
:1060F000F5EEC07AF1EE10FA48BFF1EE677AB7EE2E
:10610000007AF4EEC77A4CBF01230023F1EE10FAB7
:10611000C6BFC7EE277A012200229FED827AF4EEF5
:10612000C77AF1EE10FA76DD9FED7F6A9FED7F7AF8
:106130009FED7F4ADFED7F4AF7EE005AE7EE865A81
:1061400077EEC67AB3EE0E5A87EEA56AF0EE477A7E
:1061500066EE066AE6EE847A76EEA46A67EE867AE2
:1061600087EEA60A30EE050A1AB1DFED6D7A37EE3A
:10617000C00A2BB1B1EE400A70476ED49FED6E0A93
:1061800070476DD4F5EEC07AF1EE10FA48BFF1EE2B
:10619000677AB7EE007AF4EEC77A4CBF012300238A
:1061A000F1EE10FAC6BFC7EE277A012200229FED5A
:1061B0005D7AF4EEC77AF1EE10FA3DDD9FED5A6A92
:1061C0009FED5A7A9FED5A4ADFED5A4AF7EE005A90
:1061D000E7EE865A77EEC67AB3EE0E5A87EEA56AD8
:1061E000F0EE477A66EE066AE6EE847A76EEA46A08
:1061F00067EE867A87EEA60A30EE050A1AB1DFED61
:10620000487A37EEC00A0BB1B1EE400ADFED4B7AA7
:1062100030EE670A704767EEA76ADFED455A9FEDDB
:10622000437A9FED446AA6EEA57A76EE866A67EE1B
:10623000277A87EEA60A97E767EEA76ADFED3C5A52
:106240009FED3A7A9FED3B6AA6EEA57A76EE866AD6
:1062500067EE277A87EEA60AD0E79FED390A7047E6
:10626000B5EEC00AF1EE10FA8CDDF5EEC07AF1EE73
:1062700010FA48BFF1EE677AB7EE007AF4EEC77A0B
:106280004CBF01230023F1EE10FAC6BFC7EE277AF8
:10629000012200229FED237AF4EEC77AF1EE10FA84
:1062A0002CDD9FED216A9FED217A9FED214ADFEDE4
:1062B000214AF7EE005AE7EE865A77EEC67AB3EE39
:1062C0000E5A87EEA56AF0EE477A66EE066AE6EEAB
:1062D000847A76EEA46A67EE867A87EEA60A30EEB6
:1062E000050A1AB1DFED0E7A37EEC00A0BB1B1EE36
:1062F000400ADFED127A30EE270A704767EEA76A90
:10630000DFED0B5A9FED097A9FED0A6AA6EEA57A9A
:1063100076EE866A67EE277A87EEA60AE1E700BF87
:106320000000B442A330893E3ACD133FEE49C1424A
:106330000EB2C841DCE7D73F000000000000344344
:106340000000B4C22DE9F04F2DED0E8BEFB090F9A7
:10635000393802930546CDED141A8DED152ACDED91
:10636000162A8DED170ACDED180A8DED191A8DED4F
:106370001A3ACDED1B3A8DED1C4A002B43F0E48018
:106380009FEDF87AF0EEC36AF4EEC76AF1EE10FA08
:10639000B0EE409AF0EE608AB0EE418A42F2E384B9
:1063A00003930DF1980BF0EE496AB0EE687AF0EEC7
:1063B000487A05F13C030FCB95ED1A5AD5ED1B5ADF
:1063C00095ED1C6A39EE459A78EEE58A38EE468AF4
:1063D00005F5016485ED169AC5ED178A85ED188AD5
:1063E00084E80F0005F6280376EEC56A37EE657A75
:1063F00077EEC67A93ED006A089405F5006266EEC2
:10640000866A27EE067A67EE867A164610461DA93A
:10641000B7EE000A0792CDED1D6A8DED1E7ACDED27
:106420001F7AFFF74BFD96ED001AD4ED013A94ED7B
:10643000025AD6ED021AD4ED000A96ED014A96ED05
:10644000036AD4ED035A9DED1A2ADDED142ADFED1F
:10645000C84A61EE237A21EE053A23EEA17AE0EEF6
:10646000847A05F2DC72049264EE636AA0EEA13ACB
:1064700005F6140605F61809A0EE867A05F61C0046
:1064800005F5FD62E0EE816A05F2F47305F5D86169
:10649000E5EE067A05F2C46705F2F46CA4EE253A3F
:1064A00005F21C7E05F5E468A1EE257A05F2EC6A9A
:1064B000E5EE616AA4EE457AA3EEC63AE1EEE57A2E
:1064C000E5EEC66AF0EE671A37EEA74A33EE036AC6
:1064D00067EE077A76EEA65A24EE215A66EE033A64
:1064E00077EEA77A24EE031A26EE076A24EE074A0F
:1064F000A5EEA65AE5EEA63AE5EEA67AF1EE650A15
:10650000B0EE418AB0EE440AF0EE468AA0EE871A59
:10651000A0EE830AA5EE834AA5EEA16AA5EE878ABE
:10652000E0EEA18AF7EE005AC4ED006A77EEE57A54
:10653000C6ED001A35EE655A89ED003A73EEE53A7C
:1065400080ED007A049880ED005A80ED018A80ED9C
:10655000020A82ED001AC2ED013A82ED026AC3ED31
:10656000018AC3ED027A83ED004A95ED443A95ED38
:10657000307AF0EE406A23EE268A95ED420AC5EDA8
:106580003C6AA0EE058A05F5EA6305F25472F6EE60
:10659000001A27EE215A32EE482AB0EE467A63EE10
:1065A000073A35EE666A27EE833A85ED3D7A85ED4A
:1065B0003F8A85ED392A85ED2C5A95ED315AD5ED76
:1065C000328A9DED1C2ADDED150AC5ED3E7AE0EE1E
:1065D000013A05F2847005F27C74A4EE003A05F2EB
:1065E000AC7605F5F66972EE862A25EE210A68EE8C
:1065F000A18AC5ED362A9FED5C6ADFED5C2ADDEDF0
:106600001B1A9DED161AC5ED403A70EE479A38EE0A
:10661000E79A26EEA25A23EE224A67EEA27A28EEE5
:10662000228A27EE067A23EE866A71EEE32A31EE9D
:10663000091A72EE433A70EEA90A85ED413AF1EE7D
:10664000451AB1EE442AB1EE463AF1EE679AB1EE40
:10665000479AF1EE486A85ED381AC5ED3A2AC5ED3C
:106660003B3A85ED2D0AC5ED370AC5ED2E8AC1ED01
:10667000007A87ED007A05F62C018CED005ACAED00
:10668000009A8EED009AC8ED001A83ED004A82ED63
:10669000006A80ED008A84ED002A86ED003AC9ED9B
:1066A000006AD1ED006A0991F1EE666A67EEA67A9A
:1066B00027EE267A25EE265A24EE264A26EE266A6C
:1066C00068EE266A05F2CC6405F5DA6005F5E0614E
:1066D00005F5E563B1EE671AF1EE471A05F5DF62DD
:1066E000C4ED007AB1EE452A05F22C7605F25C770E
:1066F00005F5F26E80ED007AF1EE442A81ED005A44
:1067000005F27C4082ED001A05F5EC6CC3ED001A31
:10671000B1EE463AF1EE663A05F5F16905F5F76432
:1067200005F2AC4105F2BC7386ED002A0B9087EDB3
:10673000004A06908CED006A0746CEED006A05918E
:10674000C9ED002ABFEE005A84ED003AD8462E4625
:106750005846C3ED003A05F2BC6EF14600F1180C44
:10676000744607E00000484235FA8EBC35FA8E3C8C
:1067700000000000E0EC014A22463B460EE0B4EE89
:10678000457AF1EE10FA36EEE76AE7EE876A1CD03A
:1067900040ED016A994202F104021CD0F3EC017A47
:1067A000F5EE407AF1EE10FAF4D092ED007AB5EE03
:1067B000407AF1EE10FAEDD050ED016AB4EE657A50
:1067C000F1EE10FA37EEA66AD9D1994200ED016ACE
:1067D00002F10402E2D1844504F13004CAD130311F
:1067E0008A4507F13007B8D10EF1300305F58E7AEE
:1067F0000A931C461946574600235FED234ACDE90C
:106800000C89F7EE005ABFEE005AB94698464FFA87
:1068100088FC48460BEB8C02E0EC014A18327346C8
:106820000EE0F4EE457AF1EE10FA36EEC76AE7EEC6
:10683000876A1CD040ED016A994202F118021CD00F
:10684000F3EC017AF5EE407AF1EE10FAF4D012EDA5
:10685000067AB5EE407AF1EE10FAEDD050ED016A0D
:10686000F4EE657AF1EE10FA37EE266AD9D1994244
:1068700000ED016A02F11802E2D10CF1010C5FFA9D
:106880008CF3062B4FFA83FCC4D108F10108B8F150
:10689000060F01F130010EF1300E09F13409B6D1C5
:1068A00095ED454AD5ED464A95ED475AD5ED545AF2
:1068B00095ED616AD5ED6E6A95ED7B7AD5ED887AB6
:1068C000D5F82021D5F82431D5ED553AD5F828E171
:1068D000D5F858C1D5F88801D5F82C11C5F84C2148
:1068E00035EE045A75EE845A36EE046A76EEA46AE2
:1068F00037EE247A77EEA47AD5F85C21C5F87C319E
:10690000D5F88C3185ED475AC5ED545A85ED616A4D
:10691000C5ED6E6A85ED7B7AC5ED887AC5ED603A86
:10692000C5F8ACE1C5F8B0C1C5F8B401C5F8DC11D3
:10693000DDE90C89C5F8E021D5F8BC01D5F8901146
:10694000D5F8C021C5F8E431D5F8F031D5F830E1FB
:10695000D5F860C1C5F8E801C5F81412C5F81822C9
:10696000C5F81C32032005F5A67305F5BE7205F5C2
:10697000D671C5F80CE2C5F810C205F5EE7E05F536
:10698000037C0090CDE920A320A812AB2292239192
:1069900010AA0EA9CDE924EC03F008FA1FED8C5AD9
:1069A0000BF5907205F5577305F5987E05F5967C05
:1069B00005F5947005F5927B05F59071D8ED006AA8
:1069C000D8ED054AD8ED017A98ED027A98ED036A80
:1069D00098ED044AF5EE406AF1EE10FAF5EE404A01
:1069E00040F09A84F1EE10FAB5EE404A40F034855A
:1069F000F1EE10FAB5EE406A41F0AC80F1EE10FA1B
:106A000083ED005AF5EE407A41F03F83F1EE10FA43
:106A10001CBFD5ED536A67EEA66AB5EE407A14BF87
:106A2000C3ED006AF0EE456AF1EE10FA05D095ED7F
:106A30005F6AE7EE066AC3ED006AF5EE407AF1EEB2
:106A400010FA83ED015A1CBFD5ED546A67EEA66AB1
:106A5000B5EE407A14BFC3ED016AF0EE456AF1EE7F
:106A600010FA05D095ED606AE6EE076AC3ED016A9B
:106A7000F5EE407AF1EE10FA83ED025A1CBFD5ED27
:106A8000556A67EEA66AB5EE407A14BFC3ED026A96
:106A9000F0EE456AF1EE10FA02F0F68195ED616ACA
:106AA00083ED035AE6EE076AF5EE407AF1EE10FA4E
:106AB000C3ED026A02F09086D0ED0C6AB5EE407A22
:106AC00067EEA66AF1EE10FAC3ED036A42F086861D
:106AD00083ED045ADCED0C6AB5EE407A67EEA66AE7
:106AE000F1EE10FAC3ED046A42F08886F5EE407AC2
:106AF000F1EE10FA83ED055A00F04286DEED0C6AE5
:106B0000B5EE407A67EEA67AF1EE10FAC3ED057A9B
:106B100000F03686DEED186AE7EE267A08F11808EE
:106B2000424503F1180343ED017A7FF447AFD5EDF9
:106B3000377A95EDD81AD5EDEA1AD5EDFC2AD5EDC0
:106B4000368A95EDD79A95EDE90AD5EDFB0A95EDD4
:106B5000388A95EDD94AD5EDEB4A95EDFD7AD5ED1C
:106B6000395A95EDDE5A95EDF02AD5ED3A6A95ED54
:106B7000DD3AD5EDEF3A95ED3B6A27EE811A67EEE7
:106B8000A11A67EEA22AA8EE891A05F5876205F216
:106B90003443E8EE801A05F58D61E8EEA02AA8EEF0
:106BA000041AE8EE241AE8EE072A85ED1D1AC5ED51
:106BB000201AC5ED292A92ED007AD3ED000A95ED51
:106BC000DF4AD5EDF14A27EE877A05F23C42A8EE7E
:106BD000A07A05F58863D2ED000A93ED009AA8EE3D
:106BE000207A05F2444205F5896392ED000AD3ED5F
:106BF000000AA5EE897A05F5816205F2044327EEC5
:106C0000855A27EE822AA8EE835AA8EEA32AA6EE7A
:106C1000807AA8EE045AA6EE207AA8EE242A85ED02
:106C2000267A85ED1E5AF0EE450A85ED212A92ED71
:106C3000005A95EDE43AD5EDF63A95EDE39AD5EDA7
:106C4000F54A27EE855AB0EE470A93ED007AA8EE92
:106C5000875A05F20C4305F58A6293ED007AA8EE97
:106C6000075A05F24C4327EE833A85ED2A5A92EDF6
:106C7000007AB0EE454A27EE877A93ED005AA8EEE7
:106C8000857A05F2544205F58B6392ED005AA8EE21
:106C9000057A05F25C4293ED005AA5EE857A05F57A
:106CA0008C6392ED005A67EEA33AA9EE283A05F5F7
:106CB0008462E8EEA43AA6EE857A93ED009AD5EDCB
:106CC000E54A95EDF75AA6EE097A05F21C43A4EEC3
:106CD000883AE8EE053A85ED277A85ED1F3AC5ED4D
:106CE000223AD2ED004A93ED005A67EEA44A05F22B
:106CF0002443E8EE854A05F2644293ED005AE8EE3B
:106D0000054A05F26C43C5ED2B4A91ED005A92ED10
:106D1000009A67EE857A93ED005AE8EE897A05F5D8
:106D20008E6205F2744392ED009AD3ED008AE8EE8C
:106D3000057A05F58F6393ED005A039BE9EE257AFA
:106D4000E8EEA67AE5EE067AC5ED287A002B00F08B
:106D5000B28027EE077A9FEDFA5AA7EEA77AF0EEF7
:106D6000477AE0EE007AF4EEC57AF1EE10FA02F31B
:106D7000578595EDDB8A95EDED0A95EDDA5AD5ED5F
:106D8000EC7A95EDFF7AD5EDDC9A95EDEE9AD5ED9E
:106D9000FE8A26EE888A26EE800AA5EE258A05F56B
:106DA000806305F21442A5EEA70A38EE018A95ED3C
:106DB000E15AD5EDF37A30EE211A26EE855A66EEC9
:106DC000871AB0EE480AB0EE417A95EDE08A95ED6B
:106DD000F21A66EEA77AA9EE860AA6EE097AE5EE21
:106DE000A81AA5EE885AE5EE817A85ED1D0A85ED93
:106DF000207A93ED008A95EDF41A95EDE20A95ED6F
:106E0000E77A71EEA22A35EE205A77EE827AE6EE24
:106E1000082A05F58263E6EE017AA6EE005AC5ED72
:106E2000292AC5ED217A85ED1E5A92ED005AD5ED3D
:106E3000F97AD3ED000A95EDE61AD5EDF81A95ED3D
:106E4000E82AD5EDFA2A26EE855A26EE877A66EEEE
:106E5000A77AA5EEA05A05F5836305F22C42A5EEAC
:106E6000817AE5EEA17A35EE045A37EE037A93ED96
:106E7000004A77EEA37AA6EE027A05F58563E6EE80
:106E8000227AA6EE045A85ED1F7A85ED2A5AC5EDC1
:106E9000227AD2ED007A93ED007A66EEA77A05F5B4
:106EA0008663E5EE877A93ED007A77EEA47AE6EED4
:106EB000077AC5ED2B7A4FF00008DDF81CB0BFEE65
:106EC000000A05F174015846FEF7F8FF089ADBED59
:106ED000004AD2ED013A92ED003ADBED015A92ED13
:106EE000026A9BED034ADBED027A92ED035ADFED75
:106EF000952A64EEA36A25EEE30AE3EE256AA3EE83
:106F0000240AE6EE046A24EE868AA6EE670AA3EE59
:106F1000278AE7EEC56A23EEA77AA5EE440AA5EE16
:106F2000858AA3EE047A66EEA67AA3EEC48AA4EE5E
:106F3000857AE0EE007AA5EEC67AE8EE087AC5ED2D
:106F4000106AE7EE077A85ED0F0AF4EEE27AF1EEC9
:106F500010FA85ED118A85ED127AB1EEE75A41F308
:106F60001A87B7EE006AC6EE055A25EE800A25EEAE
:106F7000A6BA25EE888AB5EEC00A65EE875AF1EE0C
:106F800010FA85ED0F0A85ED10BA85ED118AC5ED71
:106F9000125A42F1DC8465EEA57AB1EE400A30EE79
:106FA000007A77EEA77AB1EE488AB1EE4BBAE0EEFE
:106FB000077A7BEE0B6A78EE088AF1EE65EA68EEF6
:106FC000289A6EEEA6DA2BEE269AF0EE67AA6EEEFF
:106FD000A88A68EE267AF0EE6DCAA0EE079AE0EE77
:106FE000079AB0EE67AAB0EE68DAE8EE47CAEEEEAE
:106FF000C77AE8EE07DAAEEE87AAABEE07DAEBEE79
:10700000478A39EE469A7AEEC6AA79EEC69AF0EE2B
:1070100067BA85ED0F0A85ED10BA85ED118AC5EDC9
:1070200012EAB1EE6CCAF7EE007AB4EEE70AF1EEBE
:1070300010FA85ED069A85ED07AAC5ED08CAC5EDDB
:1070400009BAC5ED0A9A85ED0BDAC5ED0CDAC5ED86
:107050000D8AC5ED0EAAC2F2018300236B652B6574
:10706000EB649DED157ADDED145ADDED166A95EDB4
:107070001A5A95ED204AD5ED294A039B67EE0D7A01
:1070800027EE2B6AE5EEAC7A27EE297AA5EE896A1F
:10709000A5EE8A7AF7EE005A75EEE77A35EE445A95
:1070A000E6EEEA7AA6EEAD6AA6EEA87A95ED214A5A
:1070B000D5ED2C6AC5ED357AD5ED1B7A85ED1A5ADA
:1070C00076EEE46A77EEC47AD5ED2A4A95ED2D5A2C
:1070D000C5ED306A35EE645AD5ED1C6A95ED224A4D
:1070E000C5ED1B7AD5ED2B4AD5ED2E7A85ED315ABB
:1070F00076EEC46A77EEE47AB1EE466AB1EE477A8C
:1071000085ED336A85ED347AC5ED1C6AC5ED327ABA
:10711000002B48D0B8F1000F45D195ED277A95EDB9
:10712000265A95ED286AD5ED426A9FED0C3AD5EDC9
:10713000443A67EE2B7A27EE0D7AE5EE097A0FE0F6
:1071400000401C46BE37863500003443000034C37F
:107150000000B4420000B4C20000B44300000000CC
:10716000A5EE2C7AE6EE2D7AA6EE2A7A76EEE76A7E
:1071700073EEC73AF4EEC36AF1EE10FAB8BFF0EE60
:10718000436A26EEA66AC5ED237AF0EE467AE3EE70
:10719000A37A85ED257AF4EE437AF1EE10FAB1EE9A
:1071A000E77A42F04D83B0EE4D0AF0EE6A0AFEF740
:1071B0008BFFFFEE007AF4EEE7CAF1EE10FAF0EE84
:1071C000403A42F2D181F7EE007AF4EEE7CAF1EEEE
:1071D00010FAC2F265831FED247A5FED227A85ED05
:1071E000010AB4EE470AF1EE10FAC5ED027A42F058
:1071F0001B831FED2A7AF0EE473A85ED017A1FEDE9
:107200002C7AF4EE477AF1EE10FA02F0BB811FED12
:107210002F7AF4EE477AF1EE10FA02F00583F0EEE1
:10722000490AB0EE4A0AFEF74FFF85ED030AB5EEB4
:10723000C00AF1EE10FA05D55FED397A30EE270A73
:1072400085ED030A5FED3C7AB4EEE70AF1EE10FA41
:1072500005DB5FED3E7AB0EE670AC5ED037AF7EE27
:10726000007AF4EEE7AAF1EE10FA85ED040AC2F214
:1072700030825FED467AC5ED057A0295DDF828800B
:10728000049DDDF814B04FF0000EF7EE005ABFEE8B
:10729000005AA9F5B4615846A9F5AE6C41F804EB63
:1072A0004B4602460EE0F4EE457AF1EE10FA36EE69
:1072B000C76AE7EE876A1CD041ED016A9C4202F181
:1072C00030021CD0F3EC017AF5EE407AF1EE10FAC0
:1072D000F4D012ED0C7AB5EE407AF1EE10FAEDD062
:1072E00051ED016AF4EE657AF1EE10FA37EE266A96
:1072F000D9D19C4201ED016A02F13002E2D161452F
:1073000000F10400CAD1454504F13004C14601F042
:107310002E8608F13008BCE7F1EE10FAB5EE404ACF
:1073200040F05181F1EE10FAB5EE406A40F035833D
:10733000F1EE10FA83ED005A41F0248295ED476A90
:10734000F5EE407A26EE866AF1EE10FA83ED006AD9
:1073500001F07385D5ED535AA7EEA56AB5EE407AD4
:10736000F1EE10FA83ED006A02F01881D5ED5F5A54
:1073700083ED015AA7EE256AF5EE407A83ED006AA7
:1073800095ED486A26EE866AF1EE10FA83ED016A01
:1073900042F00C81D1ED185A83ED025AA7EE256A0E
:1073A000F5EE407A83ED016A95ED496A26EE866A2C
:1073B000F1EE10FA83ED026A42F00C81DBED185A0F
:1073C00083ED035AA7EE256AF5EE407A83ED026A53
:1073D00095ED4A6A26EE866AF1EE10FA83ED036AAD
:1073E00042F00C81D0ED185A83ED045AA7EE256ABD
:1073F000F5EE407A83ED036A95ED4B6A26EE866AD8
:10740000F1EE10FA83ED046A42F00C81DCED185ABB
:1074100083ED055AA7EE256AF5EE407A83ED046AFE
:1074200095ED4C6A66EE866AF1EE10FAC3ED056AD8
:107430000BD09EED0C6AE6EE276AB5EE407AF1EECF
:1074400010FAC3ED056A00F09B81DEED187AE7EED5
:10745000876AC3ED056A93E1F1EE10FAB5EE406A72
:1074600040F02D84F1EE10FA83ED005AF5EE407AEB
:1074700040F0B986F1EE10FA1CBFD5ED536A67EE05
:10748000A66AB5EE407A14BFC3ED006AF0EE456A15
:10749000F1EE10FA41F0A98495ED836A83ED015A6B
:1074A000E4EE866AF5EE407AF1EE10FAC3ED006A7A
:1074B00041F0AF845FEDD76A91ED3C6A83ED025AEB
:1074C000E4EE866AF5EE407AF1EE10FAC3ED016A59
:1074D00016BFD5ED556A5FEDDF6A67EEA66AB5EEB9
:1074E000407A18BFC3ED026AF1EE10FA05D095EDAF
:1074F000616AE7EE066AC3ED026A95ED856A83ED7F
:10750000035AE4EE866AF5EE407AF1EE10FAC3ED26
:10751000026A16BFD5ED566A5FEDF06A67EEA66A9D
:10752000B5EE407A18BFC3ED036AF1EE10FA05D04C
:1075300095ED626AE7EE066AC3ED036A95ED866A29
:1075400083ED045AE4EE866AF5EE407AF1EE10FA25
:10755000C3ED036A16BFD5ED576ADFED8E6A67EE9D
:10756000A66AB5EE407A18BFC3ED046AF1EE10FAD0
:1075700005D095ED636AE7EE066AC3ED046A95ED02
:10758000876A83ED055AE4EE866AF5EE407AF1EEFD
:1075900010FAC3ED046A16BFD5ED586ADFED7D7AA7
:1075A00067EEA67AB5EE407A18BFC3ED057AF1EE24
:1075B00010FA01F0D482D5ED646AE7EE267AC3EDC5
:1075C000057A01F0CCBAF1EE10FAB5EE406A40F05F
:1075D000E380F1EE10FA83ED005A41F0C88295ED98
:1075E000476AF5EE407A26EE866AF1EE10FA83EDF0
:1075F000006A05D0D5ED535AA7EEA56A83ED006A5F
:10760000B5EE407AF1EE10FA05D0D5ED5F5AA7EE4F
:10761000256A83ED006AD5ED835A83ED015AA4EE05
:10762000A56AF5EE407A83ED006A95ED486A26EE8C
:10763000866AF1EE10FA83ED016A05D0D5ED545A51
:10764000A7EEA56A83ED016AB5EE407AF1EE10FA75
:1076500005D0D5ED605AA7EE256A83ED016AD5ED18
:10766000845A83ED025AA4EEA56AF5EE407A83EDC2
:10767000016A95ED496A26EE866AF1EE10FA83ED0D
:10768000026A05D0D5ED555AA7EEA56A83ED026AC8
:10769000B5EE407AF1EE10FA05D0D5ED615AA7EEBD
:1076A000256A83ED026AD5ED855A83ED035AA4EE6F
:1076B000A56AF5EE407A83ED026A95ED4A6A26EEF8
:1076C000866AF1EE10FA83ED036A05D0D5ED565ABD
:1076D000A7EEA56A83ED036AB5EE407AF1EE10FAE3
:1076E00005D0D5ED625AA7EE256A83ED036AD5ED84
:1076F000865A83ED045AA4EEA56AF5EE407A83ED2E
:10770000036A95ED4B6A26EE866AF1EE10FA83ED78
:10771000046A05D0D5ED575AA7EEA56A83ED046A31
:10772000B5EE407AF1EE10FA05D0D5ED635AA7EE2A
:10773000256A83ED046AD5ED875A83ED055AA4EED8
:10774000A56AF5EE407A83ED046A95ED4C6A66EE23
:10775000866AF1EE10FAC3ED056A05D095ED586A18
:10776000E6EE276AC3ED056AB5EE407AF1EE10FA4F
:1077700041F09D83D5ED887AE7EEA46AC3ED056AF2
:1077800008F11808424503F118037FF417A9FFF721
:10779000CEB900BF00000000F1EE10FA83ED005AF0
:1077A00041F0C88095ED476AF5EE407A26EE866A8C
:1077B000F1EE10FA83ED006A05D0D5ED535AA7EE2D
:1077C000A56A83ED006AB5EE407AF1EE10FA05D0B5
:1077D000D5ED5F5AA7EE256A83ED006AD5ED775A9D
:1077E000A4EE256AF5EE407A83ED006AD5ED835A62
:1077F00083ED015AA4EEA56AF1EE10FA83ED006A5A
:1078000095ED486A26EE866A83ED016A05D0D5EDCE
:10781000545AA7EEA56A83ED016AB5EE407AF1EEFF
:1078200010FA05D0D5ED605AA7EE256A83ED016AFE
:10783000D5ED785AA4EE256AF5EE407A83ED016A1B
:10784000D5ED845A83ED025AA4EEA56AF1EE10FA42
:1078500083ED016A95ED496A26EE866A83ED026A38
:1078600005D0D5ED555AA7EEA56A83ED026AB5EEAF
:10787000407AF1EE10FA05D0D5ED615AA7EE256AEF
:1078800083ED026AD5ED795AA4EE256AF5EE407AC9
:1078900083ED026AD5ED855A83ED035AA4EEA56AFD
:1078A000F1EE10FA83ED026A95ED4A6A26EE866AD9
:1078B00083ED036A05D0D5ED565AA7EEA56A83ED90
:1078C000036AB5EE407AF1EE10FA05D0D5ED625AB2
:1078D000A7EE256A83ED036AD5ED7A5AA4EE256AF0
:1078E000F5EE407A83ED036AD5ED865A83ED045AAE
:1078F000A4EEA56AF1EE10FA83ED036A95ED4B6AEA
:1079000026EE866A83ED046A05D0D5ED575AA7EEB8
:10791000A56A83ED046AB5EE407AF1EE10FA05D05F
:10792000D5ED635AA7EE256A83ED046AD5ED7B5A3F
:10793000A4EE256AF5EE407A83ED046AD5ED875A08
:1079400083ED055AA4EEA56AF1EE10FA83ED046A00
:1079500095ED4C6A66EE866AC3ED056A05D095ED35
:10796000586AE6EE276AC3ED056AB5EE407AF1EE95
:1079700010FA05D0D5ED647AE7EE876AC3ED056AA3
:10798000D5ED7C7AE7EE846AC3ED056AD5ED887A99
:10799000E7EEA46AC3ED056AF2E6F1EE10FA83EDB4
:1079A000005A40F0F38595ED476AF5EE407A26EEF1
:1079B000866AF1EE10FA83ED006A05D0D5ED535AD0
:1079C000A7EEA56A83ED006AB5EE407AF1EE10FAF3
:1079D00005D0D5ED5F5AA7EE256A83ED006AD5ED97
:1079E000775A83ED015AA4EE256AF5EE407A83EDCD
:1079F000006A95ED486A26EE866AF1EE10FA83ED8C
:107A0000016A05D0D5ED545AA7EEA56A83ED016A47
:107A1000B5EE407AF1EE10FA05D0D5ED605AA7EE3A
:107A2000256A83ED016AD5ED785A83ED025AA4EEFA
:107A3000256AF5EE407A83ED016A95ED496A26EEF6
:107A4000866AF1EE10FA83ED026A05D0D5ED555A3B
:107A5000A7EEA56A83ED026AB5EE407AF1EE10FA60
:107A600005D0D5ED615AA7EE256A83ED026AD5ED02
:107A7000795A83ED035AA4EE256AF5EE407A83ED38
:107A8000026A95ED4A6A26EE866AF1EE10FA83EDF7
:107A9000036A05D0D5ED565AA7EEA56A83ED036AB1
:107AA000B5EE407AF1EE10FA05D0D5ED625AA7EEA8
:107AB000256A83ED036AD5ED7A5A83ED045AA4EE64
:107AC000256AF5EE407A83ED036A95ED4B6A26EE62
:107AD000866AF1EE10FA83ED046A05D0D5ED575AA7
:107AE000A7EEA56A83ED046AB5EE407AF1EE10FACE
:107AF00005D0D5ED635AA7EE256A83ED046AD5ED6E
:107B00007B5A83ED055AA4EE256AF5EE407A83EDA3
:107B1000046A95ED4C6A66EE866AF1EE10FAC3EDE2
:107B2000056A05D095ED586AE6EE276AC3ED056A49
:107B3000B5EE407AF1EE10FA05D0D5ED647AE7EEB5
:107B4000876AC3ED056AD5ED7C7AE7EE846AC3EDFA
:107B5000056A15E6F1EE10FA83ED005AF5EE407A6B
:107B600040F02984F1EE10FA1CBFD5ED536A67EEA0
:107B7000A66AB5EE407A14BFC3ED006AF0EE456A1E
:107B8000F1EE10FA41F09B8195ED776A83ED015A91
:107B9000E6EE046AF5EE407AF1EE10FAC3ED006A03
:107BA00041F0A181DFEDBD6A91ED306A83ED025AAB
:107BB000E4EE066AF5EE407AF1EE10FAC3ED016AE2
:107BC00016BFD5ED556ADFEDB56A67EEA66AB5EE6C
:107BD000407A18BFC3ED026AF1EE10FA05D095EDB8
:107BE000616AE7EE066AC3ED026A95ED796A83ED94
:107BF000035AE4EE066AF5EE407AF1EE10FAC3EDB0
:107C0000026A16BFD5ED566ADFEDA46A67EEA66A72
:107C1000B5EE407A18BFC3ED036AF1EE10FA05D055
:107C200095ED626AE7EE066AC3ED036A95ED7A6A3E
:107C300083ED045AE4EE066AF5EE407AF1EE10FAAE
:107C4000C3ED036A16BFD5ED576ADFED946A67EEA0
:107C5000A66AB5EE407A18BFC3ED046AF1EE10FAD9
:107C600005D095ED636AE7EE066AC3ED046A95ED0B
:107C70007B6A83ED055AE4EE066AF5EE407AF1EE92
:107C800010FAC3ED046A16BFD5ED586ADFED837AAA
:107C900067EEA67AB5EE407A18BFC3ED057AF1EE2D
:107CA00010FA05D0D5ED646AE7EE267AC3ED057AC1
:107CB00095ED7C7AE4EE077AC3ED057A60E5F1EEA6
:107CC00010FA83ED005AF5EE407A40F0E980F1EECB
:107CD00010FA16BFD5ED536ADFED706A67EEA66A3B
:107CE000B5EE407A18BFC3ED006AF1EE10FA05D088
:107CF00095ED5F6AE7EE066AC3ED006A95ED776A77
:107D0000E4EE066AF5EE407AC3ED006A95ED836A0B
:107D100083ED015AE4EE866AF1EE10FAC3ED006AD3
:107D200016BFD5ED546ADFED5D6A67EEA66AB5EE63
:107D3000407A18BFC3ED016AF1EE10FA05D095ED57
:107D4000606AE7EE066AC3ED016A95ED786AE4EED3
:107D5000066AF5EE407AC3ED016A95ED846A83ED1B
:107D6000025AE4EE866AF1EE10FAC3ED016A16BF1C
:107D7000D5ED556ADFED496A67EEA66AB5EE407A41
:107D800018BFC3ED026AF1EE10FA05D095ED616AF5
:107D9000E7EE066AC3ED026A95ED796AE4EE066ADB
:107DA000F5EE407AC3ED026A95ED856A83ED035ADC
:107DB000E4EE866AF1EE10FAC3ED026A16BFD5ED65
:107DC000566ADFED366A67EEA66AB5EE407A18BFEE
:107DD000C3ED036AF1EE10FA05D095ED626AE7EEA5
:107DE000066AC3ED036A95ED7A6AE4EE066AF5EE7B
:107DF000407AC3ED036A95ED866A83ED045AE4EE9A
:107E0000866AF1EE10FAC3ED036A16BFD5ED576A24
:107E1000DFED226A67EEA66AB5EE407A18BFC3EDC1
:107E2000046AF1EE10FA05D095ED636AE7EE066A92
:107E3000C3ED046A95ED7B6AE4EE066AF5EE407ADE
:107E4000C3ED046A95ED876A83ED055AE4EE866A10
:107E5000F1EE10FAC3ED046A16BFD5ED586ADFEDF6
:107E60000F7A67EEA67AB5EE407A18BFC3ED057AB1
:107E7000F1EE10FA05D0D5ED646AE7EE267AC3ED8F
:107E8000057A95ED7C7AE4EE077AC3ED057A95EDF7
:107E9000887AE4EE877AC3ED057A71E40000000089
:107EA000F1EE10FA16BFD5ED536A5FED046A67EE86
:107EB000A66AB5EE407A18BFC3ED006AF1EE10FA7B
:107EC00005D0D5ED5F5AE7EE256AC3ED006AD5ED22
:107ED0006B5AE6EE256AF5EE407AC3ED006AD5ED01
:107EE000775AE4EE256AF1EE10FAC3ED006AD5ED9B
:107EF000835A83ED015AE4EEA56AB5EE407AC3EDEC
:107F0000006A17BFD5ED546A5FED1C6A67EEA66A7A
:107F1000C3ED016AF1EE10FA05D0D5ED605AE7EE37
:107F2000256AC3ED016AD5ED6C5AE6EE256AF5EED9
:107F3000407AC3ED016AD5ED785AE4EE256AF1EE98
:107F400010FAC3ED016AD5ED845A83ED025AE4EECE
:107F5000A56AB5EE407AC3ED016A17BFD5ED556A43
:107F60005FED326A67EEA66AC3ED026AF1EE10FABF
:107F700005D0D5ED615AE7EE256AC3ED026AD5ED6D
:107F80006D5AE6EE256AF5EE407AC3ED026AD5ED4C
:107F9000795AE4EE256AF1EE10FAC3ED026AD5EDE6
:107FA000855A83ED035AE4EEA56AB5EE407AC3ED37
:107FB000026A17BFD5ED566A5FED486A67EEA66A9A
:107FC000C3ED036AF1EE10FA05D0D5ED625AE7EE83
:107FD000256AC3ED036AD5ED6E5AE6EE256AF5EE25
:107FE000407AC3ED036AD5ED7A5AE4EE256AF1EEE4
:107FF00010FAC3ED036AD5ED865A83ED045AE4EE18
:10800000A56AB5EE407AC3ED036A17BFD5ED576A8E
:108010005FED5E6A67EEA66AC3ED046AF1EE10FAE0
:1080200005D0D5ED635AE7EE256AC3ED046AD5EDB8
:108030006F5AE6EE256AF5EE407AC3ED046AD5ED97
:108040007B5AE4EE256AF1EE10FAC3ED046AD5ED31
:10805000875A83ED055AE4EEA56AB5EE407AC3ED82
:10806000046A17BFD5ED586A5FED747A67EEA67A99
:10807000C3ED057AF1EE10FA40F0718795ED707A54
:10808000E6EE077AC3ED057AFBE6F1EE10FA1CBFC7
:10809000D5ED536A67EEA66AB5EE407A14BFC3ED1C
:1080A000006AF0EE456AF1EE10FA40F03087D5ED47
:1080B0006B5A83ED015AE6EE256AF5EE407AF1EE51
:1080C00010FAC3ED006A40F036875FED8C6AD1ED9F
:1080D000245A83ED025AE6EE256AF5EE407AF1EE77
:1080E00010FAC3ED016A16BFD5ED556A5FED956ACA
:1080F00067EEA66AB5EE407A18BFC3ED026AF1EEEC
:1081000010FA05D0D5ED615AE7EE256AC3ED026A93
:10811000D5ED6D5A83ED035AE6EE256AF5EE407A09
:10812000F1EE10FAC3ED026A16BFD5ED566A5FEDA7
:10813000A56A67EEA66AB5EE407A18BFC3ED036A7A
:10814000F1EE10FA05D0D5ED625AE7EE256AC3EDDF
:10815000036AD5ED6E5A83ED045AE6EE256AF5EE14
:10816000407AF1EE10FAC3ED036A16BFD5ED576AF7
:108170005FEDB66A67EEA66AB5EE407A18BFC3ED4A
:10818000046AF1EE10FA05D0D5ED635AE7EE256AE0
:10819000C3ED046AD5ED6F5A83ED055AE6EE256A04
:1081A000F5EE407AF1EE10FAC3ED046A16BFD5ED94
:1081B000586A5FEDC67A67EEA67AB5EE407A18BFC8
:1081C000C3ED057AF1EE10FA05D0D5ED646AE7EE5D
:1081D000267AC3ED057A95ED707AE6EE077AC3ED5F
:1081E000057AFFF7CDBAF1EE10FA16BFD5ED536A56
:1081F0005FEDD66A67EEA66AB5EE407A18BFC3EDAA
:10820000006AF1EE10FA05D0D5ED5F5AE7EE256A67
:10821000C3ED006AD5ED6B5AE6EE256AF5EE407ABD
:10822000C3ED006AD5ED835A83ED015AE4EEA56AE9
:10823000F1EE10FAC3ED006A16BFD5ED546A5FED9A
:10824000E96A67EEA66AB5EE407A18BFC3ED016A27
:10825000F1EE10FA05D0D5ED605AE7EE256AC3EDD0
:10826000016AD5ED6C5AE6EE256AF5EE407AC3ED6B
:10827000016AD5ED845A83ED025AE4EEA56AF1EE67
:1082800010FAC3ED016A16BFD5ED556ADFEDBE6A7F
:1082900067EEA66AB5EE407A18BFC3ED026AF1EE4A
:1082A00010FA05D0D5ED615AE7EE256AC3ED026AF2
:1082B000D5ED6D5AE6EE256AF5EE407AC3ED026A19
:1082C000D5ED855A83ED035AE4EEA56AF1EE10FA76
:1082D000C3ED026A16BFD5ED566ADFEDAB6A67EEF5
:1082E000A66AB5EE407A18BFC3ED036AF1EE10FA44
:1082F00005D0D5ED625AE7EE256AC3ED036AD5EDE8
:108300006E5AE6EE256AF5EE407AC3ED036AD5EDC6
:10831000865A83ED045AE4EEA56AF1EE10FAC3ED35
:10832000036A16BFD5ED576ADFED976A67EEA66A56
:10833000B5EE407A18BFC3ED046AF1EE10FA05D02D
:10834000D5ED635AE7EE256AC3ED046AD5ED6F5AA1
:10835000E6EE256AF5EE407AC3ED046AD5ED875A5C
:1083600083ED055AE4EEA56AF1EE10FAC3ED046A56
:1083700016BFD5ED586ADFED847A67EEA67AB5EEC2
:10838000407A18BFC3ED057AF1EE10FA05D0D5EDAD
:10839000646AE7EE267AC3ED057A95ED707AE6EE2B
:1083A000077AC3ED057A95ED887AE4EE877AC3ED16
:1083B000057AFFF7E5B9F1EE10FA16BFD5ED536A6D
:1083C000DFED716A67EEA66AB5EE407A18BFC3EDBD
:1083D000006AF1EE10FA05D0D5ED5F5AE7EE256A96
:1083E000C3ED006AD5ED6B5AE6EE256AF5EE407AEC
:1083F000C3ED006AD5ED775A83ED015AE4EE256AA4
:10840000F1EE10FAC3ED006A16BFD5ED546ADFED48
:108410005E6A67EEA66AB5EE407A18BFC3ED016AE0
:10842000F1EE10FA05D0D5ED605AE7EE256AC3EDFE
:10843000016AD5ED6C5AE6EE256AF5EE407AC3ED99
:10844000016AD5ED785A83ED025AE4EE256AF1EE21
:1084500010FAC3ED016A16BFD5ED556ADFED4A6A21
:1084600067EEA66AB5EE407A18BFC3ED026AF1EE78
:1084700010FA05D0D5ED615AE7EE256AC3ED026A20
:10848000D5ED6D5AE6EE256AF5EE407AC3ED026A47
:10849000D5ED795A83ED035AE4EE256AF1EE10FA30
:1084A000C3ED026A16BFD5ED566ADFED376A67EE97
:1084B000A66AB5EE407A18BFC3ED036AF1EE10FA72
:1084C00005D0D5ED625AE7EE256AC3ED036AD5ED16
:1084D0006E5AE6EE256AF5EE407AC3ED036AD5EDF5
:1084E0007A5A83ED045AE4EE256AF1EE10FAC3EDF0
:1084F000036A16BFD5ED576ADFED236A67EEA66AF9
:10850000B5EE407A18BFC3ED046AF1EE10FA05D05B
:10851000D5ED635AE7EE256AC3ED046AD5ED6F5ACF
:10852000E6EE256AF5EE407AC3ED046AD5ED7B5A96
:1085300083ED055AE4EE256AF1EE10FAC3ED046A04
:1085400016BFD5ED586ADFED107A67EEA67AB5EE64
:10855000407A18BFC3ED057AF1EE10FA05D0D5EDDB
:10856000646AE7EE267AC3ED057A95ED707AE6EE59
:10857000077AC3ED057A95ED7C7AE4EE077AC3EDD0
:10858000057AFFF7FDB800BF00000000D5ED475A9F
:10859000F5EE407A66EEA55AF1EE10FAC3ED005AF8
:1085A00005D0D5ED534AE7EEA45AC3ED005AB5EE17
:1085B000407AF1EE10FA05D0D5ED5F4AE7EE245A85
:1085C000C3ED005AD5ED6B4AE6EE245AF5EE407A3B
:1085D000C3ED005AD5ED774A83ED015AE4EE245AF3
:1085E000F1EE10FAC3ED005AD5ED485A66EEA55AE1
:1085F000C3ED015A05D0D5ED544AE7EEA45AC3EDB8
:10860000015AB5EE407AF1EE10FA05D0D5ED604A88
:10861000E7EE245AC3ED015AD5ED6C4AE6EE245A32
:10862000F5EE407AC3ED015AD5ED784A83ED025A52
:10863000E4EE245AF1EE10FAC3ED015AD5ED495A91
:1086400066EEA55AC3ED025A05D0D5ED554AE7EEC0
:10865000A45AC3ED025AB5EE407AF1EE10FA05D0F5
:10866000D5ED614AE7EE245AC3ED025AD5ED6D4AC5
:10867000E6EE245AF5EE407AC3ED025AD5ED794A7A
:1086800083ED035AE4EE245AF1EE10FAC3ED025AD8
:10869000D5ED4A5A66EEA55AC3ED035A05D0D5ED7D
:1086A000564AE7EEA45AC3ED035AB5EE407AF1EE0E
:1086B00010FA05D0D5ED624AE7EE245AC3ED035A0D
:1086C000D5ED6E4AE6EE245AF5EE407AC3ED035A34
:1086D000D5ED7A4A83ED045AE4EE245AF1EE10FA0D
:1086E000C3ED035AD5ED4B5A66EEA55AC3ED045AB5
:1086F00005D0D5ED574AE7EEA45AC3ED045AB5EEBE
:10870000407AF1EE10FA05D0D5ED634AE7EE245A2F
:10871000C3ED045AD5ED6F4AE6EE245AF5EE407AE1
:10872000C3ED045AD5ED7B4A83ED055AE4EE245A95
:10873000F1EE10FAC3ED045AD5ED4C5A66EEA56A77
:10874000C3ED056A05D0D5ED585AE7EEA56AC3ED2D
:10875000056AB5EE407AF1EE10FA05D0D5ED647AEF
:10876000E7EE276AC3ED056AD5ED707AE6EE276A73
:10877000C3ED056AD5ED7C7AE4EE276AC3ED056AA0
:10878000FEF7FEBFD5ED475AF5EE407A66EEA55AE4
:10879000F1EE10FAC3ED005A05D0D5ED534AE7EEDD
:1087A000A45AC3ED005AB5EE407AF1EE10FA05D0A6
:1087B000D5ED5F4AE7EE245AC3ED005AD5ED6B4A7A
:1087C00083ED015AE6EE245AF5EE407AC3ED005AE5
:1087D000D5ED485A66EEA55AF1EE10FAC3ED015AEE
:1087E00005D0D5ED544AE7EEA45AC3ED015AB5EED3
:1087F000407AF1EE10FA05D0D5ED604AE7EE245A42
:10880000C3ED015AD5ED6C4A83ED025AE6EE245AC7
:10881000F5EE407AC3ED015AD5ED495A66EEA55AF8
:10882000F1EE10FAC3ED025A05D0D5ED554AE7EE48
:10883000A45AC3ED025AB5EE407AF1EE10FA05D013
:10884000D5ED614AE7EE245AC3ED025AD5ED6D4AE3
:1088500083ED035AE6EE245AF5EE407AC3ED025A50
:10886000D5ED4A5A66EEA55AF1EE10FAC3ED035A59
:1088700005D0D5ED564AE7EEA45AC3ED035AB5EE3E
:10888000407AF1EE10FA05D0D5ED624AE7EE245AAF
:10889000C3ED035AD5ED6E4A83ED045AE6EE245A31
:1088A000F5EE407AC3ED035AD5ED4B5A66EEA55A64
:1088B000F1EE10FAC3ED045A05D0D5ED574AE7EEB4
:1088C000A45AC3ED045AB5EE407AF1EE10FA05D081
:1088D000D5ED634AE7EE245AC3ED045AD5ED6F4A4D
:1088E00083ED055AE6EE245AF5EE407AC3ED045ABC
:1088F000D5ED4C5A66EEA56AF1EE10FAC3ED056AA5
:1089000005D0D5ED585AE7EEA56AC3ED056AB5EE78
:10891000407AF1EE10FA05D0D5ED647AE7EE276AD9
:10892000C3ED056AD5ED707AE6EE276AC3ED056AF8
:10893000FEF726BFD5ED475AF5EE407A66EEA55A0A
:10894000F1EE10FAC3ED005A05D0D5ED533AE7EE3B
:10895000A35AC3ED005AB5EE407AF1EE10FA05D0F5
:10896000D5ED5F3AE7EE235AC3ED005AD5ED6B3AE9
:10897000E6EE235AF5EE407AC3ED005AD5ED773A8C
:10898000E4EE235AF1EE10FAC3ED005AD5ED833A26
:1089900083ED015AE4EEA35AC3ED005AD5ED485ACF
:1089A00066EEA55AC3ED015A05D0D5ED543AE7EE6F
:1089B000A35AC3ED015AB5EE407AF1EE10FA05D094
:1089C000D5ED603AE7EE235AC3ED015AD5ED6C3A86
:1089D000E6EE235AF5EE407AC3ED015AD5ED783A2A
:1089E000E4EE235AF1EE10FAC3ED015AD5ED843AC4
:1089F00083ED025AE4EEA35AC3ED015AD5ED495A6C
:108A000066EEA55AC3ED025A05D0D5ED553AE7EE0C
:108A1000A35AC3ED025AB5EE407AF1EE10FA05D032
:108A2000D5ED613AE7EE235AC3ED025AD5ED6D3A22
:108A3000E6EE235AF5EE407AC3ED025AD5ED793AC7
:108A4000E4EE235AF1EE10FAC3ED025AD5ED853A61
:108A500083ED035AE4EEA35AC3ED025AD5ED4A5A08
:108A600066EEA55AC3ED035A05D0D5ED563AE7EEAA
:108A7000A35AC3ED035AB5EE407AF1EE10FA05D0D1
:108A8000D5ED623AE7EE235AC3ED035AD5ED6E3ABF
:108A9000E6EE235AF5EE407AC3ED035AD5ED7A3A65
:108AA000E4EE235AF1EE10FAC3ED035AD5ED863AFF
:108AB00083ED045AE4EEA35AC3ED035AD5ED4B5AA5
:108AC00066EEA55AC3ED045A05D0D5ED573AE7EE48
:108AD000A35AC3ED045AB5EE407AF1EE10FA05D070
:108AE000D5ED633AE7EE235AC3ED045AD5ED6F3A5C
:108AF000E6EE235AF5EE407AC3ED045AD5ED7B3A03
:108B0000E4EE235AF1EE10FAC3ED045AD5ED873A9C
:108B100083ED055AE4EEA35AC3ED045AD5ED4C5A41
:108B200066EEA56AC3ED056A05D0D5ED585AE7EEA5
:108B3000A56AC3ED056AB5EE407AF1EE10FA40F091
:108B4000AF81D5ED707AE6EE276AC3ED056AD5ED03
:108B50007C7AE4EE276AF0EE667AC3ED056A95ED5D
:108B6000887AE4EE877AC3ED057AFEF709BED5ED83
:108B7000475AF5EE407A66EEA55AF1EE10FAC3EDCB
:108B8000005A05D095ED534AE7EE845AC3ED005ADA
:108B9000B5EE407AF1EE10FA05D095ED5F4AE7EEBA
:108BA000045AC3ED005A95ED6B4AE6EE045AF5EE11
:108BB000407AC3ED005A95ED834A83ED015AE4EE05
:108BC000845AF1EE10FAC3ED005AD5ED485A66EE1C
:108BD000A55AC3ED015A05D095ED544AE7EE845AE3
:108BE000C3ED015AB5EE407AF1EE10FA05D095EDDD
:108BF000604AE7EE045AC3ED015A95ED6C4AE6EE81
:108C0000045AF5EE407AC3ED015A95ED844A83ED9E
:108C1000025AE4EE845AF1EE10FAC3ED015AD5ED92
:108C2000495A66EEA55AC3ED025A05D095ED554A4C
:108C3000E7EE845AC3ED025AB5EE407AF1EE10FA2F
:108C400005D095ED614AE7EE045AC3ED025A95ED61
:108C50006D4AE6EE045AF5EE407AC3ED025A95ED00
:108C6000854A83ED035AE4EE845AF1EE10FAC3ED1F
:108C7000025AD5ED4A5A66EEA55AC3ED035A05D0FD
:108C800095ED564AE7EE845AC3ED035AB5EE407AA5
:108C9000F1EE10FA05D095ED624AE7EE045AC3ED05
:108CA000035A95ED6E4AE6EE045AF5EE407AC3EDAE
:108CB000035A95ED864A83ED045AE4EE845AF1EEA8
:108CC00010FAC3ED035AD5ED4B5A66EEA55AC3ED23
:108CD000045A05D095ED574AE7EE845AC3ED045A7D
:108CE000B5EE407AF1EE10FA05D095ED634AE7EE65
:108CF000045AC3ED045A95ED6F4AE6EE045AF5EEB8
:108D0000407AC3ED045A95ED874A83ED055AE4EEA7
:108D1000845AF1EE10FAC3ED045AD5ED4C5A66EEC2
:108D2000A56AC3ED056A05D0D5ED585AE5EEA76AE8
:108D3000C3ED056AB5EE407AF1EE10FA05D0D5ED37
:108D4000647AE7EE876AC3ED056AD5ED707AE7EEDF
:108D5000866AC3ED056AD5ED887AE7EEA46AC3EDAD
:108D6000056AFEF70DBDF0EEE36AF4EEC76AF1EEB8
:108D700010FA3DF615ABF0EEC46AF4EEC76AF1EEF8
:108D800010FA3DF60DAB90F93838002B00F0A886AC
:108D90000123FDF705BBDFEDAE7AB7EE007AB0EE4A
:108DA00067CAF0EE47AAC5ED127AC5ED117AC5ED96
:108DB000107AF0EE678AF0EE67DAB0EE67DAF0EE7E
:108DC00067BAF0EE67CAB0EE67AAF0EE67EAB0EEF7
:108DD000678AB0EE67BA85ED0F7AF0EE479AB0EE8B
:108DE000479AB0EE470AFEF71EB995ED5F6AE7EEC7
:108DF000066AF5EE407AC3ED006A95ED836A83ED6D
:108E0000015AE4EE866AF1EE10FAC3ED006A00F052
:108E1000A087D1ED0C6AB5EE407A67EEA66AF1EE56
:108E200010FAC3ED016A3EF447AB91ED186AE7EE24
:108E3000066AC3ED016AFEF73FBBB5EE407AF1EE7C
:108E400010FA7EF493AA83ED015A95ED486A83EDFA
:108E5000025A26EE866A83ED016A95ED496A83ED32
:108E6000035A26EE866A83ED026A95ED4A6A83ED1F
:108E7000045A26EE866A83ED036A95ED4B6A26EE68
:108E8000866A83ED046AD9E3F5EE407AF1EE10FAD2
:108E900083ED035A7DF410AE83ED045AFDF726BE30
:108EA000D5ED647AE7EE276AC3ED056A49E6D5EDAC
:108EB000647AE7EE876AC3ED056AFEF75BBC95ED61
:108EC0005F6AE7EE066AF5EE407AC3ED006A95ED5B
:108ED000776A83ED015AE4EE066AF1EE10FAC3ED0B
:108EE000006A00F0F985D1ED0C6AB5EE407A67EEC4
:108EF000A66AF1EE10FAC3ED016A3EF455AE91EDAB
:108F0000186AE7EE066AC3ED016AFEF74DBED5EDBD
:108F10005F5AE7EE256AF5EE407AC3ED006AD5EDBB
:108F20006B5A83ED015AE6EE256AF1EE10FAC3EDB5
:108F3000006A00F0CD85D1ED0C6AB5EE407A67EE9F
:108F4000A66AF1EE10FAC3ED016A3FF4C0A8D1EDB4
:108F5000185AE7EE256AC3ED016AFFF7B8B8D5EDF8
:108F6000646AE6EE877AC3ED057AFFF787B8029D5B
:108F7000069C002041B223460AEB8102D2ED007A22
:108F8000F5EE407AF1EE10FA07D0D6EDD76A93ED00
:108F9000007AA7EEE67A83ED007AD2ED0C7AF5EE50
:108FA000407AF1EE10FA07D0D6EDD86A93ED007A48
:108FB000A7EEE67A83ED007AD2ED187AF5EE407AE4
:108FC000F1EE10FA07D0D6EDD96A93ED007AA7EE4C
:108FD000E67A83ED007AD2ED247AF5EE407AF1EE6E
:108FE00010FA07D0D6EDDA6A93ED007AA7EEE67AAA
:108FF00083ED007AD2ED307AF5EE407AF1EE10FA98
:1090000007D0D6EDDB6A93ED007AA7EEE67A83ED22
:10901000007AD2ED3C7AF5EE407AF1EE10FA07D004
:10902000D6EDDC6A93ED007AA7EEE67A83ED007A5E
:109030000131CAB20C2A03F1040351B29CD10130B0
:109040000C2806F1180604F1340493D1002251E0F3
:10905000000000005F708930D3B2D7F86413396321
:109060000A2B796044D0D7F868133966092BB960A8
:109070003ED0D7F86C13C7F89010082BF96037D0A2
:10908000D7F87013C7F8C010072B396130D0D7F864
:109090007413C7F8F010062B796129D0D7F878132C
:1090A000C7F82011052BB96122D0D7F87C13C7F877
:1090B0005011042BF9611BD0D7F88013C7F8801129
:1090C000032B396214D0D7F88413C7F8B011022BE0
:1090D00079620DD0D7F88833C7F8E031012ABB6236
:1090E00006D005EB8201D7F88C33C1F82C33FB6234
:1090F00001323437D7F860333B600B2AACD105F529
:10910000906205F28441002313600B6005F28C42EB
:1091100005F5926113600B6005F2944205F59361C9
:1091200013600B6005F29C4205F5946113600B60BF
:1091300005F2A44205F5956113600B6005F2B44297
:1091400005991FED3C4A0B6005F59760136005F526
:10915000986105F2C44203600B6005F599601360E5
:1091600005F2CC4105F59A6203600B6005F2D4402C
:10917000136005F59B6105F2DC4203600B6005F5A9
:109180009C60136005F59D6105F2EC4203600B6085
:1091900005F2F440136005F59F6105F2FC4203609F
:1091A0000B6005F5A060136005F2045105F5A1629E
:1091B00003600B6005F5A260136005F2145105F21F
:1091C0001C5203600B6005F5A460136005F2245186
:1091D00005F5A56203600B6005F22C50136005F5E0
:1091E000A66105F2345203600B6005F5A7601360B9
:1091F00005F23C5105F2445203600B6005F5A9608D
:10920000136005F5AA6105F2545203600B6005F581
:10921000AB60136005F25C5105F5AC6203600B6056
:1092200005F26450136005F5AD6105F26C52036000
:109230000B6005F5AE60136005F5AF6105F27C5279
:1092400003600B6005F28450136005F5B16105F20F
:109250008C5203600B6005F5B260136005F2945107
:1092600005F5B36203600B6005F29C50136005F5D1
:10927000B46105F2A45203600B6005F5B56013609C
:1092800005F2AC5105F5B66203600B6005F5B760F9
:10929000136005F2BC5105F5B86203600B6005F27E
:1092A000C450136005F5B96105F2CC5203600B6040
:1092B00005F5BA60136005F2D45105F5BB62036091
:1092C0000B6005F2DC50136005F5BC6105F2E45259
:1092D00003600B6005F2EC50136005F5BE6105F20A
:1092E000F45203600B6005F5BF60136005F2FC519A
:1092F00005F5C06203600B6005F20460136005F5BC
:10930000C16105F20C6203600B6005F5C260136079
:1093100005F2146105F5C36203600B6005F5C460D6
:10932000136005F2246105F5C56203600B6005F268
:109330002C60136005F5C66105F2346203600B60B2
:1093400005F5C760136005F23C6105F5C86203606E
:109350000B6005F24460136005F5C96105F24C62CB
:1093600003600B6005F25460136005F5CB6105F2F4
:109370005C6203600B6005F5CC60136005F264610C
:1093800005F5CD6203600B6005F26C60136005F5B6
:10939000CE6105F2746203600B6005F5CF60136067
:1093A00005F27C6105F5D06203600B6005F5D160C4
:1093B000136005F28C6105F5D26203600B6005F263
:1093C0009460136005F5D36105F29C6203600B6045
:1093D00005F5D460136005F2A46105F5D56203605C
:1093E0000B6005F2AC60136005F5D66105F2B4625E
:1093F00003600B60136005F6340191ED006A099972
:109400009FEDE52AD1ED007A05F5036005F50262CE
:10941000D0ED004A92ED001A95ED6E7A95ED473A3F
:10942000D5ED7B5A0B98D5ED886AD5ED543A95ED7C
:10943000615A77EE062A37EE047AA2EEA43A05F6D0
:10944000240305F5A36167EE672AD3ED001A80EDCA
:10945000003A05F20C5205F5916381ED007A76EE43
:10946000250AC2ED002AC3ED002AD5ED952A95ED17
:10947000BC3AE4EEA03A05F2B45605F5CA64B6EE7D
:10948000007AF0EE420AE1EE220A05F5966005F256
:109490004C51F0EE472A75EE845AE1EE832A05F529
:1094A000A86205F2BC4336EE866A25EEE73AA4EEE2
:1094B000865AC6ED000AC4ED002AC0ED003AC1ED9F
:1094C000005A82ED003A83ED003AD5EDA23AD5ED8F
:1094D000C95AB0EE456AF0EE474AB0EE425A76EE0F
:1094E000846AA1EE235A05F5BD6605F28464E1EEB7
:1094F000A54A05F2E44005F5B06167EEE67A05F2AB
:10950000745205F59E6386ED005AC4ED004A80ED65
:10951000006AC1ED006AC2ED007AC3ED007AD5EDB4
:10952000AF7AD5EDD66AA1EE272A05F21C6305F5C0
:10953000D765A1EEA67A83ED002A85ED007A6FB09B
:10954000BDEC0E8BBDE8F08F00F62C02D2ED007A58
:109550000368B7EE000A80EE270A1B6898476FB0D1
:10956000BDEC0E8BBDE8F08F9FED967ADFED947A1F
:1095700085ED010AB4EE470AF1EE10FAC5ED027A64
:109580003DF437AEF0EE690AB0EE680AFCF79CFDD8
:1095900030EE230A85ED030AFDF749BE83ED015A3B
:1095A00095ED486A26EE866A83ED016AD1ED0C5A84
:1095B000A7EEA56AB5EE407AF1EE10FA83ED016AE6
:1095C0007DF4E8AE83ED025A95ED496A26EE866A8F
:1095D00083ED026ADBED0C5AA7EEA56AB5EE407A80
:1095E000F1EE10FA83ED026A7DF4E8AE83ED035AE2
:1095F00095ED4A6A26EE866A83ED036AD0ED0C5A31
:10960000A7EEA56AB5EE407AF1EE10FA83ED036A93
:109610007DF4E8AE83ED045A95ED4B6A26EE866A3A
:1096200083ED046ADCED0C5AA7EEA56AB5EE407A2C
:10963000F1EE10FA83ED046A7DF4E8AE83ED055A8D
:1096400095ED4C6AF5EE407A66EE866AF1EE10FA18
:10965000C3ED056A3EF494A8FDF7EBBEFFEE007A79
:10966000B4EEE70AF1EE10FA7DF6F7AC09F082FCF1
:109670009FED4AEADFED537A30EE000A20EE0EEA63
:10968000B4EEE7EAF1EE10FA07DBDFED457A9FED85
:10969000450A3EEE67EA2EEE000AF6EE007A20EE6C
:1096A000270A09F01DFCB5EE400AF1EE10FA3DF470
:1096B000D4AC8EEE007A67EE0B7A27EE088A67EE5E
:1096C0002E5AC5ED137A85ED148AC5ED155AFDF7AE
:1096D000C8BCBFEE007AF4EEC7AAF1EE10FA40F271
:1096E000E281F5EE40AAF1EE10FA00F0D580EAEE44
:1096F000EA7AF5EEC0AAB1EEE77AF1EE10FAC7EE1B
:109700002A7AF5EEC07A40F36581F1EE10FA48BF8F
:10971000F1EE677AB7EE007AF4EEC77A4CBF012318
:109720000023F1EE10FA03DDC7EE277A0122029240
:109730009FED217AF4EEC77AF1EE10FA40F39181B1
:109740009FED1E6ADFED204A9FED207A9FED205AA3
:10975000F7EE006AE7EE866A77EEC67AF3EE0E5A07
:1097600087EEA66A66EE067AA7EEA47A77EE856A99
:1097700027EE067AC7EE267A77EEA57A029A1AB114
:109780009FED0F7A77EE677A002B3DF474ADF1EE22
:10979000677AFDF770BD00BF17B7D138E12E65427B
:1097A0000000B44335FA8E3CCA03683FCA0368BF61
:1097B000000048426D61D83EA330893E3ACD133F48
:1097C0000000B442000034430EB2C841EE49C14229
:1097D000DCE7D73F00000000F0EE456A90ED186A24
:1097E00083ED045AE7EE066AF5EE407AF1EE10FAE0
:1097F000C3ED036A7DF46EA9F0EE456A9CED186A2C
:1098000083ED055AE6EE076AF5EE407AF1EE10FABE
:10981000C3ED046A7DF472A9F0EE457AFDF77AB9DA
:109820004FF00108FDF749BBF0EE690AB1EE680A96
:10983000FCF74AFC30EE630A85ED030AFDF7F7BC3E
:1098400085EE873A5FED287A63EE833AF4EEE73AE5
:10985000F1EE10FA00F3B5805FED2C7AF4EEE73A02
:10986000F1EE10FA00F1AD80F4EEE53AF1EE10FA07
:1098700023EE263AC0F255821FED2F0A5FED347AAF
:1098800085ED2F0A23EE273A63EEA73A85ED423A9B
:10989000C5ED443AFDF787BC5FED377AFDF7EBBCC9
:1098A000ECEEEC7AB1EEE77ACCEE077AB7EE007A1E
:1098B000F5EEC07AF1EE10FA48BFF1EE677AF4EEF9
:1098C000C77A4CBF01230023F1EE10FAC6BFC7EEE2
:1098D000277A012200221FED487AF4EEC77AF1EED2
:1098E00010FA40F3CF801FED4B6A5FED494A1FED40
:1098F000497A1FED495AF7EE006AE7EE866A77EE7D
:10990000C67AF3EE0E5A87EEA66A66EE067AA7EEE0
:10991000A47A77EE856A27EE067AC7EE267A77EE86
:10992000A57A1AB11FED5A7A77EE677A0BB1F1EE8C
:10993000677A1FED5C7AC5ED027AF4EE473AF1EEF4
:1099400010FAC5ED013A3DF454ACFDF758BC7BEE7E
:109950000B7A78EE088A65EEA56A65EEA7DA30EE36
:10996000007A2BEE279A68EE289A68EE277A76EE30
:10997000A66AF0EE6DCAB0EE67AAE8EE47CAA0EE9E
:10998000079AE0EE079AE0EE076AE5EEC77A65EE21
:10999000A88AE8EE07DAB0EE68DAB1EE6CCA39EE02
:1099A000469A79EEC69A76EEC6AAA5EE87AAF0EE9A
:1099B00067BAF0EE65EAABEE07DAEBEE478AFDF741
:1099C00032BB1FED843AF0EE673AB0EE630AFCF763
:1099D00011FB53E7F1EE10FA48BFF1EE677AB7EEEC
:1099E000007AF4EEC77A4CBF01230023F1EE10FA9F
:1099F00003DDC7EE277A012202921FED917AF4EE81
:109A0000C77AF1EE10FA52DD1FED946A5FED924ACB
:109A10001FED927A1FED925AF7EE006AE7EE866A22
:109A200077EEC67AF3EE0E5A87EEA66A66EE067AEF
:109A3000A7EEA47A77EE856A27EE067AC7EE267A35
:109A400077EEA57A029A1AB11FEDA37A77EE677ABC
:109A50000BB1F1EE677A1FEDA57A77EE877AFDF705
:109A60000ABC67EEA76A5FEDA85A1FEDA87A1FED42
:109A7000A86AA6EEA57A76EE866A27EE277AC7EE62
:109A8000267A7BE667EEA76A5FEDB15A1FEDB17AE1
:109A90001FEDB16AA6EEA57A76EE866A27EE277AE2
:109AA000C7EE267A3DE75FEDB97AFDF7E4BB67EED6
:109AB000A76A5FEDBB5A1FEDBB7A1FEDBB6AA6EE2E
:109AC000A57A76EE866A27EE277AC7EE267AB9E778
:109AD0005FEDC06AFFF73BBA5FEDC26AFFF70FBAEE
:109AE00023EEE27A63EE426AA2EE047A0DF1980B5D
:109AF0000023E1EEA36A1830C5F8BC30F0EE470A47
:109B000024EE617A20EEE21AA2EE837AF0EE627A17
:109B1000A1EEA61A66EEC22A21EE015AE7EE872AC6
:109B200066EEA65A67EE614A27EEA76AE2EE204A81
:109B3000A2EEA25AE7EE075AA2EE026AA4EEA45AD7
:109B4000E0EEA05AA1EEA16AB1EEC5AAF1EEE59A47
:109B5000B1EEC60AB5EE405AF1EE10FAC5ED081A9C
:109B600085ED0B2AC5ED0E7AC5ED070A85ED091ABC
:109B7000C5ED0D6AC5ED062A85ED0A7AC5ED0C4ADC
:109B80008BED00AACBED019A8BED020A00F0D48098
:109B9000F5EE405AF1EE10FA00F0CE80B5EE406AD4
:109BA000F1EE10FA00F0C88003465A4605F1240190
:109BB000F7EE005AB2EC016AD3ED006A85EE867AC0
:109BC00067EE266AE3EC016A93ED026AD3ED056A5B
:109BD00026EE076A26EE877A994283ED026A83EDC4
:109BE000057AE7D124EE047A67EE847AA3EEA37AAD
:109BF000E2EE237AA3EE037AE1EE837AB5EE407AC1
:109C0000F1EE10FAF1EEC76A0DD020EE267A87EE5B
:109C1000870AB4EEE50AF1EE10FAC0F290809FEDEB
:109C2000580A85ED2F0A95ED066AD5ED0A6A95ED7D
:109C30000E7A95ED0B3A95ED0D4A95ED085AD5ED56
:109C40000C4A9FED502AD5ED071AD5ED092A76EE7C
:109C5000267AF7EE005A77EEA57AF5EE003A77EE1F
:109C6000877A33EE444A67EEA37A74EEC54AB0EEC3
:109C7000E73AB1EEC35AB4EEC23AF1EE10FA85ED0E
:109C80000F5A71EEE22A68DC36EE256AF1EE677A49
:109C900076EEA56A37EE257AB6EE005AF0EE675AF0
:109CA000E6EE055AB0EE676AA6EE856AE7EE057A3B
:109CB000F0EEE55AB0EEC67AB1EEE56AF1EEC76AAB
:109CC000F0EEE77AB1EEE77AB5EEC04AF1EE10FABF
:109CD00085ED106AF5EEC04A44BFB1EE466A85EDE7
:109CE000106AF1EE10FAC5ED116AF5EEC02A44BF14
:109CF000F1EE666AC5ED116AF1EE10FA85ED127AA1
:109D000044BFB1EE477A85ED127A012385F83838E1
:109D10000393DDED176A9DED187ADDED197AFCF7F6
:109D200048BBFFEE007AF4EEE73AF1EE10FA3FF6A8
:109D30004CAE9FED150AA1E500F02AF873E7FFEE9F
:109D4000007AB4EEE70AF1EE10FA15D9FCF752F9F1
:109D500067E7DFED0E6AFFF768B8C3EE857A27EE96
:109D6000844A67EEA44A67EEA27A85ED104AC5EDF3
:109D7000114AC5ED127AC8E79FED030A51E700BF0B
:109D80000000B44217B7D1380000B4C20000000090
:109D900000234FF07E5243608360C3604361836160
:109DA000C361026002610262704700BF2DE9F04F9B
:109DB00087B007469DF94050002DCDE9021240F3CF
:109DC000FB806A1ED4B201920021621C18460BF07F
:109DD0004EF8039A9FED8A6A1119013A0092029A8D
:109DE00005914FEA84094FF0000E013A034609F14C
:109DF0000409F046049200F1FF3AF7EE005AB0EE83
:109E0000467ABC46D34600261BF9012F012A3ED0D4
:109E100000221146504614E0DCF8004004EB8204B6
:109E2000D4ED007AF0EEE77AF4EEC77AF1EE10FAAC
:109E300003DBB0EE677A8E46B046013251B28D42F6
:109E400025DD10F9014F002CE6D0012CF5DDBDF821
:109E5000049009F101094FEA89092DB2BA4600249C
:109E60004FF07E5BAAEB07065AF8043B4A461846B9
:109E700000210AF0FCFF01340346E2B2334495426C
:109E8000C3F800B054B2EDDC07B0BDE8F08F013686
:109E900076B2B5420CF1040CB6D113F80E200FFACD
:109EA0008EF00132F04503F80E204FEA800B11D0FE
:109EB0000FFA88F257F8201057F8222009EB020415
:109EC000D1ED007AD2F800C0E2EC017A944241F878
:109ED00004CBF5D1009A02F8018F0092049A02F89F
:109EE00001EF57F820C004920CEB0B00D0ED007A84
:109EF000F5EE407AF1EE10FA61D085EEA77A0CEB20
:109F000009016246C0ED005AD2ED007A67EE877A09
:109F1000E2EC017A9142F7D100242246964514D012
:109F200057F8242002EB0B01D1ED006A81ED006AA5
:109F300002EB09006146D2ED007AB1EC017AE7EE5E
:109F4000667AE2EC017A9042F5D1013462B296422F
:109F5000E4DC059A00998A427FF451AF9DF8042011
:109F600054B2002C90DB039B04F1010A5344994640
:109F7000029B534407EB82029A4619F9018D1AF9A4
:109F800001EDF04513D0002D11DD4FEA88084FEAAE
:109F90008E0E391F51F8043F03EB08007344066826
:109FA000D3F800C0C0F800C08A421E60F2D1013C64
:109FB00064B2631CE1D167E76B1E0193CEE706F143
:109FC000FF391FFA89F909F101094FEA890936B207
:109FD000BA4600244FF07E5BAAEB07055AF8043B13
:109FE0004A46184600210AF042FF01340346E2B215
:109FF0002B449642C3F800B054B2EDDC44E700BFF6
:10A0000000000000704700BF203001F0FFBC00BF1F
:10A01000203001F0EDBC00BF203001F0FDBC00BFDE
:10A0200038B5437F0BB9002038BD00F168042046E5
:10A030000D4601F0F9FC0028F5D12046294601F033
:10A04000C5FC012038BD00BF2DE9F0475AB30646D4
:10A05000DFF8588033681B684D1E434517464FF0A4
:10A06000000400F1680915F801AF16D1737F13B928
:10A070002046BDE8F087484601F0D6FC0028F7D11D
:10A080005146484601F0A2FC0134A742F0D03368A3
:10A0900015F801AF1B684345E8D051463046984754
:10A0A0000028F1D1E4E71446E2E700BF21A0030055
:10A0B00010B4837E1F2B4FF0010288BF03F01F03F3
:10A0C000C27603F5E0738CBF284A4FF0A04240F2FD
:10A0D0000C6142F82310437E1F2B86BF03F01F0341
:10A0E000224A4FF0A04203F5E07340F20C6142F8BF
:10A0F000231003694FF0CC72C3F8242503690622AC
:10A10000C3F800250369827EC3F808250369427EEF
:10A11000C3F80C2590F91830002B14DA144A03F018
:10A120000F031A446023137690F91830002B07DBD5
:10A13000104903F01F0001225B09824041F82320EF
:10A140005DF8044B70475909603103F01F03012487
:10A15000084A04FA03F342F8213090F91830002B32
:10A16000DCDB1344602283F80023DDE700030050AA
:10A17000FCEC00E000E100E0C37EE3B10E4B0269BD
:10A1800010B499424FF00004C2F8004510D90B4BAF
:10A19000994294BF4FF080614FF0C86103695DF848
:10A1A000044BC3F8241503690622C3F80025704741
:10A1B0004FF0CC71F2E77047A086010090D0030009
:10A1C0000AB9104670472DE9F041054600F1200814
:10A1D000404614461E460F4601F006FC2B69C3F8A4
:10A1E00088752A69012313622A69C2F834852A69AD
:10A1F000C2F838452A6913602A6902E0D2F824318E
:10A200001BB9D2F84C110029F8D00023C2F84C3108
:10A210002A6902E0D2F8241119B9D2F85C11002998
:10A22000F8D00023C2F85C312B696EB9D3F8242131
:10A2300052B90122DA612A69D2F84831002BFBD0E9
:10A240000023C2F8483109E001225A612A69D2F894
:10A250000431002BFBD00023C2F804312B69D3F862
:10A2600024211AB10022C3F824212B69D3F83C051C
:10A270002866C0B2BDE8F08110B50446683084F8A5
:10A28000B01001F0B1FB0123637710BDF8B50446AF
:10A29000026990F8B00000236377C2F8880522694C
:10A2A000C2F80431236901271F62236904F168069B
:10A2B000C3F8446530460D4601F0A8FB2369C3F896
:10A2C000480523699F60236902E0D3F824211AB965
:10A2D000D3F85021002AF8D00022C3F8502130468C
:10A2E00001F094FB236940BB0022C3F8602123697D
:10A2F00015B9D3F824212AB301225A612269D2F870
:10A300000431002BFBD00023C2F804312369D3F8B9
:10A31000240168B10022C3F824212369D3F8C404BE
:10A32000C3F8C404022803D0042814BF0420032067
:10A33000F8BDD3F82421002AD6D1D3F86021002A11
:10A34000F7D0D1E70122DA612269D2F84831002B37
:10A35000FBD00023C2F84831D8E700BF70B50269CE
:10A3600090F8B01000234377C2F888150269C2F84C
:10A370000431036901261E62036900F16805044681
:10A38000C3F84455284601F041FB2369C3F848054A
:10A3900023699E60236902E0D3F824211AB9D3F817
:10A3A0005021002AF8D00022C3F85021284601F09D
:10A3B0002DFB236918BB0022C3F860212369012209
:10A3C0005A612269D2F80431002BFBD00021C2F877
:10A3D00004112369D3F8240160B1C3F8241123695F
:10A3E000D3F8C404C3F8C404022803D0042814BF5B
:10A3F0000420032070BDD3F82421002ADBD1D3F838
:10A400006021002AF7D0D6E770B5294C6369D3F8EC
:10A410006421002A3AD1D3F86821E2B9D3F80421A3
:10A4200062B1227F0021C3F804113AB1D4F8B820F8
:10A43000D3F83C0520660AB190476369D3F824211C
:10A4400042B10022C3F82421D3F8D024C3F8D02489
:10A4500001225A6170BD0022C3F868211548227795
:10A460000123637701F0C0FAD4F8B43003B1984700
:10A4700063691048C3F844050023637701F0C6FA06
:10A4800063690122C3F848055A63C7E7002204F153
:10A490002006C3F8642101253046257701F0A4FA8F
:10A4A00063694022C3F83465C3F838251D63B2E7F9
:10A4B000988500200086002038B50E4C0E4A2046B4
:10A4C0004FF47A7340F8202B0025C4E9015301F0C2
:10A4D00073FA04F1680001F06FFA084A084B6577D7
:10A4E000D2E91612032020766176A276C4E90433FD
:10A4F00038BD00BF9885002028790400647A0400E4
:10A5000000300040704700BF38B528220546084695
:10A5100000210AF0ACFC0B2209490A4C0BF016FA98
:10A5200001210022C160C27203466D6A06480749D4
:10A530001D6102255A625D61DC619861196238BD56
:10A54000547904000000C8C40000C8448FC2753CA0
:10A55000F0B520228FB004460D46081D00210AF0F8
:10A5600086FC24232B60636A6B600223AB6001F0DE
:10A57000CBFA0626286101234FF0000C2827D4E9E6
:10A58000071207A8CDE902C3CDE9007607F080FBEA
:10A59000324605A907A807F013FC207E9DF8196034
:10A5A0009DF818209DF815C09DF814309DF817707F
:10A5B0009DF816109FED226A032842EA06229DBFED
:10A5C000204E06EB8000D0ED007AF7EE007AB7EE71
:10A5D000007AC7EE275A43EA0C2341EA07211BB24F
:10A5E00009B212B2A380E1802281012007EE101A85
:10A5F00007EE903AF8EEC76AF8EEE77A07EE102A0F
:10A6000067EEA57AB8EEC77A27EE865A66EEA56A97
:10A6100027EE257AC4ED037AC4ED046A84ED057A49
:10A6200085ED055AD4ED047A67EE867AC5ED067A93
:10A63000D4ED057A67EE867AC5ED077A0FB0F0BDE6
:10A640000000C842447904002DE9F04196B001248D
:10A65000002621270546D0E90712234608A80394BF
:10A6600001940296009707F013FB2246022308A9E3
:10A6700004A807F0FDFB214604A807F08FFC0A2080
:10A6800001F04EFAD5E907122346CDE90264CDE97F
:10A6900000740FA807F0FCFA0FA90523022206A8F0
:10A6A00007F0E6FB06A807F0EBFB4FF02008D5E922
:10A6B000071228762346CDE9026401940DEB0800C9
:10A6C000CDF8008007F0E4FA0DEB08010523022223
:10A6D00004A807F0CDFB04A8032107F05FFC4FF0AE
:10A6E000230CD5E907122346CDF800C00394CDE929
:10A6F00001460FA807F0CCFA02231A460FA906A8B4
:10A7000007F0B6FB032106A807F048FC0A2001F079
:10A7100007FAD5E907122346CDF80080CDE9026497
:10A7200001940FA807F0B4FA23460FA904220DEBF9
:10A73000080007F09DFB21460DEB080007F02EFCFA
:10A74000D5E9071223460097CDE9026401940FA8CA
:10A7500007F09EFA0FA9052302220DEB080007F06F
:10A7600087FB31460DEB080007F018FCD5E907120E
:10A770002E7622252346CDE9026401940FA8009588
:10A7800007F086FA33460FA902220DEB080007F006
:10A790006FFB31460DEB080007F000FC204616B0B9
:10A7A000BDE8F081034A026000220276C0E9072278
:10A7B000704700BF647904002DE9F0410446C06988
:10A7C0008CB00F46904608B103F04EFC256A2DB1BF
:10A7D000284607F0C3FD284603F046FC0026266203
:10A7E000102003F03FFC39460546424607F014FDB1
:10A7F000E5612846012107F019FD10B90CB0BDE84C
:10A80000F08101230F25D4E9071205A80393CDE9B0
:10A810000053029607F03CFA05A807F04DFA3D28D0
:10A8200003D030460CB0BDE8F0812046FFF70CFFA6
:10A83000E4E700BFF0B5D0E9073297B04FF0200C45
:10A8400001240027CDF800C00E46054619460DEB41
:10A850000C00234603940194029707F019FA08A903
:10A860000523022204A807F003FB314604A807F0E1
:10A8700095FBD5E9071223252346029703940194FB
:10A880000FA8009507F004FA02230FA91A4606A89C
:10A8900007F0EEFA314606A807F080FB17B0F0BDCE
:10A8A0002DE9F043012997B00D46044600F0CD8014
:10A8B000032900F09280052957D0072940F0F38042
:10A8C0004FF001084FF0000908AE2027D0E9071229
:10A8D000434600973046CDF80C80CDF80480CDF883
:10A8E000089007F0D5F905230222314604A807F0A5
:10A8F000BFFA494604A807F051FB0FAF4FF0230CF5
:10A90000D4E907124346CDF800C0CDF80C80CDE95C
:10A910000189384607F0BCF90223394606A81A46D1
:10A9200007F0A6FA494606A807F038FB0A2001F00E
:10A93000F7F8D4E907124FF0000C01242020CDF8DD
:10A9400008C02346009003940194384607F0A0F90C
:10A95000234639460422304607F08AFA2946304613
:10A9600007F01CFB17B0BDE8F0834FF001084FF073
:10A97000200C08AE0027D0E907124346CDF800C0EE
:10A9800002973046CDF80C80CDF8048007F080F9AE
:10A990002B463146022204A807F06AFA414604A871
:10A9A00007F0FCFAD4E907124FF0230C02970FAF1F
:10A9B0004346CDF800C0CDF80C80CDF80480384671
:10A9C00007F066F90223394606A81A4607F050FA3E
:10A9D000414606A807F0E2FAA8E74FF001084FF059
:10A9E000200C08AE0027D0E907124346CDF800C07E
:10A9F00002973046CDF80C80CDF8048007F048F976
:10AA000031460523022204A807F032FA04A80221E5
:10AA100007F0C4FAD4E907124FF0230C02970FAFE6
:10AA20004346CDF800C0CDF80C80CDF80480384600
:10AA300007F02EF90223394606A81A4607F018FA3D
:10AA400006A8022107F0AAFA70E708AE0027202323
:10AA5000D0E907120297009303952B4601953046E3
:10AA600007F016F931460523022204A807F000FA80
:10AA700004A8032107F092FAD4E9071223230297CE
:10AA80000FAF009303952B460195384607F000F968
:10AA90000223394606A81A4607F0EAF906A8032158
:10AAA00007F07CFA42E708AE0FAF3FE770B5D0E998
:10AAB00007028EB00123002422260D46039301468F
:10AAC000CDE9013407A8009607F0E2F8234607A96C
:10AAD000022205A807F0CCF9294605A807F05EFA7E
:10AAE0000EB070BDF0B50446D0E907028FB0012367
:10AAF000002721260D4603930146CDE9013707A81B
:10AB0000009607F0C5F807A90523022205A807F05B
:10AB1000AFF9294605A807F041FA25760FB0F0BD38
:10AB200010B50446406C044B236010B103685B68A9
:10AB30009847204610BD00BFE8790400704700BF69
:10AB4000704700BF704700BF10B50446406C054B0E
:10AB5000236010B103685B689847204603F084FACD
:10AB6000204610BDE879040010B5044603F07CFAD5
:10AB7000204610BD10B5044603F076FA204610BDFD
:10AB800010B5044603F070FA204610BD2DE9F043DD
:10AB9000002391B00E25012720260446D0E90E128D
:10ABA000CDE90237CDE9006509A807F071F82A461A
:10ABB00005A909A807F004F99DF815109DF81430AF
:10ABC000D4ED106A9DF817209DF816609DF8199035
:10ABD0009DF818509DF821709DF81B809DF81A0073
:10ABE0009DF81FC0DFED465A9DF81DE043EA0123A2
:10ABF0001BB207EE903AB8EEE76AB3EE097AC6EEFA
:10AC0000267A46EA022636B2638145EA09259DF88E
:10AC100020309DF81E209DF81C10A6812DB240EA20
:10AC2000082043EA072394F85170E58100B277EEDB
:10AC3000877A0C2FC4ED057A07EE906AF8EEE76A82
:10AC400007EE905AB8EEE77A07EE900A42EA0C2235
:10AC500098BFDFF8B8C094F850602082F8EEE77A29
:10AC60009CBF0CEB870797ED006A67EEA57A88BF5B
:10AC7000B7EE006A67EE867A41EA0E2166EEA56AB3
:10AC800009B266EE866AC4ED0B7A27EE257A07EEE6
:10AC9000901A12B227EE067AC4ED096AF8EEE76A56
:10ACA00007EE902A1BB2032E84ED0A7AB8EEE77AFB
:10ACB00007EE903A98BF1348DFED135AA180F8EEE3
:10ACC000E77A9CBF00EB860696ED006AE28066EEAE
:10ACD000A56A27EE257A67EEA57A88BFB7EE006AE7
:10ACE00066EE866A27EE067A67EE867A2381C4EDE1
:10ACF000066A84ED077AC4ED087A11B0BDE8F083E6
:10AD0000A9689237AC79040013AC203C7879040030
:10AD100038B528220546084600210AF0A8F80B227B
:10AD200009490A4C0AF012FE01210022C160C272D8
:10AD300003466D68064807491D6104255A625D6136
:10AD4000DC619861196238BDBC790400D7A30BC2DD
:10AD5000D7A30B426422A03870B5282206460846C5
:10AD600000210AF084F80B2209490A4D0A4C0AF026
:10AD7000EDFD002201210346C272C16070681861B6
:10AD8000064859615A62DD619C61186270BD00BF5E
:10AD9000D47904000AE81CC30AE81C4323DB793D8C
:10ADA00038B528220546084600210AF060F80B2233
:10ADB0000A490B4C0AF0CAFD01210022C160C2728F
:10ADC00003466968074819610D254FF07E515A62A4
:10ADD0005D61DC619861196238BD00BFC87904000B
:10ADE000000020C20000AA42F0B58FB00025012665
:10ADF00010270446D0E90E122B46009707A80396A9
:10AE0000CDE9016506F044FF04231A4607A905A809
:10AE100007F02EF8042105A807F0C0F8D4E90E12B7
:10AE20002B460097CDE90256019607A806F030FFA1
:10AE300002231A4607A905A807F01AF8022105A857
:10AE400007F0ACF811270223D4E90E1207A80396E5
:10AE5000CDE9016584F850302B46009706F018FFC5
:10AE600004231A4607A905A807F002F8042105A83B
:10AE700007F094F8D4E90E122B460097CDE902565C
:10AE8000019607A806F004FF2B46042207A905A88F
:10AE900006F0EEFF0C2105A807F080F80C230A202D
:10AEA00084F8513000F03CFE606C10B103685B68C0
:10AEB0009847A06C10B103685B689847E06C10B1CC
:10AEC00003685B6898470C2003F0CCF80F49846056
:10AED00003464FF4DA62C3E9001260640C2003F009
:10AEE000C1F80B498460034640F2D162C3E9001205
:10AEF000A0640C2003F0B6F8064A846040F2D263E6
:10AF0000E064C0E9002300200FB0F0BD1C7A04000B
:10AF1000387A0400007A04002DE9F04184686D4A13
:10AF200023689B68934290B006460D4640F0CF8060
:10AF30004FF0010E00234FF0200C0E27D4E90E1223
:10AF400009A8CDE9023ECDE900C706F0A1FE3A46C8
:10AF500005A909A806F034FF9DF815209DF81430C6
:10AF600094ED107A94F85170DFED5B5A43EA0223B6
:10AF70001BB207EE903AF8EEE76A6381C6EE877A75
:10AF80009DF817309DF816E04EEA032E0FFA8EFE5C
:10AF9000A4F80CE09DF819309DF818C04CEA032C79
:10AFA0000FFA8CFCA4F80EC09DF81A00B3EE097AD3
:10AFB00077EE877A0C2FC4ED057A9DF81B3040EAB6
:10AFC000032000B220829DF81D309DF81C1041EA3C
:10AFD000032109B2A1809DF81F309DF81E2007EEC5
:10AFE00090EA42EA032212B2E280F8EEE76A07EE44
:10AFF00090CA9DF821809DF82030B8EEE77A07EEE0
:10B00000900A43EA082398BFDFF8D880F8EEE77A81
:10B010009CBF08EB870797ED006A94F8507067EEC5
:10B02000A57A88BFB7EE006A67EE867A66EEA56AF3
:10B0300027EE257A66EE866AC4ED0B7A07EE901A43
:10B0400027EE067AC4ED096AF8EEE76A07EE902A61
:10B050001BB2032F84ED0A7AB8EEE77A07EE903A36
:10B0600098BF1E48DFED1E5A2381F8EEE77A9CBF99
:10B0700000EB870797ED006A66EEA56A27EE257A52
:10B0800067EEA57A88BFB7EE006A66EE866A27EE9D
:10B09000067A67EE867AC4ED066A84ED077AC4ED17
:10B0A000087AB46800F030FD202206460021281DF1
:10B0B00009F0DDFE24232B60A38E6B600D232E612F
:10B0C000AB6063696B61012010B0BDE8F081204680
:10B0D0009847E6E78DAB0300A9689237AC79040086
:10B0E00013AC203C787904002DE9F04184686F4A64
:10B0F00023689B68934290B006460D4640F0D2808C
:10B100004FF0010E00234FF0200C0E27D4E90E1251
:10B1100009A8CDE9023ECDE900C706F0B9FD3A46DF
:10B1200005A909A806F04CFE9DF815209DF81430DD
:10B1300094ED107A94F85170DFED5D5A43EA0223E2
:10B140001BB207EE903AF8EEE76A6381C6EE877AA3
:10B150009DF817309DF816E04EEA032E0FFA8EFE8A
:10B16000A4F80CE09DF819309DF818C04CEA032CA7
:10B170000FFA8CFCA4F80EC09DF81A00B3EE097A01
:10B1800077EE877A0C2FC4ED057A9DF81B3040EAE4
:10B19000032000B220829DF81D309DF81C1041EA6A
:10B1A000032109B2A1809DF81F309DF81E2007EEF3
:10B1B00090EA42EA032212B2E280F8EEE76A07EE72
:10B1C00090CA9DF821809DF82030B8EEE77A07EE0E
:10B1D000900A43EA082398BFDFF8E080F8EEE77AA8
:10B1E0009CBF08EB870797ED006A94F8507067EEF4
:10B1F000A57A88BFB7EE006A67EE867A66EEA56A22
:10B2000027EE257A66EE866AC4ED0B7A07EE901A71
:10B2100027EE067AC4ED096AF8EEE76A07EE902A8F
:10B220001BB2032F84ED0A7AB8EEE77A07EE903A64
:10B2300098BF2048DFED205A2381F8EEE77A9CBFC3
:10B2400000EB870797ED006A66EEA56A27EE257A80
:10B2500067EEA57A88BFB7EE006A66EE866A27EECB
:10B26000067A67EE867AC4ED066A84ED077AC4ED45
:10B27000087AB46800F048FC202206460021281D08
:10B2800009F0F5FD01202860638E6B6004232E61B8
:10B29000AB60636A6B61A36AAB61E36AEB6110B098
:10B2A000BDE8F08120469847E3E700BF8DAB03007F
:10B2B000A9689237AC79040013AC203C787904007B
:10B2C0002DE9F04184686E4A23689B68934290B0F0
:10B2D00006460D4640F0D1804FF0010E00234FF09E
:10B2E000200C0E27D4E90E1209A8CDE9023ECDE9C3
:10B2F00000C706F0CDFC3A4605A909A806F060FD96
:10B300009DF815209DF8143094ED107A94F8517042
:10B31000DFED5C5A43EA02231BB207EE903AF8EEE7
:10B32000E76A6381C6EE877A9DF817309DF816E0CC
:10B330004EEA032E0FFA8EFEA4F80CE09DF81930A9
:10B340009DF818C04CEA032C0FFA8CFCA4F80EC030
:10B350009DF81A00B3EE097A77EE877A0C2FC4EDC8
:10B36000057A9DF81B3040EA032000B220829DF848
:10B370001D309DF81C1041EA032109B2A1809DF8FF
:10B380001F309DF81E2007EE90EA42EA032212B217
:10B39000E280F8EEE76A07EE90CA9DF821809DF8FA
:10B3A0002030B8EEE77A07EE900A43EA082398BF08
:10B3B000DFF8DC80F8EEE77A9CBF08EB870797EDB3
:10B3C000006A94F8507067EEA57A88BFB7EE006AFD
:10B3D00067EE867A66EEA56A27EE257A66EE866ABD
:10B3E000C4ED0B7A07EE901A27EE067AC4ED096ACF
:10B3F000F8EEE76A07EE902A1BB2032F84ED0A7A73
:10B40000B8EEE77A07EE903A98BF1F48DFED1F5A73
:10B410002381F8EEE77A9CBF00EB870797ED006A7F
:10B4200066EEA56A27EE257A67EEA57A88BFB7EEA5
:10B43000006A66EE866A27EE067A67EE867AC4EDC3
:10B44000066A84ED077AC4ED087AB46800F05CFB04
:10B45000202206460021281D09F009FD0120286050
:10B46000238E6B602E61A860A3696B61E369AB6199
:10B47000236AEB6110B0BDE8F08120469847E4E70D
:10B480008DAB0300A9689237AC79040013AC203C63
:10B4900078790400074A02604FF087410022016476
:10B4A000C0E90E22C0E91122C26480F8502080F861
:10B4B00051207047E879040030B58DB00023012495
:10B4C0000F25D0E90E12CDE9014305A8039400959C
:10B4D00006F0DEFB05A806F0EFFBC0B20DB030BDF4
:10B4E0002DE9F0410446806B0E461746984602F05F
:10B4F000BBFD102002F0B6FD314605463A4606F087
:10B500008BFEA5632846012106F090FE08B9BDE830
:10B51000F081236841462046DB68BDE8F0411847CA
:10B5200070B58EB0012400251226D0E90E122B46EC
:10B5300007A80394CDE90145009606F0A9FB07A9E9
:10B540002B46224605A806F093FC214605A806F0E6
:10B5500025FD02E0012000F0E3FA05A806F090FCCA
:10B560000028F7D10EB070BD806C7047C06C70477A
:10B5700070B5D0E90E028EB00124002310260D46CE
:10B58000CDE901430146039407A8009606F080FB2D
:10B59000042307A91A4605A806F06AFC294605A84F
:10B5A00006F0FCFC0EB070BDF0B50446D0E90E020A
:10B5B0008FB00126002310270D46CDE90163014617
:10B5C000039607A8009706F063FB022307A91A4613
:10B5D00005A806F04DFC294605A806F0DFFC84F816
:10B5E00050500FB0F0BD00BF70B5D0E90E028EB064
:10B5F0000124002311260D46CDE9014301460394A1
:10B6000007A8009606F044FB042307A91A4605A8DC
:10B6100006F02EFC294605A806F0C0FC0EB070BD51
:10B62000F0B50446D0E90E028FB0002501231127A2
:10B630000E4603930146CDE9013507A82B46009736
:10B6400006F026FB2B4607A9042205A806F010FCED
:10B65000314605A806F0A2FC84F851600FB0F0BD99
:10B6600010B50446FFF716FF014B2360204610BDBE
:10B67000547A040038B50D460446FFF71DFF6928CB
:10B6800001D0002038BDABB2581C991C4FF083424A
:10B6900023866086A18622642046FFF741FF20466C
:10B6A000FFF70AFF6928ECD129462046FFF79CFBEB
:10B6B000012038BD08B501210D2003F089F90D20C6
:10B6C00003F026FA0420012103F082F90420BDE8EA
:10B6D000084003F01DBA00BF69B170B505460846C1
:10B6E0000C460AF02BF92B680246214628465B6877
:10B6F000BDE8704018470846704700BF69B170B593
:10B70000054608460C460AF019F92B680246214600
:10B7100028465B68BDE8704018470846704700BF80
:10B72000F0B506688BB022B93368C9B298470BB040
:10B73000F0BD0AACD2B20023022A04F8043D05464B
:10B740002CBF10460A20B1FBF0F200FB1217FBB22F
:10B75000092F03F130078ABF3733FBB2DBB2114642
:10B7600004F8013D002AEED120460AF0E7F873689C
:10B7700002462146284698470BB0F0BD10B5C2B02E
:10B780000446CBB28DED000B02A8064A4FF480713F
:10B790000AF0A0F82368024602A95B682046984791
:10B7A00042B010BDF87A0400036870B505460C4637
:10B7B0005E6849B108460AF0C1F8214602462846AB
:10B7C000B0472B685E680446284602220149B0470C
:10B7D000204470BD007B0400036802495B680222BC
:10B7E000184700BF007B0400036870B505460C468F
:10B7F0005E6849B108460AF0A1F82146024628468B
:10B80000B0472B685E680446284602220149B047CB
:10B81000204470BD007B0400F0B504468BB00F4699
:10B820000568002A44D00A2A26D1002945DB0AAE41
:10B830000023334806F8043D0B46A0FB0312D20850
:10B8400002EB8201A3EB4103303306F8013D1346BE
:10B85000002AF2D130460AF071F8314602466B6890
:10B86000204698470646236826495B682046022200
:10B87000984730440BB0F0BD0AAED2B20023022A82
:10B8800006F8043D2CBF10460A200A46B2FBF0F130
:10B8900000FB1127FBB2092F03F130078ABF3733B2
:10B8A000FBB2DBB20A4606F8013D0029EED1D1E732
:10B8B0002B68C9B298470646D5E72B682D219847D3
:10B8C0000AAD002306460E4805F8043D7B42A0FB66
:10B8D0000321C90801EB8102A3EB4203303305F8D1
:10B8E000013D0B460029F2D128460AF027F82368CB
:10B8F000024629465B68204698470644B3E700BFE6
:10B90000CDCCCCCC007B0400F0B505468BB00668EE
:10B9100062B93368C9B2984704462B6815495B6819
:10B9200028460222984720440BB0F0BD0AACD2B2A0
:10B930000023022A04F8043D2CBF10460A20B1FB64
:10B94000F0F200FB1217FBB2092F03F130078ABF98
:10B950003733FBB2DBB2114604F8013D002AEED1C9
:10B96000204609F0EBFF21460246736828469847B7
:10B970000446D2E7007B040030B5C3B004468DED29
:10B98000000BCBB202A80A4A4FF4807109F0A2FF63
:10B990002368024602A95B68204698472368054948
:10B9A0005B680546022220469847284443B030BDD4
:10B9B000F87A0400007B040008B54022002109F059
:10B9C00056FA0022C0E9102208BD00BF10B4D0E929
:10B9D0001024531C03F03F039C4218BF81545DF8B0
:10B9E000044B18BF036470470023C0E9103370474D
:10B9F000D0E91023934206D05A1CC35C02F03F02E8
:10BA00004264184670474FF0FF307047D0E910305D
:10BA1000181A48BF40307047D0E91023934214BF32
:10BA2000C05C4FF0FF307047D0E91030013303F0B5
:10BA30003F03181AB0FA80F040097047F8B517466E
:10BA4000E2B104460E46002500F05EF8E06008E032
:10BA500002F00EFE00F058F8D4E90223C01A90421A
:10BA60000AD2236820465B6998470028F0DB01353D
:10BA7000AF4206F8010BE7D12846F8BD1546FBE7B3
:10BA80002DE9F0431B4B1C4FD3F80463DFF86C80A7
:10BA9000DFF86C9085B000240123A200A34002F1DE
:10BAA0008045334205F5C0450FD0D5F8003163B16C
:10BAB000E357013306D052F808201AB114F80930C0
:10BAC0007BB990470023C5F800310134082CE3D13D
:10BAD000BFF34F8F00BF00BF00BF00BF05B0BDE880
:10BAE000F08304AB002143F8041D0846009102F0E6
:10BAF00099FEE7E7006000407C8600205C8600201D
:10BB000054860020FEE700BF08B501F04BFA4FF461
:10BB10007A72A0FB0223900A40EA835008BD00BF5E
:10BB2000014638B54FF47A7200238002890D08F07F
:10BB30007DFF054601F036FA0446EAF7C9FB01F03D
:10BB400031FA001B854200D838BD281ABDE83840BC
:10BB500001F04CBB10B5044601F0A2FD022804D050
:10BB60002046BDE8104009F02DB901F013FA204637
:10BB700009F028F9044601F0B3FA0CB1204610BDD3
:10BB800002F088FDFAE700BF10B5044601F088FD19
:10BB900002280AD144B101F0FDF9204609F01AF952
:10BBA000BDE8104001F09CBA10BD2046BDE8104031
:10BBB00009F010B938B504460D4601F071FD0228B0
:10BBC00005D029462046BDE8384009F06BBE01F09B
:10BBD000E1F92046294609F065FE044601F080FAA5
:10BBE0000CB1204638BD02F055FDFAE710B5044609
:10BBF00001F0D0F9204609F0E5F8044601F070FAAA
:10BC00000CB1204610BD02F045FD204610BD00BF1E
:10BC100050B110B5044601F0BDF9204609F0DAF83C
:10BC2000BDE8104001F05CBA704700BF38B51C4653
:10BC30009DF8105043B3002908BF1A460123C4E9F8
:10BC40000F01226084F8463001F0F4FFD4E90F13AD
:10BC50002268A26001FB03F1CB1A134400200A44BE
:10BC6000FF21A063E36084F84410626084F845100B
:10BC700004F1100002F062FF04F1240002F05EFF04
:10BC800001F0E2FF84F84C50204638BDF8B5074675
:10BC900015460E4669B100FB01F05030FFF7A6FFD4
:10BCA000044690B3002200F1500380F84620036060
:10BCB00007E05020FFF79AFF044630B384F846604F
:10BCC0002460C4E90F7601F0B5FFD4E90F132268B0
:10BCD000A26001FB03F1CB1A134400200A44FF21A8
:10BCE000A063E36084F84410626084F8451004F1B6
:10BCF000100002F023FF04F1240002F01FFF01F006
:10BD0000A3FF84F84C502046F8BD00242046F8BD1F
:10BD10002DE9F04F044685B01D460192884601F09A
:10BD200089FFA26BE36BA84F4FF000099A424E4681
:10BD3000C0F08B80022D00F006810198002800F0F1
:10BD40003081B9F1000F00F0958001F07DFF01F026
:10BD500021F901F06FFF94F84430FF2B08BF84F8FD
:10BD6000446094F84530FF2B08BF84F8456001F02B
:10BD70006BFF01A902A801F03BFC002840F01881EC
:10BD800001F058FFA26BE36B9A4277D001F05CFFA1
:10BD900001F050FF94F845304FFA83FABAF1000FE2
:10BDA0001ADD636AC3B104F1240907E00AF1FF3325
:10BDB000DBB24FFA83FA7BB1636A6BB1484601F09C
:10BDC000BDFB0028F2D001F04BFC0AF1FF33DBB2DF
:10BDD0004FFA83FA002BEFD1FF2384F8453001F0AE
:10BDE00033FF01F027FF94F844304FFA83FABAF199
:10BDF000000F1ADD2369C3B104F1100907E00AF14D
:10BE0000FF33DBB24FFA83FA7BB123696BB148464B
:10BE100001F094FB0028F2D001F022FC0AF1FF337C
:10BE2000DBB24FFA83FA002BEFD1FF2384F84430C2
:10BE300001F00AFF01F054F901F0FCFEA26BE36B84
:10BE40009A424FF00109BFF475AF226CA66B002A2D
:10BE500040F0FC8025680136002D00F01881A663B3
:10BE6000636A002B40F08C8001F0EEFE012005B0EB
:10BE7000BDE8F08F02A801F0AFFB66E704F11009FE
:10BE800001F0E2FE4846019901F0DCFA01F0D2FE31
:10BE900094F845A04FFA8AFABAF1000F1CDD636AE4
:10BEA000D3B104F1240B08E00AF1FF3A5FFA8AF3F8
:10BEB0004FFA83FA83B1636A73B1584601F03EFBCF
:10BEC0000028F1D00AF1FF3A01F0CAFB5FFA8AF3C9
:10BED0004FFA83FA002BEED1FF2384F8453001F0AE
:10BEE000B3FE01F0A7FE94F844304FFA83FABAF19A
:10BEF000000F06DC15E00AF1FF33DBB24FFA83FADC
:10BF00007BB123696BB1484601F018FB0028F2D0E1
:10BF100001F0A6FB0AF1FF33DBB24FFA83FA002BE4
:10BF2000EFD1FF2384F8443001F08EFE01F0D8F801
:10BF3000002881D14FF080537B6040BFBFF34F8F0B
:10BF4000BFF36F8F78E7226CA66B002A82D0414640
:10BF5000E06808F068FF236CE26821685B421A44DD
:10BF60008A42E26080F0898062681344E360022DB7
:10BF700000F083800136A663636A002B3FF474AF40
:10BF800004F1240001F0DAFA00283FF46DAF0E4B03
:10BF90004FF080525A6040BFBFF34F8FBFF36F8F97
:10BFA00062E7009001F050FE009805B0BDE8F08F08
:10BFB00001F040FE94F845506DB2002D18DD636A23
:10BFC000B3B104F1240607E000ED00E0013DEBB25F
:10BFD0005DB26BB1636A5BB1304601F0AFFA002825
:10BFE000F4D0013D01F03CFBEBB25DB2002BF1D18E
:10BFF000FF2384F8453001F027FE01F01BFE94F882
:10C0000044506DB2002D16DD2369A3B104F1100672
:10C0100005E0013DEBB25DB26BB123695BB1304627
:10C0200001F08CFA0028F4D0013D01F019FBEBB2CD
:10C030005DB2002BF1D1FF2384F8443001F004FEFF
:10C0400001F04EF8002005B0BDE8F08F41465DBB21
:10C05000A06808F0E8FEA368216C62680B44934274
:10C0600006F10106A360FFF4FAAEA663636A2268D4
:10C07000A260002B3FF4F8AE82E7002E7FF4EFAE13
:10C080000123A363636A002B3FF4EEAE78E7606898
:10C0900001F058FBA663636A6560002B7FF470AF04
:10C0A00000287FF474AFDFE6E06808F0BCFE236C84
:10C0B000E26821685B421A448A42E260BFF457AFEB
:10C0C00052E700BFF8B50C4679B300250123216083
:10C0D00081F84630C1E90F35064601F0ABFDD4E9E1
:10C0E0000F322168A56303FB02F39A1A0A440B443A
:10C0F000FF27C4E90131E26084F8447004F11000C4
:10C1000084F8457002F01AFD04F1240002F016FDD7
:10C1100001F09AFDC4E90055E56084F84C602B46B7
:10C120002A4629462046FFF7F3FD2046F8BD00BF0A
:10C130002DE9F0418C4682B004461746EFF3118694
:10C14000402282F31188806BE26B904221D3022B54
:10C1500005D0002086F3118802B0BDE8F08194F884
:10C160004550226CD4F838806DB252BB236808F178
:10C170000108002B4FD06B1CC4F8388037D0013534
:10C180006DB284F84550012086F3118802B0BDE8F5
:10C19000F08194F84550226CD4F838806DB2002AB2
:10C1A000E4D073B9A06808F03EFEA368216C626811
:10C1B0000B44934208F10108A360DCD32368A36019
:10C1C000D9E76146E068019308F02DFE206CE26833
:10C1D0002168019B404202448A42E26002D26268C6
:10C1E0001044E060022B10D008F10108C3E7636A35
:10C1F000002BC8D004F1240001F0A0F90028C2D01F
:10C20000002FC0D001203860A4E7B8F1000F08BFAC
:10C210004FF00108AFE76068019301F093FA019BCA
:10C220006360A8E72DE9F047044684B08846019290
:10C2300001F000FDD4F83890B9F1000F40F0938080
:10C24000019B002B00F00A8102A801F0C5F9B34F51
:10C250004E4604F1240501F0F7FC00F09BFE01F0CE
:10C26000E9FC94F84430FF2B08BF84F8446094F84C
:10C270004530FF2B08BF84F8456001F0E5FC01A9BB
:10C2800002A801F0B5F9002840F0878001F0D2FC47
:10C29000A36B002B40F0E88001F0D6FC0199284602
:10C2A00001F0D0F801F0C6FC94F845304FFA83F95C
:10C2B000B9F1000F06DC15E009F1FF33DBB24FFAEC
:10C2C00083F97BB1636A6BB1284601F037F9002826
:10C2D000F2D001F0C5F909F1FF33DBB24FFA83F96F
:10C2E000002BEFD1FF2384F8453001F0ADFC01F0C5
:10C2F000A1FC94F844304FFA83FABAF1000F1ADD2A
:10C300002369C3B104F1100907E00AF1FF33DBB27E
:10C310004FFA83FA7BB123696BB1484601F00EF9FD
:10C320000028F2D001F09CF90AF1FF33DBB24FFA9A
:10C3300083FA002BEFD1FF2384F8443001F084FC12
:10C3400000F0CEFE00287ED14FF080537B6040BFCE
:10C35000BFF34F8FBFF36F8F01F06CFCD4F83890B0
:10C36000B9F1000F76D0226C52B1E16863681144D4
:10C370009942E16024BF2168E160404608F053FD26
:10C3800009F1FF33A3632369002B40F0C98001F05A
:10C390005BFC012004B0BDE8F08701F04BFC94F891
:10C3A00045304FFA83F9B9F1000F06DC15E009F1C9
:10C3B000FF33DBB24FFA83F97BB1636A6BB1284676
:10C3C00001F0BCF80028F2D001F04AF909F1FF337E
:10C3D000DBB24FFA83F9002BEFD1FF2384F845300D
:10C3E00001F032FC01F026FC94F844304FFA83FA55
:10C3F000BAF1000F1ADD2369C3B104F1100907E097
:10C400000AF1FF33DBB24FFA83FA7BB123696BB1D8
:10C41000484601F093F80028F2D001F021F90AF122
:10C42000FF33DBB24FFA83FA002BEFD1FF2384F8FE
:10C43000443001F009FC00F053FE01F0FBFBA36B5C
:10C4400063B101F001FC01F0F5FBD4F83890B9F1CB
:10C45000000F88D1019B002B7FF4FDAE01F0F4FBAF
:10C46000002004B0BDE8F08701F0EEFB01F0E2FB34
:10C4700094F845304FFA83F9B9F1000F06DC15E066
:10C4800009F1FF33DBB24FFA83F97BB1636A6BB119
:10C49000284601F053F80028F2D001F0E1F809F144
:10C4A000FF33DBB24FFA83F9002BEFD1FF2384F87F
:10C4B000453001F0C9FB01F0BDFB94F844304FFA60
:10C4C00083FABAF1000F1ADD2369C3B104F1100930
:10C4D00007E00AF1FF33DBB24FFA83FA7BB123693D
:10C4E0006BB1484601F02AF80028F2D001F0B8F804
:10C4F0000AF1FF33DBB24FFA83FA002BEFD1FF23AF
:10C5000084F8443001F0A0FB00F0EAFD01F092FB5A
:10C51000D4F83890B9F1000F9CD024E700ED00E08A
:10C5200004F1100001F00AF800283FF430AF054B89
:10C530004FF080525A6040BFBFF34F8FBFF36F8FF1
:10C5400025E700BF00ED00E02DE9F043044685B08B
:10C550000026019101F06EFBA36BB24FB046354649
:10C56000002B40F0F380019B002B00F05D81B8F1BF
:10C57000000F00F0FC8001F067FB00F00BFD01F004
:10C5800059FB94F84430FF2B08BF84F8445094F8CA
:10C590004530FF2B08BF84F8455001F055FB01A939
:10C5A00002A801F025F800286CD101F043FBA36B31
:10C5B000002B40F0E08001F047FB2368002B00F0E7
:10C5C0003C8104F124094846019900F03BFF01F049
:10C5D00031FB94F845304FFA83F8B8F1000F06DCD0
:10C5E00015E008F1FF33DBB24FFA83F87BB1636AE1
:10C5F0006BB1484600F0A2FF0028F2D001F030F8FD
:10C6000008F1FF33DBB24FFA83F8002BEFD1FF23A1
:10C6100084F8453001F018FB01F00CFB94F844302D
:10C620004FFA83F8B8F1000F1ADD2369C3B104F1A2
:10C63000100907E008F1FF33DBB24FFA83F87BB152
:10C6400023696BB1484600F079FF0028F2D001F071
:10C6500007F808F1FF33DBB24FFA83F8002BEFD174
:10C66000FF2384F8443001F0EFFA00F039FD002890
:10C6700064D14FF080537B6040BFBFF34F8FBFF357
:10C680006F8F5BE001F0D6FA94F845304FFA83F8EB
:10C69000B8F1000F1ADD636AC3B104F1240907E0A1
:10C6A00008F1FF33DBB24FFA83F87BB1636A6BB1F9
:10C6B000484600F043FF0028F2D000F0D1FF08F117
:10C6C000FF33DBB24FFA83F8002BEFD1FF2384F85E
:10C6D000453001F0B9FA01F0ADFA94F844304FFA60
:10C6E00083F8B8F1000F1ADD2369C3B104F1100912
:10C6F00007E008F1FF33DBB24FFA83F87BB123691F
:10C700006BB1484600F01AFF0028F2D000F0A8FFF5
:10C7100008F1FF33DBB24FFA83F8002BEFD1FF2390
:10C7200084F8443001F090FA00F0DAFC01F082FA6B
:10C73000A36B002B00F08A8001F086FA01F07AFAF0
:10C74000A36B4FF00108002B3FF40DAF2268013BB3
:10C75000A363002A00F09E802369002B40F08980AB
:10C7600001F072FA0126304605B0BDE8F08302A858
:10C7700000F032FFFFE601F067FA01F05BFA94F88F
:10C7800045304FFA83F8B8F1000F1ADD636AC3B180
:10C7900004F1240907E008F1FF33DBB24FFA83F814
:10C7A0007BB1636A6BB1484600F0C8FE0028F2D046
:10C7B00000F056FF08F1FF33DBB24FFA83F8002B8D
:10C7C000EFD1FF2384F8453001F03EFA01F032FA50
:10C7D00094F844304FFA83F8B8F1000F1ADD23695A
:10C7E000C3B104F1100907E008F1FF33DBB24FFADF
:10C7F00083F87BB123696BB1484600F09FFE0028A7
:10C80000F2D000F02DFF08F1FF33DBB24FFA83F8CE
:10C81000002BEFD1FF2384F8443001F015FA00F02B
:10C820005FFC8BE700ED00E0009301F00DFA009B48
:10C830001E46304605B0BDE8F08301F0FBF96068A4
:10C8400000F03EFF064601F0FFF9BAE601F0FCF900
:10C85000002E88D001F0EEF9616A19B1236B1968D6
:10C86000C1F10501606800F099FF002601F0ECF9C4
:10C8700079E704F1100000F061FE00283FF470AF8A
:10C88000064B4FF080525A6040BFBFF34F8FBFF34B
:10C890006F8F65E700F0B8FF60605DE700ED00E0D6
:10C8A00010B5044601F0C6F9A46B01F0CDF920469D
:10C8B00010BD00BF104B5A68904208D0DA68904211
:10C8C00008BF012204D090F8463093B1704700228F
:10C8D000002110B403EBC20443F8321090F8463044
:10C8E000616013B15DF8044B70475DF8044BFFF7CE
:10C8F0008FB9FFF78DB900BFD8900020074B1A6899
:10C900001AB19A6802B17047012210B403EBC20455
:10C9100043F8321060605DF8044B7047D8900020F7
:10C9200070B505460C46164601F084F995F844307A
:10C93000FF2B04BF002385F8443095F84530FF2BCA
:10C9400004BF002385F8453001F07EF9AB6B2BB9AD
:10C950003246214605F1240000F0B0FD01F06AF9ED
:10C9600095F8454064B2002C16DD6B6AA3B105F161
:10C97000240605E0013CE3B25CB26BB16B6A5BB1CB
:10C98000304600F0DBFD0028F4D0013C00F068FEEA
:10C99000E3B25CB2002BF1D1FF2385F8453001F002
:10C9A00053F901F047F995F8444064B2002C16DDC4
:10C9B0002B69A3B105F1100605E0013CE3B25CB2BE
:10C9C0006BB12B695BB1304600F0B8FD0028F4D0A4
:10C9D000013C00F045FEE3B25CB2002BF1D1FF2335
:10C9E00085F84430BDE8704001F02EB92DE9F041E2
:10C9F000044601F01FF9344A344D136801331360C3
:10CA00002B68002B2FD0324EE36A32682AB33148AC
:10CA1000314907680A689F4238BF03602F480132D6
:10CA200003EB83030A6000EB8300E263211D02F045
:10CA300095F801F009F933686BB12A68E36AD26AA4
:10CA40009A4208D2264B4FF080525A6040BFBFF343
:10CA50004F8FBFF36F8FBDE8F0812A68D26A9A4288
:10CA600098BF2C60D3E72C601368012B02D0E36AD7
:10CA7000174ECCE71948DFF894801A4F144E02F095
:10CA80005DF8194802F05AF8184802F057F81848AB
:10CA900002F054F8174802F051F8404602F04EF800
:10CAA000384602F04BF8144802F048F8134802F0F8
:10CAB00045F8134802F042F8124B134AC2F80080BE
:10CAC0001F60E36AA3E700BFF4860020848600208D
:10CAD00054870020088700200487002090860020CB
:10CAE00000ED00E020870020A4860020B88600200A
:10CAF000CC860020E0860020408700206C87002044
:10CB0000588700208C860020888600200C87002013
:10CB10002DE9F843DDE90964002C60D016B93046F0
:10CB2000BDE8F8830D469700984602233A4684F8FC
:10CB30005130814626633046A52108F098F92A78BD
:10CB4000236B84F83420043F2A781F4427F007071A
:10CB500002B36B7884F835306B78DBB1AB7884F84E
:10CB60003630AB78B3B1EB7884F83730EB788BB1F3
:10CB70002B7984F838302B7963B16B7984F83930AC
:10CB80006B793BB1AB7984F83A30AB7913B1EB797F
:10CB900084F83B30089D042D28BF04250026E5625B
:10CBA0006564201D84F83B60A66401F0D3FFC5F1E5
:10CBB000050504F1180001F0CDFFE6644246494640
:10CBC000A561246184F850606462384600F0F6FF85
:10CBD00020602046FFF70AFF2046BDE8F883204684
:10CBE000BDE8F8832DE9F0479600804630460D46B3
:10CBF0009946099FFEF7FAFF002869D08246542023
:10CC0000FEF7F4FF044600285BD00023C0F830A0F4
:10CC10003246504684F85130A52108F028F92A7888
:10CC2000236B84F83420043E2A781E4426F0070A39
:10CC300002B36B7884F835306B78DBB1AB7884F86D
:10CC40003630AB78B3B1EB7884F83730EB788BB112
:10CC50002B7984F838302B7963B16B7984F83930CB
:10CC60006B793BB1AB7984F83A30AB7913B1EB799E
:10CC700084F83B30089D042D28BF04250026E5627A
:10CC80006564201D84F83B60A66401F063FFC5F174
:10CC9000050504F1180001F05DFFE664A56124615B
:10CCA00084F8506064624A464146504600F086FF70
:10CCB000206007B13C602046FFF798FE0120BDE8E8
:10CCC000F0875046FEF7A4FF4FF0FF30BDE8F08735
:10CCD0004FF0FF30F3E700BF70B504464C4E00F054
:10CCE000A9FF002C39D0251D284601F061FFA36A59
:10CCF0001BB104F1180001F05BFF29464548464D81
:10CD000001F02CFF94F85030012B04BF002384F86D
:10CD1000503000F099FF2B6893B93368A34200D0DC
:10CD200070BD2B68DBB93B493C4A096812689142E7
:10CD300026D03B4B1B682BB33A4B01221A6070BDC7
:10CD400000F078FF384B1A68126892B9374B4FF0F1
:10CD5000FF321A6000F078FFDFE73468C3E7344B36
:10CD60004FF080525A6040BFBFF34F8FBFF36F8FB9
:10CD700070BD1A682D4BD268D26852681A60E9E714
:10CD8000336070BD274A13603268336812681B6BCA
:10CD90009A4236D9274C2849226893009818800077
:10CDA0000858E0B9551EAB0058198000085830BB30
:10CDB000951EAB0058198000085800BBD51EAB006B
:10CDC000581980000858D0B9151FAB0058198000B9
:10CDD0000858A0B9053A93009818800008581344E1
:10CDE0009B00CD1808336868406868600B4498421F
:10CDF00004BF40686860C3683360226070BD2A4623
:10CE0000EDE730683168343101F042FCC2E700BF21
:10CE1000848600205887002054870020F486002054
:10CE20000087002084870020888600203887002023
:10CE300000ED00E0088700209086002080B170B5EA
:10CE40001B4D2B6883420AD0044600F0F3FE194BB9
:10CE500062699A4205D0BDE8704000F0F5BE70BD31
:10CE60007047A36A144A9342F5D0002BF3D1261DD4
:10CE7000304601F09DFE114AE36A116810488B426A
:10CE800088BF136003EB830300EB8300314601F09E
:10CE900065FE2B68E26ADB6A9A42DCD3094B4FF0ED
:10CEA00080525A6040BFBFF34F8FBFF36F8FD2E7FE
:10CEB00084860020588700204087002008870020B3
:10CEC0009086002000ED00E070B584B0002503AA34
:10CED00002A901A8CDE9015501F0DEFB019C002C5F
:10CEE00046D00298002843D0039E20630223B60058
:10CEF000A521324684F8513007F0B9FF236B1F4A51
:10CF00006263201D84F83850043E84F83B50E5628B
:10CF1000C4E911551E4401F01DFE04F1180001F092
:10CF200019FE26F007060523A3612A461449E56485
:10CF300030462461646284F8505000F03FFE206067
:10CF40002046FFF753FD0F4B1C6000F0DBFD01286E
:10CF500011D1402383F311880B490C4A0C4B4FF03D
:10CF6000FF340C6010601D6000F03EFE04B070BD28
:10CF7000044B00221A6004B070BD00BF49444C4508
:10CF800071D20300348700203887002054870020A6
:10CF900080870020024A136801331360704700BF86
:10CFA00000870020014B1868704700BF8087002071
:10CFB000024A136818441060704700BF8087002041
:10CFC0002DE9F04F3B4B1B6883B0002B42D13A4B0D
:10CFD0001F6801371F60002F4AD0384B01931B6830
:10CFE000BB423BD8364EDFF8EC80DFF8ECA0DFF830
:10CFF000EC90002525E03368DB68DC68636804F1A9
:10D00000040B9F42584651D301F0D2FDA36A04F1AC
:10D0100018000BB101F0CCFDE36AD8F8002003EB57
:10D020008300934259460AEB800088BFC8F800305D
:10D0300001F094FDD9F80030E26ADB6A9A4228BF19
:10D04000012533681B68002BD5D1019A4FF0FF33BF
:10D05000136004E01B4A13680133136000251A4B68
:10D060001B68002B0CBF2846012003B0BDE8F08FE1
:10D07000134E164B3168164A1868306019601368F1
:10D080000133136033681B683BB90C4B01931A469C
:10D090004FF0FF3313601346A1E73368074ADB689C
:10D0A0000192DB685B681360134698E7019A13608E
:10D0B000D5E700BF00870020808700203887002048
:10D0C00088860020FC860020848700208C86002033
:10D0D0003C8700200887002090860020848600205E
:10D0E0002DE9F04700F0A6FD354B1A68013A1A60A9
:10D0F0001C68002C57D1334B1B68002B53D0DFF832
:10D10000E0A0314E314FDFF8DC90DFF8DC8033688F
:10D1100013B3F368DC68251D04F1180001F048FD25
:10D12000284601F045FDE36A3A6803EB8300934229
:10D13000294609EB800088BF3B6001F00FFDD8F85D
:10D140000030E26ADB6A9A424FF00103DFD3CAF88B
:10D1500000303368002BDCD13CB11D4B1A681268DB
:10D160003ABB1C4B4FF0FF321A601B4D2C6844B188
:10D170000126FFF725FF08B1CAF80060013CF8D18D
:10D180002C60DAF8003073B1144B4FF080525A60C3
:10D1900040BFBFF34F8FBFF36F8F012400F054FDEA
:10D1A0002046BDE8F087002400F04EFD2046BDE893
:10D1B000F0871A68074BD268D26852681A60D4E7C1
:10D1C00000870020F4860020408700200887002088
:10D1D0008886002038870020FC86002000ED00E0D3
:10D1E00084870020908600208486002070B548B98E
:10D1F000184B4FF080525A6040BFBFF34F8FBFF3C0
:10D200006F8F70BD144A15491368154E01331360B2
:10D210000D6804463068043001F0CAFC33686419B4
:10D220005C600FD20F4B18683168043101F0A6FC26
:10D230000D4B1A68944238BF1C60FFF751FF00285D
:10D24000D6D070BD094B18683168043101F096FCE6
:10D25000F3E700BF00ED00E000870020808700209A
:10D260008486002088860020388700208C86002055
:10D270002DE9F84F3C4E3D4D3D4CDFF80891DFF86D
:10D280000881DFF808B14FF0805A2368D3B100F06D
:10D29000D1FCF368DF68381D01F08AFC2B68013B84
:10D2A0002B602368013B236000F0CEFC97F85130DF
:10D2B000002B37D0012BE8D13846FEF7A9FC2368B4
:10D2C000002BE4D12B4B1B68012B06D9CBF804A013
:10D2D00040BFBFF34F8FBFF36F8F00F041FED9F80F
:10D2E000003033BBD8F80030DB6A002BCDD1214BA6
:10D2F0001B68012BC9D8204B204A1B6812689B1A57
:10D30000012BC2D91E4A136801331360D9F80030CB
:10D31000BBB1D8F80030DB6A0BB9164B1B68FFF7BE
:10D32000DFFEB2E7386BFEF773FC3846FEF770FCA1
:10D33000ABE7D8F80030DB6A002BA6D10D4B1B6899
:10D34000A3E7D8F80030DB6A002BE8D1094B1B6853
:10D35000012BE4D8084B1868084B1B68C01A012839
:10D36000DDD900F0DDFCDAE76C870020F4860020D0
:10D37000F8860020908600203887002080870020D3
:10D3800000870020088700208486002000ED00E050
:10D39000274B1B68002B40D1264A70B5264C1360E2
:10D3A0002268236812681B6B9A423AD9234D24499C
:10D3B0002A689300981880000858E0B9561EB300F8
:10D3C00098198000085830BB961EB3009819800049
:10D3D000085800BBD61EB300981980000858D0B971
:10D3E000161FB300981980000858A0B9053A930099
:10D3F00098188000085813449B00CE1808337068B2
:10D40000406870600B44984204BF40687060C36815
:10D4100023602A6070BD3246EDE7064B01221A6098
:10D42000704720682168343101F032F9BEE700BF4F
:10D430000087002084870020848600200887002041
:10D440009086002070B5174D2B680C4603F118012B
:10D4500001F094FB144B1E682868043001F0A8FB0F
:10D46000631C17D02B68A4195C600BD20F4B186893
:10D470002968043101F082FB0D4B1A68944238BFD1
:10D480001C6070BD0B4B18682968BDE87040043102
:10D4900001F074BB296808480431BDE8704001F010
:10D4A0005DBB00BF84860020808700208886002026
:10D4B000388700208C8600205887002070B5194DD1
:10D4C0002B680C46164603F1180101F047FB164B7A
:10D4D0005EB11B682868043001F06AFB29681348B4
:10D4E0000431BDE8704001F039BB1E682868043083
:10D4F00001F05EFB2B68A4195C600BD20C4B186822
:10D500002968043101F03AFB0A4B1A68944238BF8B
:10D510001C6070BD084B18682968BDE87040043174
:10D5200001F02CBB848600208087002058870020D3
:10D5300088860020388700208C86002038B5C36894
:10D54000DC6804F11805284601F032FB1A4B1B6811
:10D550002BBB251D284601F02BFB184AE36A1168F6
:10D5600017488B4288BF136003EB8303294600EB07
:10D57000830001F0F3FA134BE26A1B68DB6A9A42FC
:10D5800082BF114B01201860104B1A68126898BFB7
:10D5900000204AB90E4B4FF0FF321A6038BD2946C1
:10D5A0000C4801F0DBFAE6E71A68094BD268D2684A
:10D5B00052681A6038BD00BF00870020088700202D
:10D5C00090860020848600208487002088860020A2
:10D5D0003887002040870020034A044B12681B68EC
:10D5E000C0E90023704700BF3C87002080870020EF
:10D5F000F8B50D46044600F01DFB2B681649581C73
:10D600000A6813D0DFF854C0D4E90060DCF8007079
:10D61000BE4201D090421AD9121A93420BD800236D
:10D620002B60012500F010FB2846F8BD002500F016
:10D630000BFB2846F8BDDCF800009B1A0A682B603B
:10D64000C4E90002002500F0FFFA2846F8BD0125D4
:10D6500000F0FAFA2846F8BD808700203C870020B9
:10D66000014B01221A60704784870020084B18681C
:10D6700060B9084B1B6853B9074A084B10681B6810
:10D68000013B984214BF01200220704700207047E0
:10D69000408700208487002058870020F4860020DF
:10D6A000054B1B6833B1054B1B68002B0CBF0220D8
:10D6B0000020704701207047548700200087002019
:10D6C00018B3F8B51C4CC36A2268D26A934214D2CC
:10D6D0008269002A04DB2268D26AC2F105028261F3
:10D6E000164D426903EB830305EB83039A420DD089
:10D6F0002368DB6AC3620120F8BD2368406CDB6AE3
:10D7000098422CBF00200120F8BD7047061D074637
:10D71000304601F04DFA2268094BD06A1A68F86267
:10D72000904200D9186000EB800005EB8000314684
:10D7300001F014FA0120F8BD8486002090860020B4
:10D740000887002050B138B5C16A836C426C013B38
:10D750009142836400D01BB1002038BD0020704787
:10D76000051D0446284601F023FA0A4A636C116835
:10D77000E362C3F105008B42A061074888BF1360D4
:10D7800003EB830300EB8300294601F0E7F9012056
:10D7900038BD00BF088700209086002048B1426C49
:10D7A000C36A914238BF11468B4202D0826C012A73
:10D7B00000D07047826970B5114DC162002A03EB39
:10D7C00083034269A8BFC1F1050105EB8303A8BF2C
:10D7D00081619A4200D070BD061D0446304601F0BA
:10D7E000E7F9084BE06A1A68904288BF186000EBBE
:10D7F000800005EB80003146BDE8704001F0AEB915
:10D800009086002008870020044B1A681AB1196816
:10D810008A6C01328A641868704700BF84860020D1
:10D820002DE9F04FAD4EDFF8C482AD4D89B03368BD
:10D830001C68002C00F08E80DB681C68FFF7AAFBD8
:10D84000FFF7B0FBD8F80030984207465DD384421A
:10D85000C8F8000040F20B810022E11B2868FFF7A6
:10D860005FF8FFF73DFC88B99E4A4FF08053536044
:10D8700040BFBFF34F8FBFF36F8F07E0019B03994A
:10D8800020469847009B002B80F2388128680022B0
:10D890006946FEF7C7FC0028C9D0009B029C002BFC
:10D8A000ECDB636913B1201D01F082F9FFF77AFB0D
:10D8B000D8F800309842814643D3009BC8F80090C6
:10D8C000092BE3D8012202FA03F313F4047F69D190
:10D8D00013F0C70F40F0A1809B06D7D594F82C30E9
:10D8E000002BD3D12046FEF793F9CFE7DB68DC6845
:10D8F000D3F800A004F10409484601F059F9636A1D
:10D9000020469847E369012B36D033681A68002A0D
:10D91000ECD17549C8F800700A6832600B60FFF7F7
:10D92000DFFBB3E7DB68DF68D3F800B007F1040A78
:10D93000504601F03DF97B6A38469847FB69012B58
:10D9400025D033681A68002AECD167490A6832602A
:10D950000B60B2E7FFF71EFBFFF724FBD8F800309F
:10D9600083420746D1D8604BC8F800701B681A681C
:10D97000B2FA82F2520970E7A36953449A454946C4
:10D9800022D263602461306801F0F8F8BDE7BB691A
:10D990005B449B45514627D27B603F61306801F074
:10D9A000EDF8CEE7019B246103EB09024A45A36130
:10D9B00062602CD8002B3FF469AF4B4B211D1868D7
:10D9C00001F0DCF8286862E72B68002B9DD000236B
:10D9D000CDE9043A0694FFF763FE00231A4604A932
:10D9E0002868FEF795F990E72B68002BA9D0002353
:10D9F000CDE9043B0697FFF753FE00231A4604A91E
:10DA00002868FEF785F99CE74B4500D998B1306846
:10DA1000211D01F0B3F8286839E7019BA269246150
:10DA200099182CBF0120002049456160ECD8A9EB72
:10DA300003039A42C1D8636A20469847E369012BE1
:10DA40007FF424AF019BA2692868134400283FF4A7
:10DA50001EAF0022CDE904230694FFF721FE002328
:10DA60001A4604A92868FEF753F928680FE7FFF75C
:10DA700037FB3368DB68D3F80C9009F1040A504691
:10DA800001F096F8D9F81C30012B04D0D9F82430D5
:10DA900048469847FAE6D9F81830C9F81090E218C5
:10DAA000BA42C9F8042004D95146306801F066F83A
:10DAB000ECE73F1BBB421BD82B68002BE6D00023B2
:10DAC000CDE90434CDF81890FFF7EAFD00231A469B
:10DAD00004A92868FEF71CF9D8E700BF8887002052
:10DAE0000C8A002000ED00E08C870020B88900201F
:10DAF000034B5146186801F041F8C7E7029CD0E695
:10DB00008C870020F0B5204C89B000F093F8256890
:10DB1000FDB100F099F82068C8B1002407AA06A951
:10DB200005A8CDE9054400F0C5FDDDE90530022179
:10DB3000CDE90010079A0293144915482346FEF7D1
:10DB4000E7FF144A0346001B18BF0120136009B009
:10DB5000F0BD114F114E384600F0F0FF304600F096
:10DB6000EDFF0F4A0F4900950F4B17600E600F4AEB
:10DB700010212020FEF75AF820600028C9D00C4957
:10DB8000FEF7BCFEC5E700BF0C8A00200C7B04003A
:10DB900021D80300108A002090890020A489002049
:10DBA000888700208C870020BC8900209087002077
:10DBB000047B0400402383F31188FEE730B46FF048
:10DBC00002034FF08075074C40F8045C40F80C4CA1
:10DBD00040F8081C40F8202C40F8243C30BC443865
:10DBE000704700BFB5DB03000F4C08B5E02384F895
:10DBF000223000F077F80D4B0D4A00211960D4F85F
:10DC0000883043F47003C4F88830536843F04043CD
:10DC10005360236943F01003236100F04FF9402360
:10DC200083F31188FEE700BF00ED00E0148A0020B6
:10DC300030EF00E0402383F31188024A1368013378
:10DC400013607047148A0020034A1368013B136075
:10DC50000BB983F311887047148A002041DF7047A5
:10DC600012DF704770B51B4B00251D6082B01B682A
:10DC70000193019BEFF31186402383F31188164A29
:10DC8000164BD2F804451D601B680093009BFFF7FC
:10DC900089F9241A24F07F44012C0DD844B1FFF7F0
:10DCA0008FF9054625B10E4B4FF080525A6040BFA8
:10DCB00086F3118802B070BDFFF7F2FC0228EED1A6
:10DCC000013CFFF77DF9013C631C45EA0005F8D1F2
:10DCD000E8E700BF40110140001001400011014081
:10DCE00000ED00E00B4B0C4930B41F200B4DC3F886
:10DCF000080501220224E020C3F804232A601A60E8
:10DD0000C3F8444381F811034FF400330B6030BC77
:10DD1000704700BF0010014000E100E00810014022
:10DD20002DE9F041804684B0EFF3108272B6584C72
:10DD3000A36883B9574B58480121A160D3F88010DC
:10DD400001402160C3F88000D3F8841061604FF077
:10DD5000FF31C3F8841002B962B6504ED6F804758C
:10DD6000FFF784FC00283DD04D4A4E49424528BF6C
:10DD70004246BB1823F07F4301200025C6F8080364
:10DD8000C6F840350D600B6801934FF4803301995C
:10DD9000C6F80433BFF34F8FB8F1000F54D13F4B97
:10DDA000404D41494FF48030C3F8080300202860FB
:10DDB0002D680395039D086009680291012102986E
:10DDC000C3F80413D3F804353249DB1B23F07F4535
:10DDD000954228BF15464FF40033012DC1F880311C
:10DDE00011D827D0A3685BB1EFF3108372B6294A2C
:10DDF00021681160616851600022A26003B962B6B7
:10DE000004B0BDE8F081681EFFF7D2F8274BDB684D
:10DE1000DA010FD5264A1368DB070BD5254B51686D
:10DE200003FB05F5A5F57425A5F51075AD0A01EB05
:10DE300085155560FFF7C4F80028D3D01E4B4FF06E
:10DE400080525A6040BFCDE7F1EE103A23F09F03B5
:10DE5000E1EE103AF1EE103A0E4B04A84FF4806157
:10DE60004026C3F88461C3F8841100F8045DFFF70D
:10DE7000F7FE9DF80C1039B920BFD3F80001D3F894
:10DE800004110143F8D08AE7FFF7E8FE87E700BFF7
:10DE9000EC90002000E100E0FC06FFBD0010014016
:10DEA000FDFFFF004011014000110140F0ED00E0D6
:10DEB000001000E040420F0000ED00E0074800685D
:10DEC00080F3088862B661B6BFF34F8FBFF36F8FE0
:10DED0004FF0E00080F3118800DF00BF0060020017
:10DEE000064B19680868B0E8F04F80F30988BFF363
:10DEF0006F8F4FF0000080F31188704784860020F8
:10DF0000EFF30980BFF36F8F144B1A681EF0100FE8
:10DF100008BF20ED108A20E9F04F10604DF8043D55
:10DF20004FF0400080F31188BFF34F8FBFF36F8F26
:10DF3000FFF72EFA4FF0000080F3118808BC196833
:10DF40000868B0E8F04F1EF0100F08BFB0EC108A60
:10DF500080F30988BFF36F8F704700BF848600206D
:10DF6000704700BF0A490B4A0B4B9B1A03DD043B69
:10DF7000C858D050FBDC094809494FF0AD32026067
:10DF800004300439FBD100F095FAE8F761F900009C
:10DF90006C850400006000201C63002000F8032052
:10DFA00000080000FEE7FEE7FEE7FEE7FEE7FEE70B
:10DFB000FEE7FEE7FEE7FEE708B50020E8F782F996
:10DFC000EEF7AEFE0E4B43B10E4B7BB1EEF744FFC6
:10DFD00000F04EFBAFF30080F8E7EEF73DFF00F0F6
:10DFE00047FBEEF739FF00F043FBF6E7EEF734FFAF
:10DFF00000F03EFBEEF730FF00F03AFBF6E700BF23
:10E00000000000000000000000B583B000F09CFCA0
:10E01000FDF750FB0E4B019301234FF480620D4935
:10E0200000930D480023FEF7DDFD4FF4407000F033
:10E030003FFCFEF749FFBFF34F8F0849084BCA6802
:10E0400002F4E0621343CB60BFF34F8F00BFFDE7E4
:10E05000188A0020147B0400B9DF030000ED00E003
:10E060000400FA05FDF776BDFDF78EBD084A0949A3
:10E0700008B513681844884202D81060184608BDD5
:10E0800006F062FE0C2303604FF0FF33184608BD14
:10E090002061002000F80320114B1A78EAB90178BA
:10E0A000104810B40A464FF0804402F00102C1F358
:10E0B0004001C4F88015C4F878250268D20706D458
:10E0C000E021012280F80013C0F8802102600122C3
:10E0D00005481A705DF8044B70470448704700BF4C
:10E0E000E890002000E100E00000AD0B0C00AD0B5B
:10E0F0000268074B4FF0804010B400214FF4607469
:10E10000C0F80843196002B11A605DF8044B70470B
:10E11000248A00204FF080434FF46072C3F8042338
:10E12000704700BF10B54FF0804386B0D3F804436A
:10E13000620705D5D3F8082103F58473002A4ED170
:10E14000A30603D52A4B1A68002A3FD1600603D5DF
:10E15000284B1A68002A2FD1210602D5264B1A68AF
:10E160000ABBE20502D5254B1A6892B9A3050ED564
:10E17000234B1A685AB100221A601A68214B059283
:10E18000059A1B68022006B0BDE81040184706B08B
:10E1900010BD00221A601B4A1B68049301201368FB
:10E1A000049A9847E2E700201860164A1B68039318
:10E1B0001368039A9847D4E700221A60124A1B6832
:10E1C000029301201368029A9847C5E7002018605F
:10E1D0000D4A1B6801931368019A9847B6E700221D
:10E1E0001A600A4A1B6800931368009A9847A7E7C9
:10E1F00014010040180100401C01004020010040B3
:10E2000024010040248A0020208A00201C8A00204B
:10E210002DE9F04F0479644F4FEAC40C0CEB040372
:10E220009B008646F8180E46417F83B0002940F0D7
:10E23000918057F803909046B9F1000F04D012F086
:10E24000140F04BF012343770CEB040507EB85058E
:10E2500096E80F0095F81FA005F10C0BBAF1FF0F1F
:10E260008BE80F0010D0AA7F5346002A76D0BAF16F
:10E270001F0F86BF0AF01F034C494FF0A041012237
:10E2800002FA03F3C1F8083532686AB102F060435C
:10E29000B3F1005F08D0644407EB840700234448CF
:10E2A0007B7703B0BDE8F08FB16821B101F0604326
:10E2B000B3F1005FEFD1DEF800307568F068C3F8A5
:10E2C00044250022C3F84855C3F83415C3F838056F
:10E2D000C3F81821D3F818210192019A18F001020D
:10E2E00018BF0122C3F8502518F0020218BF0122FE
:10E2F00018F0080FC3F8402504BF01221A61B9F1D4
:10E30000000F0BD02B48402218F0040F14BFC3F8A5
:10E310000823C3F8042303B0BDE8F08FD3F8182115
:10E32000002AFBD0BAF1FF0F2CD0644407EB84071E
:10E33000BB7F4BB3BAF11F0F84BF0AF01F0A1B4A01
:10E340001C4898BF4FF0A042012303FA0AF3C2F819
:10E350000C35A6E7184803B0BDE8F08FBAF11F0FDF
:10E360004FF0010288BF0AF01F0302FA03F388BFCF
:10E370000E49326898BF4FF0A041C1F80C35002A11
:10E3800084D191E70B488CE7BAF11F0F84BF0AF0E4
:10E390001F0A064A074898BF4FF0A042012303FA1C
:10E3A0000AF3C2F808357CE7288A002000030050F1
:10E3B0000A00AD0B0000AD0B0B00AD0B194BD3F8F1
:10E3C000182102B970470021174AC3F81811D3F871
:10E3D0001811D37F82B0FF2B019101990DD0917F4D
:10E3E00099B11F2B86BF03F01F0310484FF0A040C8
:10E3F000012101FA03F3C0F80C350023537713729F
:10E40000D2E900310A4802B018471F2B86BF03F03B
:10E410001F0306484FF0A040012101FA03F3C0F8A2
:10E420000835EAE700300240288A00200003005047
:10E43000308A00201B4BD3F8182102B97047002105
:10E44000194AC3F81811D3F8181192F8433082B062
:10E45000FF2B019101990ED092F84210A9B11F2B08
:10E4600086BF03F01F0311484FF0A040012101FABD
:10E4700003F3C0F80C35002382F8413082F82C30C9
:10E48000D2E909310A4802B018471F2B86BF03F0B2
:10E490001F0306484FF0A040012101FA03F3C0F822
:10E4A0000835E8E700F00240288A00200003005009
:10E4B000548A0020604B1B6830B45C1C37D05F4A24
:10E4C000082B126800F08F805B4B5C4A1B68126857
:10E4D000082B15D0591C23D0584A1268082B12D08B
:10E4E000574AD2F8883043F47003C2F88830BFF33B
:10E4F0004F8FBFF36F8F534B534A1A6030BC704736
:10E50000002A00F08280032AEAD84FF08043D3F833
:10E510000024D20744BF6FF00102C3F80024DFE7F4
:10E520004A4A4B4B12681B78C2F30312D6E7484A9B
:10E53000464B12781B68082AC3F3031301D1032B3F
:10E5400053D9424A424B12681B78C2F30312082B7C
:10E55000BAD1032AB8D84FF080523E4BD2F80414F7
:10E56000C3F82015D2F80814C3F82415D2F80C14F7
:10E57000C3F82815D2F81014C3F82C15D2F81414C7
:10E58000C3F83015D2F81814C3F83415D2F81C1497
:10E59000C3F84015D2F82014C3F84415D2F8241457
:10E5A000C3F84815D2F82814C3F84C15D2F82C1427
:10E5B000C3F85015D2F83014C3F85415D2F83414F7
:10E5C000C3F86015D2F83814C3F86415D2F83C14B7
:10E5D000C3F86815D2F84014C3F86C15D2F8442477
:10E5E000C3F8702570E7032A0CD8134B1B684FF053
:10E5F00080420021581CC2F80C11C2F81011C2F858
:10E6000038159ED00D4A1268A1E7134C1349144DDA
:10E6100025601448144AFB24C1F8184501681268A3
:10E62000124C21F00F0102F00F020A434FF4007167
:10E630000260216050E700BF30010010340100107B
:10E6400000ED00E0246100200090D003E80F00F00E
:10E65000E00F00F000C000408C56004000F0004089
:10E6600048810300E40E004058020010409602402A
:10E6700008B5E7F72DFE054B4FF080525A6040BFBA
:10E68000BFF34F8FBFF36F8F08BD00BF00ED00E0F9
:10E69000704700BF704700BF044B036010B4642391
:10E6A000034C0C6013605DF8044B7047708A0020C7
:10E6B000C48A0020054B036010B44FF48073044CEF
:10E6C0000C6013605DF8044B704700BF548C002051
:10E6D000A88C002070B51F4C84B04FF0FF3203A906
:10E6E0002068FDF79FFD0028F7D00398037A45685E
:10E6F000052B0DD8DFE803F0272A221C1503D0E9EB
:10E700000361D0E90523C06900903046A84703980B
:10E7100003681BB11846FDF737FA0398FDF734FA82
:10E72000DBE7D0E90523D0E90301A8470398EFE729
:10E73000D0E90412C068A8470398E9E7D0E90301CB
:10E74000A8470398E4E7A8470398E1E7C068A8470B
:10E750000398DDE7AC9000202DE9F0432D4B2E4CC3
:10E760005B6885B0C3F30803019001AF2068002BFC
:10E7700044D0002339461A46FDF7DAFC01283AD086
:10E78000DFF89880D8F80000002240000421FDF74F
:10E790007DFA064678B3DFF88890D9F80000FEF7D6
:10E7A0009BFAFFF747FA02E03046FDF7B1FA002284
:10E7B00003A92068FDF736FD00230546642203A95E
:10E7C0000028F1D12068FEF775F82660FFF73CFAC3
:10E7D000D9F80000FEF732FBD8F800300D4A206867
:10E7E0005B00C8F800305368C3F30803394653B9D7
:10E7F0006422FDF78DFA05B0BDE8F0833946642246
:10E80000FDF786FABAE72B462A46FDF791FC05B0DC
:10E81000BDE8F08300ED00E0AC900020A89000205F
:10E82000B09000202DE9F8439DF8205006460F4691
:10E8300091469846CDB1A8000C30FDF78BF90446FF
:10E8400088B10023C0F804900572036006B177B95F
:10E850002DB1AA00414604F10C0006F0E4FA20466E
:10E86000FFF77AFF0120BDE8F8831020E5E738467E
:10E87000FDF770F981462060A0B13A46314606F0B6
:10E88000D2FA002DEBD0691EC9B208EB8101A8F1C4
:10E89000040353F8042FB24208BFC3F80090994212
:10E8A000F7D1D6E72046FDF76FF94846DBE700BF12
:10E8B00030B540230B4D83B0044600221846042196
:10E8C0002B60FDF7E3F9084B084918600223CDE9F6
:10E8D0000031A2B2002306490648FEF783F903B0CF
:10E8E00030BD00BFA8900020AC900020B090002068
:10E8F0001C7B0400D5E6030011DF704708B5044611
:10E90000FFF7FAFF0D4B4FF080414FF0FF32C3F895
:10E910008020C3F88021C3F88420C3F88421C1F883
:10E920001C45BFF34F8F0649064BCA6802F4E062EC
:10E930001343CB60BFF34F8F00BFFDE700E100E062
:10E9400000ED00E00400FA054FF08043194AD3F8C7
:10E950000014194830B41160D3F80054D3F80024DF
:10E96000164C17492A43C3F80024D4F84025026006
:10E97000002401224FF40030C3F818459A60C1F812
:10E980008000BFF34F8FBFF36F8F0E4C03F58833BA
:10E990004FF0A0454FF480304FF0FF31C3F84803EB
:10E9A000C3F808035A609A60C5F80815C4F808153A
:10E9B00030BC7047B4900020B890002000A0004008
:10E9C00000E100E00003005008B54E20FFF796FF7D
:10E9D00024281BD83C4B53F820301F2B86BF03F054
:10E9E0001F033A4A4FF0A0420E290FD8DFE801F08A
:10E9F000655F59534D474039322B241D160F0800CF
:10EA000003F5E07340F2037142F82310704703F5F9
:10EA1000E07340F2036142F82310704703F5E0739E
:10EA200040F2035142F82310704703F5E07340F2BF
:10EA3000034142F82310704703F5E07340F20331BD
:10EA400042F82310704703F5E07340F2032142F8C7
:10EA50002310704703F5E07340F2031142F82310CE
:10EA6000704703F5E0734FF4403142F823107047CC
:10EA700003F5E0734FF4003142F82310704703F5BB
:10EA8000E073134942F82310704703F5E07311490E
:10EA900042F82310704703F5E073042142F8231075
:10EAA000704703F5E0730C2142F82310704703F51B
:10EAB000E073032142F82310704703F5E07300214F
:10EAC00042F82310704700BF647A0400000300502E
:10EAD000040002000C000300242811D80A4B53F84C
:10EAE00020301F2B88BF03F01F034FF001028CBFA3
:10EAF00006484FF0A04002FA03F311B1C0F8083500
:10EB00007047C0F80C357047647A04000003005069
:10EB100024280DD8074B53F820201F2A86BF02F067
:10EB20001F0205494FF0A04101239340C1F80C3565
:10EB3000704700BF647A04000003005000F108032E
:10EB40004FF0FF310022816002604360C0E903336F
:10EB5000704700BF00230361704700BF436802682D
:10EB600010B49C688C609C684B6001326160996055
:10EB70005DF8044B08610260704700BF30B40D6857
:10EB80006B1C11D000F1080200E01A4653681C68A3
:10EB9000AC42FAD904684B60013499608A605160D4
:10EBA0000861046030BC704702695368F2E700BF37
:10EBB00042688168036910B4916081685C684A604A
:10EBC0001A68844208BF5960013A002101611A6045
:10EBD00018685DF8044B704770B590F9023085688D
:10EBE000002B044682B005F124000ADB02F020F875
:10EBF00000283DD1637843F001036370002002B028
:10EC000070BD0122A16901F0D1FF0028F2D0A388D4
:10EC100003F00F035B01C518ECD0C35CE52BE9D012
:10EC200023781A4A03F03703EB72237816681B0720
:10EC300044BFE369EB61236A6B831B0CAB8266B153
:10EC40000DF103020DF1060101A8B047BDF8043033
:10EC5000BDF806202B836B82EA82A378A56803F0B7
:10EC60007F03A37005F1240001F0E2FF0028C1D06A
:10EC700005F50D7001F0DCFF0028BBD028680368A3
:10EC8000DB6998470028B5D0B9E700BFC0900020E5
:10EC9000F8B503785B0603D4224B42699A4202D945
:10ECA00000263046F8BD0246054652F8104F8068EF
:10ECB000214601F0C9FC06460028F1D02F69AA7848
:10ECC00054BB42F04002A86862F07F02AA708279C9
:10ECD00041690479023F97400F44ACB1002407E03A
:10ECE00006F0C5F8A86801340379E4B2A3420AD952
:10ECF0000522E119243001F059FF4FF40072002180
:10ED00000028EDD1CCE7827969694FF40073934014
:10ED100011FA83F36B61C4E70134BC4218BF02F0FF
:10ED2000BF02D0E7FFFD1F0010B5044680680A4609
:10ED30002430A16901F03AFF20B1A38803F00F034A
:10ED400000EB431010BD00BF70B5037882B00446DD
:10ED50002BB9012000232370A37002B070BD90F97D
:10ED600002308568002B05F1240019DB01F060FFFB
:10ED700048B9637843F001036370002000232370D7
:10ED8000A37002B070BD05F50D7001F051FF0028B1
:10ED9000EFD028680368DB6998470028E9D0D9E7F5
:10EDA0000122A16901F002FF0028E2D0A38803F04C
:10EDB0000F035B01C518DCD0C35CE52BD9D02378E9
:10EDC000114A03F03703EB72237816681B0744BF20
:10EDD000E369EB61236A6B831B0CAB8266B10DF1B7
:10EDE00003020DF1060101A8B047BDF80430BDF8DB
:10EDF00006202B836B82EA82A378A56803F07F0349
:10EE0000A37005F12400B1E7C0900020002948D08C
:10EE10002DE9F041154694B0027801951F46002374
:10EE20000646ADF808308DF80A30ADF83830002AC3
:10EE300033D191F8443413F0D00F2ED02B782F2BF0
:10EE400031D001F244444FF0000805E0019D86F8FE
:10EE5000008086F8028002AC294601AB0BAA30463E
:10EE600001F030FA0BAA21460023B0B1019D2D78A4
:10EE70003046002D47D001F09FF8354602AC60B116
:10EE80000FCD0FC40FCD0FC433782A682260002B3A
:10EE9000DCD03046FFF7A0FED8E7002014B0BDE874
:10EEA000F0810846704715F8013F2F2BFBD00195E4
:10EEB000D1F84C44A3B102A82422002105F0D7FFC9
:10EEC0000494E379102B03D0202B21D00C2BE4D118
:10EED00040238DF80830012302AC8DF80A30B2E7E8
:10EEE00019462422304605F0C2FFB460E379102BA6
:10EEF00003D0202B10D00C2BCFD140233370012115
:10EF0000B1700846CAE73B460BAA01F055F8C5E7C1
:10EF100080238DF80830DEE780233370EFE700BFF1
:10EF200070B50D46C968044691B906780EB1084619
:10EF300070BDAD682422314605F099FFA560EB79DC
:10EF4000102B12D0202B15D00C2B0ED0304670BDBC
:10EF50002422002105F08BFF102301202370A070D4
:10EF6000D5E90223A260236270BD402323700120F3
:10EF7000A07070BD80232370F9E700BF70B50478DE
:10EF80000CB1002070BD05460E462422214605F036
:10EF90006EFFAE60F379102B0BD0202B03D00C2B1F
:10EFA00007D0204670BD80232B700124AC70204612
:10EFB00070BD40232B70F8E72DE9F8438278D30722
:10EFC0000546D0E9047824D5037813F008012AD047
:10EFD000C069A0EB0806012E28BF012680451CD081
:10EFE00013F0400FA868C8F308042DD0016A01EBA4
:10EFF00058212430002201F0D9FD50B1012E005DCE
:10F000000BD1C5E90478BDE8F8832B7813F0D00F55
:10F0100003D16B7843F002036B704FF0FF30C5E90A
:10F020000478BDE8F8835E0680681FFA88F408D586
:10F0300043895B019BB2A342EFD0C4F308040126CD
:10F04000D4E7C4F30804012690F8059009EA58298A
:10F050009CB9B9F1000F10D1B8F1000F0FD11A0609
:10F060004CBF016A296A296190F806C042690239D9
:10F0700001FA0CF14A441144BBE73946F4E719B1EF
:10F08000530601D5791CEEE705F11002394601F06F
:10F090007FFB0028BDDBB8D0A8682969E4E700BF82
:10F0A0002DE9F04F88468178C90785B005465AD5C5
:10F0B00000780707924699465ED4460608D5AA68A6
:10F0C0006B695289C3EB42139BB29A4528BF9A469B
:10F0D000BAF1000F00F0AA8005F110026B690192ED
:10F0E000564600274406AA68C3F3080B4FEA53218B
:10F0F0005DD5136A1944BBF1000F44D1B6F5007F0A
:10F1000041D3D06A81426CD0B6F5806F74D32B782E
:10F110005B064FEA562B04D41379DB1B9B4528BFB3
:10F120009B4681424FEA4B2403D801EB0B039842E4
:10F130000FD3906A02685B46D2F814B04246D847B3
:10F1400088B16B69361B2344A0446B616ED028786C
:10F15000C8E702F124000391029201F069FDDDE9A4
:10F1600002210028E5D16B784FF0FF3043F0020315
:10F170006B7005B0BDE8F08FEB696A699B1A9A4520
:10F1800028BF9A46A4E7CBF50074B44228BF3446A2
:10F1900002F12400002201F009FD0028E3D000EB79
:10F1A0000B01B9F1000F17D0C9F80010C9E7577962
:10F1B0000F40BBF1000F0DD167B9ABB903064CBFCF
:10F1C000116A296A2961947950690239A140384449
:10F1D000014490E72969F6E72246404605F023FE00
:10F1E000AFE74FF40074D3E7040729690ED5AB7875
:10F1F00058060BD50131E5E7906A036842461B6962
:10F2000098470028AFD04FF400749AE71046019A4F
:10F2100001F0BEFA0028A6DB02D0AA682969D2E76D
:10F220002B7813F0D00F9ED0AAEB060A504605B0FB
:10F23000BDE8F08F2DE9F04F8378D90785B00546FA
:10F2400040F1918004784369220700F1958082683B
:10F2500014F0400000F09980B2F80AA0C3EB4A1AFB
:10F260001FFA8AFABAF11F0F00F28F80BAF1000F6D
:10F270007DD0AA6804F04000002705F1100101913B
:10F28000B846B9465646C3F3080B590A002838D089
:10F29000136A1944BBF1000F4DD1B6F5007F4AD374
:10F2A000D06A884276D0B6F5806F7ED32B785B0625
:10F2B0004FEA562B05D41379A3EB08039B4528BFCF
:10F2C0009B4688424FEA4B2403D301EB0B03984241
:10F2D0003FD3906A02685B46D2F814B04A46D847DA
:10F2E000002840D06B69361B2344A1446B6177D062
:10F2F0002C78AA6804F04000C3F3080B590A0028D0
:10F30000C6D192F8058008EA0108BBF1000F3FD191
:10F31000B8F1000F3CD1002B3FD123064CBF116A3E
:10F32000296A2961947950690239A1404044014415
:10F33000BBF1000FB1D0CBF50074B44228BF344606
:10F3400002F12400002201F031FC60B100EB0B0758
:10F35000C8E702F124000391029201F069FCDDE9A3
:10F3600002210028B5D16B7843F002036B700027AF
:10F37000384605B0BDE8F08FC269A2EB030ABAF1C6
:10F38000200F28BF4FF0200A70E74FF0200A73E7E4
:10F390002969C7E74FF40074D2E7240729690ED51D
:10F3A000AB7858060BD50131BBE7906A03684A4633
:10F3B0001B6998470028D6D04FF4007492E7104696
:10F3C000019A01F0E5F90028CDDB02D0AA6829698D
:10F3D000A8E72B7813F0D00F18BFAAEB060AC2D00B
:10F3E000BAF1200FC3D1384605B0BDE8F08F00BF99
:10F3F0002DE9F04103780669044693B10D46416951
:10F40000A94212D045B98278056122F02002A2708B
:10F4100065610120BDE8F081180709D5E269AA42BB
:10F4200011D226610020BDE8F0810120BDE8F08105
:10F430005A06D4F808C008D5BCF80A30B5EB431F0B
:10F44000EFD8A278E1E7D4F808C09CF80600A278CB
:10F450000930C0B26F1E12F0400F27FA00F715D125
:10F460004A1E22FA00F0874214D399B13F1A04F1E0
:10F47000100807E02169A06801F08AF9002807F167
:10F48000FF37CEDD4246002FF4D1DAE7236A1F446E
:10F490002761BAE71B064CBFDCF82030236A2361E2
:10F4A000E5E700BF2DE9F0410D46904600212422FA
:10F4B00004461E469DF8187005F0D9FCA8682B6A12
:10F4C000E36000F1340208F00F0302EB4312A06086
:10F4D000A4F80480D17A0D0712D401F0370121700D
:10F4E000D37AE77013F0180F08BF41F0080106F057
:10F4F000030308BF2170012B07D0022B2AD07BB158
:10F5000000202070A070BDE8F0810223A37011F0EC
:10F51000110FF5D141F02001217006F4806C03E059
:10F5200016F4806CECD1012306F008010B43A370A4
:10F53000958A518BC76AA76141EA0541BCF1000F6A
:10F540000BD0A9B963F07F03A370730409D4012021
:10F55000BDE8F0810323A370D9E72162D369E36199
:10F56000F3E7E1692046FFF743FF0028C8D0EEE744
:10F5700001F080F90028C3D0A378E3E70378002BDB
:10F5800040F09B800B7813F0D00F00F096802DE9AF
:10F59000F04F4B698BB0029313F01F0340F08F8044
:10F5A0000393079301F1100309920D460890049309
:10F5B000AB7813F0010300F000812C78260740F1AE
:10F5C000B180EB69029AA3EB020ABAF1200F28BFBF
:10F5D0004FF0200ABAF1000F71D0AA68029B04F024
:10F5E00040000027B846B9465646C3F3080B590AEF
:10F5F000002839D0136A1944BBF1000F4ED1B6F57B
:10F60000007F4BD3D06A88425FD0B6F5806F75D348
:10F610002B785C064FEA562B05D41379A3EB08032D
:10F620009B4528BF9B4688424FEA4B2404D301EBFD
:10F630000B039842C0F0A480906A02685B46D2F83F
:10F6400014B04A46D847002848D06B69361B23447B
:10F65000A1446B617ED02C78AA6804F04000C3F30B
:10F66000080B590A0028C5D192F8058008EA01085C
:10F67000BBF1000F27D1B8F1000F24D1002B35D1F9
:10F6800024064CBF116A296A2961947950690239AC
:10F69000A14040440144BBF1000FB0D0CBF5007451
:10F6A000B44202F124004FF0000228BF344601F0BA
:10F6B0007DFA98B100EB0B07C7E7002070470020E8
:10F6C0000BB0BDE8F08F2969DFE702F124000022CA
:10F6D0004FF4007401F06AFA0028EBD16B7843F024
:10F6E00002036B7000200BB0BDE8F08F2007296982
:10F6F0000ED5AB785B060BD50131C5E7906A036880
:10F700004A461B6998470028E8D04FF400749CE7EC
:10F710001046049A01F03CF80028DFDB14D0AA68F8
:10F720002969B2E714F04000AA683AD0B2F80AA0FA
:10F73000029BC3EB4A1A1FFA8AFABAF11F0F7FF62F
:10F7400049AF4FF0200A4CE72B7813F0D00FC5D00B
:10F75000AAEB060ABAF1200FB1D1002FAFD03B7847
:10F76000002BACD02E2B06D0E52B04D0FA7A110753
:10F7700029D50F2A19D0002303936B69029317E749
:10F7800002F124000691059201F052FADDE905210B
:10F7900000287FF451AF6B7843F002036B700020B8
:10F7A000A1E74FF0200A029B1BE75A06E5D503F0BC
:10F7B0001F0303937B7B0793DFE76A7842F0020223
:10F7C00018466A707CE7039A002A48D0DA017978F3
:10F7D000787A42EA53035A18C2F34603B97843EAE7
:10F7E000C21351FA83F2C2F34603F97843EAC21313
:10F7F00051FA83F2C2F34603397943EAC21351FA4C
:10F8000083F2C2F34603797943EAC21351FA83F2D1
:10F81000C2F34603B97943EAC21351FA83F2C2F341
:10F820004603F97943EAC21351FA83F2C2F346035D
:10F83000397A43EAC21351FA83F2C2F3460343EA28
:10F84000C21350FA83F2C2F34603B97A43EAC213F1
:10F8500051FA83F3079ADBB293427FF430AF029AF6
:10F86000039B0093C2F34F12099B08982946FFF7A8
:10F8700019FE25E70378A3B170B590F902308568C9
:10F88000002B044682B005F124000CDB01F0D0F916
:10F8900000283CD1637843F001036370002002B07C
:10F8A00070BD012070470122A16901F07FF9002895
:10F8B000F0D0A38803F00F035B01C518EAD0C35C46
:10F8C000E52BE7D02378184A03F03703EB7223784F
:10F8D00016681B0744BFE369EB61236A6B831B0C4B
:10F8E000AB8266B10DF103020DF1060101A8B0472C
:10F8F000BDF80430BDF806202B836B82EA82A37822
:10F90000A56803F07F03A37005F12400BEE705F5A9
:10F910000D7001F08DF90028BCD028680368DB6900
:10F9200098470028B6D0BAE7C09000202DE9F04FE4
:10F9300083789C0783B006466AD592461A078946A3
:10F9400061D47269D343534562D3BAF1000F4BD0EF
:10F95000D0464FF4007BB0683169457915EA5225ED
:10F96000C2F308075CD1002F40F08780002900F027
:10F970009180B3785B0603D5F369934200F2A080CF
:10F9800006F110031A46019300F002FF00283FDB46
:10F990003469B068019B00F0AC8082794369A11E94
:10F9A00091401944B8F5007F5DD3B8F5806FC26A05
:10F9B00074D303795B1B4FEA5825AB4228BF2B4613
:10F9C00091424FEA432502D8CC1894427BD8806AF2
:10F9D0000268546A4A46A047D0B17269B8EB05087C
:10F9E0002A44A9447261B6D1F3699342C0F09A8067
:10F9F000504B1B68002B00F09380B37863F07F03BB
:10FA00005046B37009E0C169FFF7F2FC002898D1B5
:10FA1000737843F001037370002003B0BDE8F08FEA
:10FA2000847943690239A14019442944002FB9D08F
:10FA3000C7F50075454528BF45460122243001F031
:10FA4000B5F80028E4D038442A4649462F4405F04A
:10FA5000EAF9B7F5007FC0D1B068243001F0E8F8CA
:10FA60000028BAD1D4E77269F369D845454628BF62
:10FA70005D469A4207D30522E0E78479436902395B
:10FA8000A1401944D4E7B37813F0200F0CBF012232
:10FA90000522D3E7346AECB134617EE7914205D1A7
:10FAA00000224FF0FF3380F82420C362806A03688D
:10FAB0004A461B6A98470028AAD04FF400758CE785
:10FAC0004C1C346169E700244FF0FF3280F8244079
:10FAD000C2627CE7214606F1100200F0B5FD002865
:10FAE00096D0B3783469346263F03F03B370B06882
:10FAF00053E71A46214600F0A7FD002888D0326956
:10FB0000B37854B10134944218BF03F0BF0363F0DB
:10FB10007F03B3701446B0683FE743F04003F6E755
:10FB200050467AE7B378F26163F07F035046B370D2
:10FB300073E700BFC09000202DE9F04F074615463F
:10FB400006468A4699460FCF8DB003AC0FC40FCF3F
:10FB50000FC43B682A68236000236A60AB81B9F157
:10FB6000000F34D0CDF804904FF00108AAEB080143
:10FB700089B2490103A8FFF73BFC50B303A8FFF784
:10FB800059FB074628B30024E2B23946304600F05C
:10FB9000FBFBAB898346013428461BB9D5E901320A
:10FBA00093421AD001F06EF88146584601F036F9BA
:10FBB0008346484601F032F983450AD10D2CE3D142
:10FBC00008F10108019B5FFA88F84345CED2012075
:10FBD00000E000200DB0BDE8F08FBBFA8BF04009CB
:10FBE0000DB0BDE8F08F00BF2DE9F04F92F816E0A0
:10FBF000D77D157E4FEACE1C4CEA5E0C0CEB070E4F
:10FC0000CEF3460C4CEACE1C55FA8CFE0646CEF3DB
:10FC1000460C507E4CEACE1C50FA8CFE1446CEF3B5
:10FC2000460C927E94F81E804CEACE1C52FA8CFE52
:10FC3000CEF3460C4CEACE1C94F81BE05EFA8CFE28
:10FC4000CEF3460C89461F460FCE4CEACE1C94F8E4
:10FC50001CE08DB05EFA8CFECEF3460C03AD0FC5F2
:10FC60004CEACE1C0FCE94F81DE05EFA8CFECEF36B
:10FC7000460C4CEACE1C0FC5D6F800E0E17F94F8A4
:10FC80002020C5F800E058FA8CF6C6F3460343EA94
:10FC9000C61351FA83F3C3F3460848EAC318002594
:10FCA0002368636052FA88F8A581002F53D047F08B
:10FCB00040035FFA88F801260193A9EB060189B297
:10FCC000490103A8FFF794FB002850D003A8FFF7D1
:10FCD000B1FA00284BD0059A019992F82430B74226
:10FCE00043F0010382F8243018BF314600234FF05F
:10FCF0000F02C27280F80D800170037343839B462C
:10FD000000F1010A0CE00A290BF1010B94BFAAF8DB
:10FD10000300AAF80500BBF10D0F0AF1020A16D084
:10FD2000A08918B9D4E901318B4218D0204600F0DF
:10FD3000A9FFBBF1040F5FFA8BF1E4D80BF1010BC3
:10FD4000BBF10D0FAAF800000AF1020AE8D1013652
:10FD5000F6B2B742B1D201200DB0BDE8F08F25B1A7
:10FD60000135EDB24FF6FF70E3E70125E1E7002032
:10FD70000DB0BDE8F08F00BF2DE9F04702464FF00F
:10FD8000203152F8163BD0F808C0C0F81610516068
:10FD9000C2F807101A782E2A074614BF0120002047
:10FDA00003D113F8012F2E2AFBD00CF1FF31994219
:10FDB0000FD91CF8012C2E2A18BFACF1020203D176
:10FDC00007E00C782E2C04D09342114602F1FF324A
:10FDD000F7D19C454FF0000E6AD97446F2464FF0B9
:10FDE00007084FF008091A782E2A20D0222A26D098
:10FDF0007C2A24D0A2F15B05022D20D9A2F12A058C
:10FE0000052D5ED9A2F13A05052D12D9A2F12105E1
:10FE10005D2D0ED844452DD8A2F16105192D49D884
:10FE2000203A4EEA090ED2B25FFA8EFE0BE09942FA
:10FE300038D002F0C002802A08BF00200AD0444512
:10FE400018D800205F22651C3E19ECB2062CB27552
:10FE500000D83C7501339C45C5D8BB7D202B11D003
:10FE600098B11EEA0A0F18BF4FF0020E87F815E08E
:10FE7000BDE8F087B8F10A0F01D099420FD2BB7DDF
:10FE8000202B02D10020BDE8F0873B7D3B440120C0
:10FE90007E21312278759975DA75BDE8F0874B1EA1
:10FEA0000020D7E74FF00A0808244FF01009D1E7E7
:10FEB000F246D2E7A2F14105192D98BF4AEA090A94
:10FEC000C1E72D2AA6D0B4E72DE9F04791F81480B8
:10FED0008946054601F116074FF0620A0026FBF736
:10FEE00013FE3044B8F1030F80B228BF4FF003086F
:10FEF00000F00F02092A08F104038CBF02F1370158
:10FF000002F13001DBB208F103024B44D2B24245A8
:10FF100099754FEA20164DD906F00F0608F1020335
:10FF2000092E4A44DBB28CBF3736303643459675CE
:10FF30004FEA20263ED906F00F06092E4B444FEA21
:10FF400020308CBF3736303608F1010209289E7503
:10FF5000C1B2D3B223DD37314B440026997509EB8A
:10FF600008037E229A7500212846FFF741FA2846A9
:10FF7000FFF760F90B220346014690B11C78384622
:10FF8000ACB1DB7A1B07F2D404F03EFF0028EED1BF
:10FF90000AF1FF3A1AF0FF0AA1D1504605E03031CC
:10FFA000DAE76878B0FA80F04009BDE8F087012010
:10FFB000BDE8F087B6B2D2E72DE9F04F0C7814F027
:10FFC000D00F8DB061D00478002C5ED11469BA4E88
:10FFD000557D07930C34A6FB04640E46AD07C4F3AD
:10FFE000870418BF04F101084FF00001B3680990BD
:10FFF000924630460F460494089314BF5FFA88F87F
:020000024000BC
:100000004FF001080691FFF7F3F90AF11603BB461A
:100010003C46B9460597039375693046C5F34F15BD
:10002000FFF708F930B30378E52B32D0002B30D03E
:10003000444538BF00242E2B36D0C27A0F2A36D042
:10004000130731D4B9F1000F7FD10B22039904F0CB
:10005000DBFE0028E0D19AF81530D80740F1C280C5
:100060007569012330460593C5F34F15FFF7E2F894
:100070000028D8D1737843B9079B1A46920504D556
:1000800003F00303013B012B38D900200DB0BDE87C
:10009000F08F002C08BF2F4644453CBF0134E4B22A
:1000A000002BE9D0E52BC6D14FF00009B4E7B9F138
:1000B000000F0AD1049A03F01F0B5A45ACD1590620
:1000C000AAD5437B0693914609E00BF1FF3B5FFA0B
:1000D0008BFB5B45E8D1437B069A9342E4D1BBF1AD
:1000E000010F99D1691C4B4689B252463046FFF741
:1000F00023FD002808BF4FF000098DE7002C08BF42
:100100002F46444503D30BE0DCB2A04576D0304601
:10011000FFF790F8631C0028F6D17378002BB4D158
:10012000A4B21FFA88F5A5426AD9DDF8209006E04E
:1001300099F8043004EB0314A4B2A54260D9304608
:10014000FEF7A6FD0028F3D19FE7BBF1010F9CD17C
:1001500002784178447AD30143EA52035A18C2F331
:100160004603817843EAC21351FA83F2C2F346038D
:10017000C17843EAC21351FA83F2C2F3460301790C
:1001800043EAC21351FA83F2C2F34603417943EAC8
:10019000C21351FA83F2C2F34603817943EAC213D0
:1001A00051FA83F2C2F34603C17943EAC21351FA0A
:1001B00083F2C2F34603017A43EAC21351FA83F28F
:1001C000C2F3460343EAC21354FA83F2C2F346036E
:1001D000817A43EAC21351FA83F3069ADBB29A4258
:1001E0007FF453AF079B19053FF54FAFCDF8009053
:1001F0002A4631460998FFF755F947E744468FE705
:10020000059B33B151463046FFF75EFE00283FF4B0
:100210003CAF08F1FF385FFA88F907EB0905ADB28A
:1002200029464B4652463046FFF7DEFC00283FF495
:100230002CAF69013046FFF7DBF800283FF425AF0B
:100240003046FEF7F7FF044600283FF41EAF202299
:10025000002104F00CFE5346184A53F8161F586844
:100260006060216019899B7AA37221819AF8153008
:10027000176803F018032373BFB10DF12B020DF1C2
:100280002E010BA8B847BDF82C10BDF82E209DF804
:100290002B302182E2816373089A92F8243043F074
:1002A000010382F82430079BA0E745F62142044B66
:1002B00022832361F0E700BF4FECC44EC0900020C2
:1002C000215C215CF0B515460A78202A83B00846E7
:1002D0001F4603D110F8013F202BFBD000242860DB
:1002E0002C6103788BB32F2B2FD0264E01AA011D32
:1002F00000F03CFD48B3019BB3F5803F28D27F2B33
:1003000004F101040FD81F2B1FD9D9B2A1F1220289
:10031000D2B21D2A15D901F0BF013C2915D05C2BA2
:1003200013D02E2B17D0202B13D10378B3B92B6900
:10033000013BFE2B09D838602846FFF71DFD03B0AE
:10034000F0BD26FA02F2D207E5D5002003B0F0BDD9
:1003500002342C61A8600378002BE8D02F2BC5D184
:100360002B69013BFE2BF0D80346184613F8012BEE
:10037000202AFAD02F2AF8D038602846FFF7FCFC54
:10038000DDE700BF01210031042A0CD90A2A06D971
:100390000C2A9ABF01EB4202D0880020704701EB83
:1003A00042029088704701EB4202B2F801007047A8
:1003B0002DE9F04F8DB004784FF0000BADF80CB084
:1003C0000E468DF80EB0002C67D09046C2780746D6
:1003D000002A67D003A83946FEF7A2FD00285CD0AA
:1003E000F878002853D008F1FF38B044B1464FF0F8
:1003F000010AB988A1EB0A0189B25FFA8AF54901BD
:1004000003A80195FEF7F4FF002846D003A8FEF7E5
:1004100011FF0446002840D0C17A0F293DD1017850
:1004200001F01F01A94238D10025042DE9B24DD9B0
:100430000A2904EB450194BF8888C888BBF1000FE6
:100440003BD000F5105189B2B1F5806F25D2394B00
:10045000C0F3090003EA8B22104300F580304946BF
:10046000424600F037FC8146B8B14FF0000B013531
:100470000D2DDAD1019CFB780134E4B20AF1010AB6
:10048000A3421FFA8AFAB4D2A9EB06004E46002313
:10049000337004E0B2F5806F1DD3002030700DB0D2
:1004A000BDE8F08F14F0C00417D0B8F1010FF4D9F3
:1004B0002F234A700B700120F1E700F5205292B211
:1004C000B2F5006FE6D30028C9D1DDE704EB4501A2
:1004D000B1F80100B2E78346C9E72146FEF724FCE4
:1004E0000028DAD023462246082704460DE0057B83
:1004F0002F4201F1200500D0E9B2551CA845CCD906
:10050000B154EAB201330C2B0BD02178082BA1F1A6
:1005100041050AD0192D04F10104E8D92029ECD1B4
:10052000F0E700231046B354B9E72029F9D010278B
:100530002E21E2E700FC0F002DE9F843C379202BC0
:1005400005460C4616461DD0102B04D00C2B2FD080
:100550000020BDE8F883027A8369022AC1F30721EB
:1005600019440CBF0322012200F50D7000F01EFBA0
:1005700003460028ECD0640004F4FF7401201E53ED
:10058000BDE8F883037A8169022B0CBF03220122A4
:1005900001EBD41100F50D7000F008FB03460028B4
:1005A000D6D0A40004F4FE7401201E51BDE8F883E7
:1005B000C1F34E078269037A17FA81F7BFB202EBE3
:1005C0005728022B00F50D790CBF0322012241466A
:1005D000484600F0EBFA0028BAD0C7F3080714F039
:1005E000010407F101030FD0C25D02F00F0242EADD
:1005F0000612B3F5007FC2550AD0C6F30716184499
:1006000006700120BDE8F883B3F5007FC65516D10A
:100610002B7A022B0CBF0322012208F1010148466C
:1006200000F0C4FA002893D0360923464CB9184488
:10063000C6F30313067826F00F061E43E0E73609DB
:10064000F5E7F6B2DCE700BF2DE9F84FC468C369EF
:100650008C4205468A4691463ABF0C464FF0000848
:100660004FF0010800F50D7701349C420CD9B8F128
:10067000000F03D000263046BDE8F88FEC68013447
:100680009C42F7D84FF00108A245F3D0012CF1D9D4
:10069000EB79202B4BD0102B5AD00C2BEAD1C4F382
:1006A0004E062A7AAB6916FA84F6B6B2022A03EB32
:1006B000562B18BF00225946384600F077FA00281A
:1006C000D8D0C6F30806731CB3F5007F865D51D001
:1006D000C25CE30746EA02224CBF1211C2F30B02CE
:1006E000EB699A42C0D8002ABED1B8F1000F00D001
:1006F000EC609C42BED86FF0704221462846FFF75E
:100700001BFF06460028B5D0BAF1000F0CD0BAF195
:10071000010FAFD9EB699A45ACD85146284622461D
:10072000FFF70AFF0028A5D0C9F80040A3E72A7AFE
:10073000A969022A18BF002201EBD411384600F043
:1007400035FA002896D0A30003F4FE73C258C7E719
:100750002A7AAB69022AC4F3072118BF0022194480
:10076000384600F023FA002884D0630003F4FF73B6
:10077000C25AB5E72A7A022A18BF00220BF10101FA
:10078000384600F013FA00283FF474AF00239FE7C7
:1007900001296BD92DE9F843C3698B4263D3C3792F
:1007A000202B164604460F4640D0102B2CD00C2B85
:1007B00059D1C1F34E05027A836915FA81F5ADB2BC
:1007C000022A03EB552800F50D7918BF0022414697
:1007D000484600F0EBF9002845D0C5F308056B1C2E
:1007E000B3F5007F455D32D0C35CFA0745EA0323C9
:1007F0004CBF1B11C3F30B03E26993429ABF3360F2
:1008000001200020BDE8F883027A8369022AC1F33F
:10081000072118BF0022194400F50D7000F0C6F939
:1008200008B3790001F4FF71435AE5E7027A816960
:10083000022A18BF002201EBD71100F50D7000F05D
:10084000B5F980B1B90001F4FE714358D4E7227ABA
:10085000022A18BF002208F10101484600F0A6F95B
:1008600008B10023C0E74FF0FF30CBE74FF0FF3077
:10087000704700BF012940F2F1802DE9F84FC369AC
:1008800099420D4604463AD800F50D784FF000091C
:10089000E379202B36D0102B66D00C2B2FD1C5F34B
:1008A0004E07227AA36917FA85F7BFB2022A03EB33
:1008B000572A18BF00225146404600F077F9F0B1A0
:1008C000C7F308077B1CB3F5007FC75D00F0988075
:1008D000C35CEA0747EA03234CBF1B11C3F30B03B6
:1008E000E2699A4226BF1E4601270027AA4206D384
:1008F000E379202B17D0102B48D00C2B5AD0002096
:10090000BDE8F88F227AA169022A18BF002201EB04
:10091000D511404600F04AF90028F0D0AB0003F4AE
:10092000FE73C358DCE7237AA169022B0CBF0322B4
:10093000012201EBD511404600F038F90028DED045
:10094000AB0003F4FE7340F80390E368AB4284BF4E
:1009500005F1FF35E560002F7BD0012ECFD9E3698B
:10096000B342354694D2CAE7227AA369022AC5F374
:10097000072118BF00221944404600F017F900284B
:10098000BDD06B0003F4FF73C35AA9E7227AA369B1
:10099000022AC5F307210CBF032201221944404655
:1009A00000F004F90028AAD06B0003F4FF7320F8CC
:1009B0000390CAE7C5F34E0AA269237A1AFA85FAA8
:1009C0001FFA8AFA02EB5A2B022B0CBF03220122D8
:1009D0005946404600F0EAF8002890D0CAF30803D0
:1009E00015F0010A03F1010218D0C15CB2F5007FD5
:1009F00001F00F01C15416D0104400230370A4E786
:100A0000227A022A18BF00220AF10101404600F0B2
:100A1000CDF800283FF473AF002359E7B2F5007F0B
:100A200000F803A018D1237A022B0CBF0322012265
:100A30000BF10101404600F0B9F800283FF45FAF28
:100A4000BAF1000F0CD15044037803F0F0030370A7
:100A50007BE70120BDE8F88F9246F4E7002070475D
:100A60000023037071E700BFF8B50446012600209B
:100A70004FF0FF35E6602160A162C4F83812E071E2
:100A800084F8240084F8340204F12406E562C4F8F2
:100A90003C52D2B1042A154601D90020F8BD0246C5
:100AA0000146304600F082F80028F6D005F1805566
:100AB000013D2D0100F5DF7043191A79002AECD0B1
:100AC000425D5206E9D19F6800E01F463046002291
:100AD000394600F06BF80028DFD0B0F80B30B3F5E2
:100AE000007FDAD1017C4B1E012BD6D82172427BCC
:100AF0002271551E0023012A6571A37148D0022A74
:100B000048D0042A48D0082A48D0102A48D0202AA1
:100B100048D0402A48D0802A03D0082312B1A371BC
:100B2000BBE70723A3711D46C68A26610EB9466A34
:100B30002661B0F80EC0BC44C4F818C0B0F811204B
:100B40006281530106FB01C103F2FF1301EB532342
:100B500063612162B0F8132002B9026AFB1A1344E0
:100B6000EB4040F6F472591C9342E16106D80C2325
:100B7000E3712663C4F840620120F8BD4FF6F472B9
:100B8000934285BFC36A236210232023E371F0E7F9
:100B90001D46C9E70123C5E70223C3E70323C1E7D5
:100BA0000423BFE70523BDE70623BBE72DE9F0419A
:100BB0004768EFB10D4681688046A9421646044653
:100BC00018F8103B05D0D80717D4730708D5A560CF
:100BD000002306F00302134323704046BDE8F08172
:100BE0006068036842461B69294698470028EED191
:100BF0004FF000084046BDE8F0813B6838461B6A6C
:100C0000424698470028F3D023789A0703D423F06C
:100C100001032370D9E7D4E90101E36802681944AC
:100C2000176A4246B8470028E2D02378EFE700BFB2
:100C3000F8B50378D90702D401252846F8BD044643
:100C4000D0E90101036804F110061B6A3246984797
:100C5000054638B123789A0707D423F0010323709F
:100C60002846F8BD00252846F8BDD4E90101E3680F
:100C700002681944176A3246B8470028F2D0237830
:100C8000EBE700BF10B50446808982B028B9D4E9EB
:100C900001218A4205D302B010BD0022A28102B018
:100CA00010BD104601AA00F061F878B1019A6060A9
:100CB000B2F5803F90B2EED3C0F30900920AA0F5DE
:100CC0001053A2F52150A38180B2E4E74FF6FF70E4
:100CD000E1E700BF7F28A2EB010204D8002A42D03E
:100CE0000870481C7047B0F5006F0DD2012A3AD940
:100CF000820900F03F03084662F03F0263F07F0381
:100D000000F8022B4B707047B0F5803F11D2022AD9
:100D100029D9020BC0F3851300F03F0062F01F02D7
:100D200063F07F0360F07F0088700A704B70C81C0E
:100D30007047032A17D910B4C0F30532840CC0F3EE
:100D4000851300F03F0064F00F0460F07F0062F054
:100D50007F0263F07F030C70C8704A70081D8B70AF
:100D60005DF8044B70470020704700BF884251D2A5
:100D70000346007810F0800F02D11060581C7047B5
:100D800070B400F0E004C02C40D000F0F004E02C7F
:100D900035D000F0F804F02C35D100F0070404251C
:100DA000581988422FD8597801F0C006802E2AD1D0
:100DB00001F03F01022D41EA841413D0997801F02B
:100DC000C006802E1FD101F03F01032D41EA84149B
:100DD00008D0DB7803F0C001802914D103F03F0371
:100DE00043EA84140C4BA4F1800199420BD8A4F57A
:100DF0005843B3F5006F06D3146070BC704700F021
:100E00000F040325CCE7002070BC704700F01F04DE
:100E10000225C5E7002070477FFF10007E2804D818
:100E2000A0F16103192B3DD9704730B40023234D45
:100E3000352405E035F82210884234BF14461346A5
:100E4000E11A012903EB5102F4D89BB235F82320B3
:100E5000904218D24B240023194D05E035F822109A
:100E6000884234BF14461346E11A012903EB5102AC
:100E7000F4D89BB235F82320824204BF05EB8303EC
:100E8000588830BC704705EB8303821AD9788A42B0
:100E9000E0DA93F90230012B0AD033B19BB2184447
:100EA00080B2EEE7203880B270474EF2A033F6E70A
:100EB00002F00102801A80B2E3E700BF547C040014
:100EC000287B0400704700BF10B50446043000F0D2
:100ED00009FB606918B1FDF7C7F80023636110BD15
:100EE00008B5043000F01CFB80F00100C0B208BD62
:100EF00008B5043000F002FB400A08BD43691BB18D
:100F0000011D184600F01ABE0120704760B5456902
:100F100083B04902043055B14FF400761346009671
:100F20000A460146284600F061FE03B060BD4FF45A
:100F3000007300F04BFB003018BF012003B060BD10
:100F400060B5456983B049025E02043045B113467D
:100F500000960A460146284600F048FE03B060BDF0
:100F6000334600F033FB003018BF012003B060BDF2
:100F700060B5456983B04902043055B14FF400763D
:100F8000134600960A460146284600F0EFFD03B0DE
:100F900060BD4FF4007300F055FB003018BF012016
:100FA00003B060BD60B5456983B049025E0204309C
:100FB00045B1134600960A460146284600F0D6FD84
:100FC00003B060BD334600F03DFB003018BF012088
:100FD00003B060BD0368064ADB699342014606D14F
:100FE000406910B1043100F0A9BD012070471847D5
:100FF000FD0E0400F0B50368114F1E6ABE4283B0B7
:1010000018D1044640694902043448B14FF40075D0
:10101000134600950A46214600F0A8FD03B0F0BD36
:1010200020464FF4007300F00DFB003018BF012084
:1010300003B0F0BD334603B0BDE8F040184700BF31
:10104000710F0400F0B50368114F1E69BE4283B0F2
:1010500018D1044640694902043448B14FF4007580
:10106000134600950A46214600F0C0FD03B0F0BDCE
:1010700020464FF4007300F0A9FA003018BF012099
:1010800003B0F0BD334603B0BDE8F040184700BFE1
:101090000D0F0400F0B50568DFF844C0D5F814E082
:1010A000E64583B017D1044640691E4649021346FF
:1010B0007602043430B10A460096214600F096FDCF
:1010C00003B0F0BD3346204600F080FA003018BF70
:1010D000012003B0F0BDF44603B0BDE8F040604726
:1010E000410F0400F0B50568DFF844C0D5F824E0EE
:1010F000E64583B017D1044640691E4649021346AF
:101100007602043430B10A460096214600F02EFDE6
:1011100003B0F0BD3346204600F094FA003018BF0B
:10112000012003B0F0BDF44603B0BDE8F0406047D5
:10113000A50F040038B5074B044640F8043B15469C
:1011400000F026F80449657400232160636120469D
:1011500038BD00BF307D0400747D040070B50446C6
:10116000043000F021F8A368054633B1DB7A5B0652
:1011700003D4637C0BB163690BB1284670BD41F2A7
:101180000400FCF76FFF064600F0D2FC6661F4E74E
:1011900030B400254FF0FF340122C0E9001584600F
:1011A000027330BC704700BF0368002B00F0DD8085
:1011B000F0B517461A68054683B0184613680E4600
:1011C0009847286803685C6904239F210DEB03029C
:1011D000A0479DF805107F2900F08680002E00F0C2
:1011E000B180002F40F33F819DF804209DF806C098
:1011F000002302E09F4240F3A28003EB430406EB8E
:1012000084040133A0799042DBB2F3D1E0798842C3
:10121000F0D1207A6045EDD16C60002C00F0968012
:10122000E37A5F0620D46C462868036822465E692C
:1012300005210123B0479DF80030DE07F4D46B6828
:10124000DB7A98065CD52868036866211B69984795
:101250002868036899211B699847904B4FF4F06008
:1012600043F0010398476C68647A8D4A28688D4979
:10127000036802FB04F28A4228BF0A461146DB6873
:101280009847286803689B6898476B68002843D094
:10129000DA7A2868510740D503685E69930640F101
:1012A000A9806C46224601230521B0479DF8002005
:1012B000D5E900039E7A164000F0A4801B68B3F1C4
:1012C000807F35D8B3F1011F34BF0223032303719C
:1012D0002868036804211B6998476B68DB7A5A0603
:1012E00045D5012003B0F0BD9DF806109DF80730EC
:1012F0008DF805108DF80630002E7FF472AF21E0D6
:101300002868036822465E6935210123B0479DF9AC
:101310000030002BF4DB96E72868DA7A9707CDD502
:101320000B234371D5E900031B68B3F1807FC9D952
:101330000368B7211B69984728680423C7E700247E
:101340006C606AE76C68002C7FF46AAF9DF804302B
:101350009DF80620C82B42D0012B18D1402969D016
:10136000002300206B6003B0F0BD002070476C4686
:1013700001E0FDF77DF92868036822465E690521D2
:101380000123B0479DF800309B07AAD0F1E7EF2B6F
:101390000DD1602952D04029E2D1152A77D0162AE2
:1013A00073D0172A6FD0182ADAD13F4C20E0042BD3
:1013B0000BD1032946D0272948D048294AD04929AA
:1013C000CED1032ACCD1394C12E01F2BC8D14529EC
:1013D00044D08429C4D1012AC2D1354C08E0402927
:1013E000BED1152A57D0162A53D0172AB8D1314C5E
:1013F0006C6015E76C46224601233521B0479DF805
:10140000002055E7036806211B6998476B68ADF813
:1014100000609A7A8DF80120DB7A2868DE0625D4F0
:1014200002689906966929D5012319460DEB030236
:10143000B04777E7152A93D11F4CD9E7152A8FD1EA
:101440001E4CD5E7022A8BD11D4CD1E7032A87D148
:101450001C4CCDE7032A83D11B4CC9E7012A7FF43A
:101460007FAF1A4CC4E700236B606FE703689C6989
:1014700001230DEB03023121A04753E7224602234B
:101480000121B0474EE7124CB2E7124CB0E7124CC4
:10149000AEE7124CACE7124CAAE700BF707E040026
:1014A00040420F000090D0031C7E04004C7E0400DC
:1014B000647E0400C87D0400D47D0400EC7D04003B
:1014C000287E0400347E0400407E0400587E040020
:1014D000107E0400047E0400F87D0400BC7D04003E
:1014E000B07D0400036843B110B51A68044618467D
:1014F000536898470023636010BD7047406800B18F
:101500000068704743683BB19A79187ADB7940EA02
:10151000024040EA032070476FF07F40704700BFF1
:101520004368DB7AC3F380130BB11846704710B5DC
:101530000068036882B05C690DF107020123052190
:10154000A0479DF8073013F0030F0CBF01230023C1
:10155000184602B010BD00BF70B5446882B01CB31D
:10156000E47AC4F38014FCB90546806800280E466E
:101570001FDB297BFDF7B0FA6B68DB7A5A0618D5BA
:101580002868036806211B699847286803683203A6
:10159000DB69202198470446A868002804DB297BE2
:1015A00081F00101FDF798FA204602B070BDFDF709
:1015B0005FF8286803680DF107025C6905210123C3
:1015C000A0479DF807309B07DAD0F0E72DE9F041FE
:1015D000466882B0F6B10446806800281D469046F1
:1015E0000F4603DB217BFDF777FA6668F37A5A062C
:1015F00016D52068036842461E6A39462B46B04716
:101600000646A068002804DB217B81F00101FDF77C
:1016100063FA96B9002002B0BDE8F081FDF728F822
:10162000206803680DF107025E6905210123B047B8
:101630009DF807309B07DCD0F0E7284602B0BDE8F4
:10164000F08100BF2DE9F047476882B0002F5ED0DF
:101650000546806800280E469046994603DB297BA4
:10166000FDF73AFA6F68FB7AC3F38013002B31D190
:10167000B9F1000F3FD04F46FBB12868036806213F
:101680001B699847F4B22868C4F580740268BC42AC
:1016900028BF3C46D2F824A0234642463146D047D4
:1016A000002839D03F1BA044264424D06B68DB7A45
:1016B000C3F38013E0E7FCF7DBFF286803680DF154
:1016C00007025C6905210123A0479DF807309B07AD
:1016D000D3D0F0E72868036806211B69984728687B
:1016E000036831465C6A42464B46A0472868036857
:1016F00004211B699847A868002804DB297B81F036
:101700000101FDF7E9F9484602B0BDE8F087B946A6
:10171000484602B0BDE8F087A9EB0709EBE700BF38
:10172000012070473D4B99425CD83D4B99425BD8B4
:101730003C4B99425AD8A3F5C313A3F520639942B1
:1017400056D8A3F58213A3F2AB63994252D8A3F5FE
:101750003A23313B99424FD8334B994250D8334BBF
:1017600099424FD8A3F5AD23A3F2E343994245D85C
:10177000A3F58E235E3B994246D8A3F56C33A3F5BF
:101780003E73994242D82A4B994241D8A3F52B3354
:10179000A3F5347399423DD8264B99423CD8264B49
:1017A000994217D8A3F5E533A3F5C873994288BFCA
:1017B000102310D80021214AD2F8003623F07043BC
:1017C00023F0FF03C2F80036D2F800361943C2F8FE
:1017D000001670470F235A1E01219140C9B241EAF9
:1017E0000371E8E71649E6E70223F4E70323F2E78B
:1017F0000423F0E70523EEE70623ECE70923EAE7F5
:101800000723E8E70823E6E70A23E4E70B23E2E7F8
:101810000C23E0E70D23DEE70E23DCE7FF23F400D3
:10182000A9C2A200FF117A00FF083D00E240360085
:10183000618F2500548D20007F841E00009002409F
:1018400001000010F0B5214B90F9061090F9072027
:1018500053F8215053F8226090F9082090F90A704B
:101860000024214665F3070153F8225090F909201E
:1018700066F30F2190F90B6053F8222053F82700EC
:1018800053F8263087B065F3174162F31F618DF876
:101890000D300223CDE9044401948DF80C0022465A
:1018A00002918DF80F302146072301A803260A254F
:1018B0000F248DF80E608DF812508DF815408DF8BC
:1018C000163001F065F907B0F0BD00BF647A04007E
:1018D00001F004BA10B582B002A80024012300F878
:1018E000081D224621468DF801308DF802308DF812
:1018F0000330ADF8044001F0E5F9034BC01AB0FA2B
:1019000080F0400902B010BD0000AD0B30B583B0CF
:1019100000258DF8001001330124294668468DF812
:101920000130ADF804508DF802408DF8034001F00D
:10193000C9F9034BC01AB0FA80F0400903B030BDBA
:101940000000AD0B30B583B000258DF800100133D9
:10195000114601242A4668468DF80130ADF804503E
:101960008DF802408DF8034001F0ACF9034BC01A2A
:10197000B0FA80F0400903B030BD00BF0000AD0BED
:1019800020290ED0D82901D000207047012008B5A9
:10199000114601F057FA044BC01AB0FA80F0400922
:1019A00008BD0020F3E700BF0000AD0BF0B512F05A
:1019B000030783B014460E461D462AD1032D0FD9C6
:1019C00025F0030739463246204601F0FBF91D4B4E
:1019D000984202D0002003B0F0BD3C443E44ED1BD1
:1019E00015B9012003B0F0BD324601A8042101F071
:1019F000E9F9144B9842EDD104F00302C2F104025C
:101A0000AA4201A928BF2A46204603F00CFA012069
:101A1000E1E70A4601A8042101F0D4F9094B9842F4
:101A2000D8D1C7F10407AF4228BF2F4601A93A46D3
:101A3000204603F0F8F9002FCCD03C443E44ED1B87
:101A4000BCE700BF0000AD0BF0B5144612F0030276
:101A500083B00F461D462FD1032D0FD925F0030665
:101A600031463A46204601F06DF9214B984202D0AA
:101A7000002003B0F0BD34443744AD1B15B901203C
:101A800003B0F0BD04F00302C2F10402AA4228BF71
:101A90002A464FF0FF33214601A8019303F0C3F912
:101AA0003A4601A8042101F04DF9114BC01AB0FAD1
:101AB00080F0400903B0F0BDC2F104069E4228BF89
:101AC0001E4632464FF0FF33214601A8019303F032
:101AD000AAF93A4601A8042101F034F9044B9842CE
:101AE000C6D1002EC4D034443744AD1BB4E700BF88
:101AF0000000AD0B70B4002461F3070462F30F24FF
:101B00009DF90C20094E9DF91010066063F31744EF
:101B100062F31F6446F603359DF91420C0F80640B1
:101B200085808172C27270BC704700BF807E0400E5
:101B300000F580534FF0FF321A60704770B500F522
:101B4000805633685A1C0FD00D460446190B2846A0
:101B5000FFF702FD4FF48053224628463168FFF715
:101B600071FD4FF0FF333360012070BD2DE9F04F60
:101B700083B00C9D0191A5B3824616461F4600F521
:101B8000805BC6F30B08C8F5805426F47F69DBF848
:101B90000030AC4229F00F0928BF2C464B452644A3
:101BA00016D0190B013301980AD0FFF7D5FC4FF47A
:101BB00080535246DBF800100198FFF743FD01986F
:101BC000CBF8009049464FF480535246FFF7FEFC95
:101BD00039460AEB0800224603F025F92D1B27445D
:101BE000CFD1012003B0BDE8F08F00BF2DE9F84F41
:101BF000074600F58050984604680A9E631C894693
:101C0000154605D094420CD804F58053AB420FD84A
:101C10003346424629464846FFF7D8FC0120BDE836
:101C2000F88F93199C42F3D204F58053AB42EFD95D
:101C3000641B20D4A6EB040ABAF5805FA8BF4FF45A
:101C4000805A08EB040B04B3294623464246484613
:101C5000FFF7BCFC0021394458465246544403F077
:101C6000E2F8A642DAD9331B08EB040229194846E8
:101C7000FFF7ACFCD2E704F58051B142A8BF314672
:101C80008A46C34661420024E5E72146E3E700BFF8
:101C900070B400269DF81850426001609DF8142031
:101CA000BDF80C1003739DF8103086614574C18136
:101CB0008274037470BC7047F0B5C28985B0044665
:101CC00000F113030068277CD6B2110A8DF80C606E
:101CD0008DF80D1050BB6068002847D0257B627CD2
:101CE000032D56D0002D4AD166F07F068DF80C608A
:101CF000FF21CDE9007103A900F0E8FCF8B1237CD5
:101D0000002B43D0A27CF2B1012BE07C0CD0227DD1
:101D1000022B42EA002007D0627D032B42EA00201A
:101D200002D0A37D43EA002005B0F0BD0021627C13
:101D30000191009703A900F0BDFA0028DFD14FF010
:101D4000FF3005B0F0BD1C44012BA07CECD0627CC0
:101D5000022B42EA0020E7D0227C032B42EA00203B
:101D6000E2D0E37B43EA002005B0F0BDA068002884
:101D7000E5D0627C009703A900F02EFABEE7022DA1
:101D800017D106F07F068DF80C60B1E7184605B054
:101D9000F0BD4FF0FF0C41F0010500970132CDF886
:101DA00004C003A98DF80C508DF80D6000F08EFC76
:101DB000A4E7012D04BF66F03F068DF80C6097E79D
:101DC000F0B5C489066885B0E5B2240A8DF80C50D8
:101DD0008DF80D40BEB946680EB3037B407C032BE3
:101DE0002FD03BB3022B3CD105F07F058DF80C5072
:101DF000FF2400920B4602460194304603A900F0EE
:101E000065FC05B0F0BD437C009200241A463046C4
:101E10000B46019403A900F04DFA05B0F0BD8468AB
:101E20006CB1437C009220461A460B4603A900F091
:101E3000D3F9F2E765F07F058DF80C50D8E720461E
:101E4000EBE7FF2744F0010400920B46421C019788
:101E5000304603A98DF80C408DF80D5000F036FC8B
:101E6000DBE7012B04BF65F03F058DF80C50BFE7A1
:101E700010B40160027143715DF8044B704700BFFC
:101E8000F0B50468E38994F810C085B0DFB2190A90
:101E90008DF80C708DF80D100646206804F11303C0
:101EA000002831D1606800284DD0257B627C032D4D
:101EB0005CD0002D51D167F07F078DF80C70FF21A9
:101EC000CDE900C103A900F001FC38B3237C002B4D
:101ED0004AD0A27C2AB3012BE07C0CD0227D022BBD
:101EE00042EA002007D0627D032B42EA002002D0A4
:101EF000A37D43EA00203179727901238B40D040E1
:101F0000013B184005B0F0BD0021627C0191CDF885
:101F100000C003A900F0CEF90028D7D14FF0FF3060
:101F2000E9E71C44012BA07CE5D0627C022B42EA4D
:101F30000020E0D0227C032B42EA0020DBD0E37BB0
:101F400043EA0020D7E7A0680028E7D0627CCDF8FC
:101F500000C003A900F040F9B7E7022D17D107F040
:101F60007F078DF80C70AAE71846C4E74FF0FF0E04
:101F700041F00105CDF800C00132CDF804E003A91D
:101F80008DF80C508DF80D7000F0A0FB9DE7012D31
:101F900004BF67F03F078DF80C7090E72DE9F04122
:101FA0000468E389277C84B05FFA83FC0D46190A34
:101FB0008DF80CC08DF80D108046206804F11303D5
:101FC000002859D16068002800F0B380267B627C2D
:101FD000032E00F0D480002E40F0B3806CF07F0C14
:101FE0008DF80CC0FF21CDE9007103A900F06EFB54
:101FF000D8F80060377C00284AD14FF0FF31042F19
:102000005DD898F8043098F8050001229A40013A0A
:1020100002EA05038240834021EA02021343B361CE
:102020009FB1B27C002A74D0F219012F4FEA13211C
:1020300093740AD0022F51744FEA134105D0032F35
:1020400011744FEA136300D0F374F389DDB21A0AF6
:102050008DF80C508DF80D20306806F11301002822
:1020600043D0737C019303AB00933A46012300F005
:10207000F3F804B0BDE8F0810021627C0191009783
:1020800003A900F017F9D8F80060377C0028B4D015
:10209000237C002B66D0A27CAAB1012BE17CAED0C0
:1020A000227D022B42EA0121A9D0627D032B42EA64
:1020B0000121A4D0A37D042F43EA0121A1D900204E
:1020C00004B0BDE8F0811C44012BA17C97D0627C58
:1020D000022B42EA012192D0227C032B42EA012109
:1020E0008DD0E37B43EA012189E7706880B3337BBD
:1020F000747C032B5AD0002B36D105F07F058DF868
:102100000C5000943A4603AB00F030F904B0BDE83F
:10211000F081012FF3744FEA132296D0022F32750B
:102120004FEA134291D01B0E032F727518BFB3757F
:102130008BE7A068F8B1627C009703A900F04CF827
:10214000A1E7022E2BD10CF07F0C8DF80CC049E7D3
:10215000B06800288DD0727C00970B4603A900F070
:102160004BF886E719464AE7022B2CD165F07F052C
:102170008DF80C50C5E726464FF0FF313FE74FF092
:10218000FF0E41F0010600970132CDF804E003A9EB
:102190008DF80C608DF80DC000F098FA73E7012EF1
:1021A00004BF6CF03F0C8DF80CC01BE701340094A9
:1021B00003AB22F001043A468DF80C408DF80D5027
:1021C00000F0D4F855E7012B9BD105F07F0545F0D1
:1021D00040058DF80C5094E730B4047CBDF80850ED
:1021E00034B1846824B140690295A44630BC60478C
:1021F000002030BC704700BF30B4047CBDF80850EC
:1022000034B1C46824B140690295A44630BC60472B
:10221000002030BC704700BF30B400252024057278
:10222000C4600170426030BC704700BF38B50446DE
:1022300040680D46F7F73CFF0120207205B938BD14
:1022400021786068F8F718F86068F8F787F8B0FA4E
:1022500080F0400938BD00BF2DE9F041079EC468F9
:102260009519A54202D90020BDE8F08104460F4629
:102270000178406898461546F7F7FEFF60680368E6
:102280005B684EB1069A3AB1114632469847B04261
:10229000E9D1606803685B6839462A4698478542F9
:1022A000E1D141466068F7F7F1FFB0FA80F04009EC
:1022B000DAE700BF2DE9F047C468DDF820909DF80B
:1022C0002450A24202D90020BDE8F08780460E4685
:1022D0000178406814469A46F7F7CEFFD8F8040014
:1022E000036831465B68224698478442EBD1294611
:1022F000D8F80400F7F7CAFF0028E4D10746B9F17F
:10230000000F27D0D8F80C3098F80010D8F8040047
:10231000A9EB07059D4228BF1D46A9EB05039F4277
:1023200034BF00230123EAB2F7F74AFF8542CAD13E
:102330006DB100263446D8F8040003685B699847FD
:1023400001345644A4B2A542F0552646F3D82F4492
:10235000B945D7D80120BDE8F08700BF10B50446C5
:10236000406808B1FBF780FE204610BD2DE9F04F14
:10237000044687B000680391109D0292994620B1EF
:10238000636893E80600EAF771FE94F90E00461CB4
:1023900002D00021FCF7A0FB002D67D04D449C4FDC
:1023A0006B1E09F1FF39019347F00107CB4607E0A7
:1023B00001220DF11701EAF705FF019B9B4555D05E
:1023C00020681BF801AF8DF817A00028F0D1227B00
:1023D000904BA168B3FBF1F9002A5FFA89F94FEA43
:1023E000891614BF802501251AEA050F334608BF58
:1023F0004FF001084E4618BF4FF0000899460EB145
:102400004846B847627BA36912F0FD0F00F0A78031
:10241000032A00F0DB801968E26A0A431A6016B1E9
:102420004846B847A36994F91020013208D0626980
:10243000606A11681AEA050F14BF014381431160F5
:102440001968E26A21EA02021A6094F91130013334
:102450001CBFE3691B68237B002B40F0AC806D0040
:1024600015F0FF05CBD1019B9B45A9D1029B002B09
:1024700066D09946039B664F994409F1FF3203F1F8
:10248000FF3A019247F00107D34607E001220DF120
:102490001701EAF797FE019B9B4551D020681BF876
:1024A000018F8DF817800028F0D1237B594EA26848
:1024B000B6FBF2F6002B14BF8025012518EA050FA4
:1024C000F6B20CBF4FF0010A4FF0000A4FEA86192E
:1024D0000EB14846B847627BA36912F0FD0F00F0C9
:1024E0009B80032A00F0CF801968E26A0A431A60D1
:1024F00016B14846B847A36994F91020013209D0B3
:102500006269616A106818EA050F14BF014320EA86
:10251000010111601968E26A21EA02021A6094F965
:10252000113001331CBFE3691B68237B002B40F093
:102530009F806D0015F0FF05CAD1019B9B45ADD171
:1025400094F90E00431C02D00121FCF7C5FA206863
:1025500008B1EAF7EFFD012007B0BDE8F08F94F96C
:102560001020501C10D01AEA050114BF01220022CD
:10257000424509D06269D4F824C0106809B340EA22
:102580000C0010604FF001081968E26A0A431A60F3
:1025900016B14846B847A36994F9112001321CBF0F
:1025A000E26912681968E26A21EA02021A60237B72
:1025B000002B3FF454AF6B10DDB2002B7FF41FAF44
:1025C000FBE620EA0C0088461060DDE794F9102055
:1025D000013208D06269606A11681AEA050F14BFF7
:1025E0000143814311601968E26A21EA02021A601C
:1025F0004EB14846B847A169E36A0A6813430B60C5
:102600004846B84721E71968E26A0A431A601CE79E
:10261000B07E040020A1070094F91020511C10D0B6
:1026200018EA050114BF01220022524509D062694F
:10263000D4F824C0106809B340EA0C0010604FF0D1
:10264000010A1968E26A0A431A6016B14846B84797
:10265000A36994F9112001321CBFE269126819685C
:10266000E26A21EA02021A60237B002B3FF461AF89
:102670006B10DDB2002B7FF42BAF0CE720EA0C00CF
:102680008A461060DDE794F91020013208D06269B3
:10269000606A116818EA050F14BF01438143116095
:1026A0001968E26A21EA02021A604EB14846B84748
:1026B000A169E36A0A6813430B604846B8472EE7EE
:1026C0001968E26A0A431A6029E700BF2DE9F04F52
:1026D000044687B000689DF8446002938A46154618
:1026E00020B1636893E80600EAF7C0FC94F90E0095
:1026F000431C02D00021FCF7EFF9002D67D05544B0
:102700006A1E9D4B01920AF1FF3243F00108934685
:10271000039607E001220DF11701EAF753FD019B33
:102720005B4553D020681BF801AF8DF817A0002837
:10273000F0D1227B914BA168B3FBF1F9002A5FFA3B
:1027400089F94FEA891614BF802501251AEA050F79
:10275000334608BF01274E4618BF002799460EB1E1
:102760004846C047627BA36912F0FD0F00F0AD80C0
:10277000032A00F0DE801968E26A0A431A6016B183
:102780004846C047A36994F91020013208D0626915
:10279000606A11681AEA050F14BF01438143116092
:1027A0001968E26A21EA02021A6094F911300133D1
:1027B0001CBFE3691B68237B002B40F0AF806D00DA
:1027C00015F0FF05CBD1019B5B45ABD1039E109B60
:1027D000002B00F03D81029A184602EB000A664B7E
:1027E0000AF1FF31013A0291019243F00108B24629
:1027F0000EE001220DF11701EAF7E4FC9DF81760E5
:10280000019B029A03F8016F9342019300F020812B
:1028100020688DF817A00028EBD1217B574BA268C8
:10282000B3FBF2F9002914BF802501251AEA050F30
:102830005FFA89F906460CBF4FF0010B4FF0000B11
:102840004FEA8917B9F1000F01D03846C047627BC3
:10285000A36912F0FD0F00F09380032A00F0D480EA
:102860001968E26A0A431A60B9F1000F02D03846CB
:10287000C047A36994F91020013208D06269606AE8
:1028800011681AEA050F14BF0143814311601968EA
:10289000E26A21EA02021A6094F91130013305D08C
:1028A000E269A36A12681A4218BF2E43237B002BE9
:1028B00040F099806D0015F0FF05C3D194F91130F7
:1028C000013308BF9DF817609AE794F91020501C57
:1028D0000DD01AEA050114BF01220022BA4206D027
:1028E0006269676A1068F9B1384310600127196896
:1028F000E26A0A431A6016B14846C047A36994F9D0
:10290000112001321CBFE26912681968E26A21EAEB
:1029100002021A60237B002B3FF451AF6B10DDB233
:10292000002B7FF41CAFFAE620EA070010600F4688
:10293000DDE794F91020013209D06269616A1068FC
:102940001AEA050F14BF014320EA0101116019685A
:10295000E26A21EA02021A604EB14846C047A16904
:10296000E36A0A6813430B604846C0471DE71968CD
:10297000E26A0A431A6018E7B07E040020A107004B
:1029800094F91020511C11D01AEA050114BF01223C
:1029900000225A450AD06269D4F824C01068002980
:1029A0002DD040EA0C0010604FF0010B1968E26A6C
:1029B0000A431A60B9F1000F02D03846C047A36934
:1029C00094F91120013205D0E169A26A0968114227
:1029D00018BF2E431968E26A21EA02021A60237BBB
:1029E000002B3FF467AF6B10DDB2002B7FF42AAFF2
:1029F00094F91130013308BF9DF8176000E720EA11
:102A00000C008B461060D1E794F91020013208D0F9
:102A10006269606A11681AEA050F14BF01438143B5
:102A200011601968E26A21EA02021A60B9F1000F26
:102A300009D03846C047A169E36A0A6813430B60AE
:102A40003846C04728E71968E26A0A431A6023E754
:102A500094F90E00431C02D00121FCF73DF82068D8
:102A600008B1EAF767FB012007B0BDE8F08F00BFAF
:102A70002DE9F041054641486B7800241646046074
:102A8000D9B19A1E072A18D8DFE802F06E70620AE0
:102A90000464697500220879394C0243C4F83C2665
:102AA000CA781206887842EA0042487842EA002250
:102AB000097833480A43C0F83826314AA878E978BB
:102AC000304FDFF8B8800124C2F808431B0243EA04
:102AD000003328780343287943EA4133697943EA8C
:102AE000803343EAC1332743C2F83436642402E01A
:102AF000B847013C3CD0D8F800304FF42070002B90
:102B0000F6D00023C8F8003076B16B781C4A023B3F
:102B1000D2F83C16D2F83826072B05D8DFE803F0A8
:102B20001412100E0D0B09071748BDE8F0810B0EAB
:102B3000F3710B0CB3710B0A73713171130EF370D7
:102B4000130CB370130A737032700F48BDE8F08134
:102B50000022A7E70022487942EA00229BE70022F0
:102B6000887942EA0042F6E70022A1E700229CE7CA
:102B70000648BDE8F081CA791206F1E700910240EB
:102B800000900240C07E04000000AD0B0700AD0BBA
:102B9000F8B5434B1C790CB14248F8BD0579FF2DBF
:102BA00077D04679FF2E74D090F806C0BCF1FF0FA5
:102BB0006FD090F807E0BEF1FF0F6AD03A4F047B68
:102BC000C7F82455C7F82865C7F830C5C7F834E5F5
:102BD000057A90F80BE090F80AC0467BFF2D08BFFD
:102BE0004FF0FF35C7F83855457AFF2D08BF4FF035
:102BF000FF35C7F83C55A4010568C7F8405544EABD
:102C0000CE0444EA0C04002E45D1274D9A60C5F845
:102C10004445D5F80026867B077C447C22F07F4221
:102C200022F0FF023243C67B42EA4762002E42EAAC
:102C300004720CBF00244FF080742243002601244C
:102C4000C5F8002619605E71C5F8084351B1827C51
:102C500016495201D2B24FF4007081F82923C1F80D
:102C6000840148601049124D124E01220020C1F823
:102C7000002516431A71642428600A6002E0B047F8
:102C8000013C0BD02B684FF42070002BF7D00A4882
:102C9000F8BD0A48F8BD44F08004B6E70848F8BD1E
:102CA000C49000200500AD0B0090024000E100E060
:102CB00000910240C07E04000000AD0B0400AD0B8B
:102CC0000700AD0B034B5B790BB9FFF7D1BE024890
:102CD000704700BFC49000200B00AD0B134A13498E
:102CE000D2F83436124803F44033B3F5803F30B4A1
:102CF00008BF104B104C08BFC2F834360F4D0122EC
:102D0000C1F80823002322604FF400742A60C1F840
:102D10000035C0F88440BFF34F8FBFF36F8F084A70
:102D2000C1F8003130BC1371704700BF0090024001
:102D300000E100E0000103001090024054900240C6
:102D4000C490002000F06043B3F1005F1CD1830702
:102D50001AD1154B10B4154CC3F81025C3F814053F
:102D6000C3F81815627902F0FF017AB9104A1160B0
:102D7000216879B10F49104801226271C3F8042318
:102D80000A605DF8044B70470C4870470C485DF8CA
:102D9000044B704707490120134608601A68002A4F
:102DA000FCD00548EDE700BF00900240C490002031
:102DB00000910240089002400000AD0B0A00AD0BEC
:102DC0000B00AD0B00F06043B3F1005F1CD1830733
:102DD0001AD1154B10B4154CC3F80425C3F80805D7
:102DE000C3F80C15627902F0FF017AB9104A11603C
:102DF000216879B10F49104801226271C3F8042398
:102E00000A605DF8044B70470C4870470C485DF849
:102E1000044B704707490120134608601A68002ACE
:102E2000FCD00548EDE700BF00900240C4900020B0
:102E300000910240049002400000AD0B0A00AD0B6F
:102E40000B00AD0B8B071CD1134B10B4134CC3F804
:102E50001C15C3F82005627902F0FF016AB9104A17
:102E60001160216879B10F490F4801226271C3F8DE
:102E700004235DF8044B0A6070470C485DF8044B6E
:102E800070470B48704707490120134608601A68CD
:102E9000002AFCD00448F1E700900240C4900020D2
:102EA000009102400C9002400000AD0B0B00AD0BF6
:102EB0000A00AD0B054A136833B1054B0020587169
:102EC000996810601A681047704700BF009102406F
:102ED000C49000200B460146184601F027BF0000B1
:102EE00000B510EE103A214A23F00043934283B01C
:102EF0001ADDB3F1FF4F04DB30EE400A03B05DF89A
:102F000004FB684600F0AEF900F00300012813D07E
:102F1000022820D0B8B1DDED010A9DED000A00F0D5
:102F2000F1FAB1EE400AE9E70020DFED110A00F006
:102F300093FE03B05DF804FBDDED010A9DED000A90
:102F400000F0E0FADAE70120DDED010A9DED000A6C
:102F500000F082FED2E70120DDED010A9DED000ABE
:102F600000F07AFEB1EE400AC8E700BFD80F493F33
:102F70000000000010B52DED028B284C8AB0B0EE99
:102F8000408A00F051F894F900300133F0EE408AA5
:102F900034D0B4EE488AF1EE10FA2FD6B0EE480ADB
:102FA00000F0AEFEF7EE007AB4EEE70AF1EE10FAAA
:102FB00024DD01231A4A009318EE100A002301921F
:102FC000089301F0C3F802460B461648CDE90423E6
:102FD000CDE9022300F08CFE94F90030022B8DED38
:102FE000060B11D0684600F07FFE68B1089B83B9DC
:102FF000DDE9060101F0BCFB08EE900AB0EE680ABC
:103000000AB0BDEC028B10BD01F09EFE21230360CF
:10301000ECE701F099FE089B0360E9E728610020D6
:10302000C87E04000C78040008B510EE102A22F0C7
:103030000043B3F17E5F2DED028B49D041DCB3F14B
:103040007C5F50DAB3F10C5F40F3A08020EE007A91
:10305000DFED731ADFED732ADFED733A9FED732A0C
:103060009FED733ADFED735A9FED734ADFED734ABC
:103070009FED735ADFED736A9FED736ADFED737A2C
:10308000E7EE212AA7EE023AE2EE873AA3EE074ADC
:10309000E3EE875AA4EE075AE5EE874AF7EE005AA8
:1030A000E4EE876AE5EE075A26EE877AC7EE256AD0
:1030B000B0EE467AA0EE667A30EE470A37EEC00AE6
:1030C00003E070EE407A87EEA70ABDEC028B08BDE4
:1030D000BDEC028B9FED5E0ADFED5E7A002AD8BF61
:1030E000B0EE670A08BD002A53DBF7EE008A38EE1F
:1030F000C00AB6EE008A20EE088AB0EE480A00F058
:10310000FDF9DFED477A9FED473A9FED474ADFED46
:10311000472ADFED473A9FED475ADFED474A9FEDDB
:10312000476ADFED475A9FED477AA8EE273AE8EE67
:10313000223AA3EE084AE3EE884AA4EE085A10EEBB
:10314000103AA5EE086A23F47F6323F00F03E4EE40
:10315000885A07EE903AA6EE087AE5EE888AF0EEF5
:10316000485AE7EEE75A27EE088A30EE276AF0EE73
:10317000406A88EE287ABDEC028B85EE860AA6EEC0
:10318000870A30EE270A30EE000A08BD9FED320AAA
:103190009BE7B7EE007A30EE070AF6EE007A60EEB3
:1031A000277ADFED1F2ADFED1F3ADFED1F4A9FED83
:1031B0001F3A9FED1F4ADFED1F5A9FED1F5ADFEDAB
:1031C0001F6A9FED1F6A9FED1F8AE7EEA23AA7EEE6
:1031D000834AE3EEA74AA4EE275AE4EEA75AA5EEE7
:1031E000276AE5EEA76AA6EE277AA6EEA78AF0EE92
:1031F000478A28EE278AB0EE670A00F07FF9C8EE0A
:10320000286A9FED167ADFED167AA0EE267AF0EEA8
:10321000006A37EE000AE0EE667AB0EE670A54E71D
:1032200008EF1138047F4F3A461124BD2EC69D3D4C
:10323000613330BFA80A4E3E2D57014090B0A6BE64
:1032400039D119C0ABAA2A3E6821A233DA0FC93F8F
:1032500000000000DB0F4940DB0FC93F6821A2B32B
:10326000DA0F494070B510EE103A964A23F0004448
:10327000944286B0054669DD934A944210EE106A86
:103280001ADC002B24F00F04DFED907A904A64DD05
:10329000944270EE677A00F0CF809FED8E7A77EEE1
:1032A000C76A012077EEE67AC5ED006A77EEC77A45
:1032B000C5ED017A06B070BD874A944261DDB4F174
:1032C000FF4F80F2B180E215863AA4EBC25307EEBD
:1032D000903ABDEEE77ADFED816AB8EEC77A77EE15
:1032E000C77A8DED037A67EEA67ABDEEE77AB8EE7F
:1032F000C77A77EEC77A8DED047A67EEA67AF5EE97
:10330000407AF1EE10FACDED057A40F0C780B5EEC7
:10331000407AF1EE10FA0CBF0123022370490191AB
:103320000221009103A8294600F06EF9002E12DA5E
:1033300095ED007AD5ED017AB1EE477AF1EE677A34
:10334000404285ED007AC5ED017A04E0002285ED6A
:10335000000A4260002006B070BD944270EE277AE9
:1033600000F089809FED5B7A77EE876A4FF0FF303F
:1033700077EEE67AC5ED006A77EE877AC5ED017AD9
:10338000E9E700F0BDFCDFED576ADFED505A9FED35
:10339000517AF6EE007AE0EE267AFDEEE77A17EE45
:1033A000900AF8EEE76A1F28B1EE666AA6EE250AD3
:1033B00066EE877A52DD30EE677A17EE103AE41542
:1033C000C3F3C753E31A082B52DDDFED477A9FEDB5
:1033D000477AF0EE405AE6EE275A30EE650AA6EE3E
:1033E000270AF0EE407AD6EE877A35EEE77A17EEC6
:1033F000103AC3F3C753E41A192C51DC85ED007A57
:10340000B0EE650A30EE470A002E30EE670A85ED11
:10341000010AA0DAB1EE477AB1EE400A85ED007AF2
:1034200085ED010A404296E770EE407A0020C5ED36
:10343000017AC5ED007A8EE7DFED2B6A9FED2B7ADE
:1034400077EEE67A012077EEC76A77EEE67AC5ED89
:10345000006A77EEC77AC5ED017A7CE7421E244BFD
:1034600053F8223024F0FF029A4230EE677AA4D05B
:1034700085ED007AC6E7DFED1C6A9FED1C7A77EEDA
:10348000A67A4FF0FF3077EE876A77EEE67AC5EDE1
:10349000006A77EE877AC5ED017A5CE703233DE7A2
:1034A0009FED147A9FED145AB0EE650AA6EE070A56
:1034B00075EEC07AE6EE077AD6EE857A30EE677A58
:1034C000D6E700BFD80F493FE3CB1640800FC93F76
:1034D000D00FC93F43443537800F49430000804334
:1034E000507F040084F9223F0044353708A3852E1D
:1034F000D07E040000A3852E32318D24B1EEC00AA7
:10350000704700BF10EE103A23F00043B3F1485F5C
:103510002CDAFDEEC07A17EE903A002B5BD020EE4D
:10352000007ADFED314A9FED315ADFED315A9FEDE0
:10353000316ADFED317ADFED316AA7EE245AE7EE2A
:10354000055AA7EE256AE7EE067AE7EE276A66EEE9
:10355000876A60EEC00AB6EE006AE7EE260AF7EE6A
:10356000007AD7EE060A37EEE00A704720EE007ABE
:10357000DFED1D4A9FED1D5ADFED1D5A9FED1D6ABF
:10358000DFED1D7ADFED1D6A1D4AA7EE245A934236
:10359000E5EE075AA5EE876AE6EE077AE7EE876A58
:1035A00066EE876AD5DD174A934217DC03F17F4345
:1035B00007EE903AB7EE006A36EE676A60EEC00A30
:1035C000F6EE005AE7EE260AD7EE257A77EEE07A95
:1035D00036EE670A7047B7EE000A7047B6EE076A24
:1035E000F5EE027AEAE700BF4ED747ADF6740F3129
:1035F0007CF293B4010DD037610BB6BAABAA2A3D69
:103600009999993E0000483F2DE9F04F2DED048B2C
:10361000D7B003F1FF390293D31E48BF131DB24C3C
:10362000649D0591DB1023EAE37354F8256003934E
:1036300003F10108A2EBC80816EB09028646A3EBCA
:10364000090316D41A449FEDA97A6598511C1AAA49
:10365000002BA4BF50F8234007EE904A03F101036A
:10366000ACBFF8EEE77AF0EE477A8B42E2EC017AF3
:10367000EED1029B002E4FEA83044FEA860A1DDB3F
:103680001AAB181943AA7346191902EB0A0742AD7F
:10369000F446B9F1000FDFED957A09DB0246634687
:1036A000F3EC016A32ED017A8B42E6EE877AF7D1CC
:1036B000E5EC017ABD4200F10400EAD1AAF1080369
:1036C00006ADEB1804939FED8B9ADFED898A009687
:1036D00005ABB34674449A4442AF76464FEA8B0139
:1036E00056AB0B44BBF1000F13ED140A16DD07EBCC
:1036F0008B032A4660EE097AB0EE407AFDEEE77A57
:1037000073ED016AF8EEE77ABB42A7EEE87A37EE8E
:10371000A60ABDEEC77AA2EC017AEBD14046019130
:1037200000F03CFBB0EE408AB4EE000A28EE000A3E
:1037300000F0EEFAF2EE007AA0EE678AB8F1000F20
:103740000199FDEEC89AF8EEE97A38EE678A40F3FF
:10375000C4800BF1FF3CC8F1080355F82C2042FA55
:1037600003F000FA03F3D31A45F82C3019EE90CA8F
:103770008444C8F1070209EE90CA43FA02F2002A13
:1037800031DD19EE903ABBF1000F03F1010309EEB0
:10379000903A40F329822868002840F08680BBF1E7
:1037A000010F0BD0AE464FF0010C5EF8040F0CF188
:1037B000010300287CD19B459C46F6D1B8F1000F4F
:1037C0000EDDB8F1010F00F03281B8F1020F07D120
:1037D0000BF1FF3155F8213003F03F0345F821305C
:1037E000022A00F01281B5EE408AF1EE10FA40F0A4
:1037F0009580009B0BF1FF3C63450EDC0BF1804193
:10380000013905EB8101002051F80439514540EAA6
:103810000300F9D1002840F01381009B013B55F8CB
:103820002330002B40F00081049B4FF0010C53F833
:1038300004290CF1010C002AF9D0DC440BF1010E33
:10384000E64530DC039B029A0EEB03015A4403EB7E
:103850000C0B1AAB01F1804103EB8202659B01392D
:1038600003EB810107EB8E0E03EB8B0B51F8043F4A
:103870009FED1E7A07EE903AF8EEE77A1046B9F11E
:10388000000FE0EC017A09DB334601E072ED017ACA
:10389000F3EC016AA342A6EEA77AF7D15945AEEC44
:1038A000017A0246E2D1E34618E701234FF0000C0B
:1038B000C0F580709B4545F82C000CDD55F82300C1
:1038C000294405EB830300E01868C0F1FF0043F8CA
:1038D000040B8B42F8D1012070E70FD10BF1FF33BD
:1038E00055F8232012124AE79482040000000000D9
:1038F000000080430000803B0000C93FF6EE007AE4
:10390000B4EEE78AF1EE10FA80F25881B5EE408A03
:10391000F1EE10FA4FF000023FF46BAFB0EE480A40
:10392000C8F100009146009E00F038FA1FED107AB1
:10393000B4EEC70AF1EE10FAC0F258815FED137AC7
:1039400060EE277A0BF10103FDEEE77A08F1080833
:10395000F8EEE77AA7EEC70AFDEEE77ABDEEC00AF9
:1039600010EE102A45F82B2017EE902A45F8232058
:103970004046B7EE000A009300F010FA009B002BBF
:10398000C0F24B81980042AA00F1040C1FED277A87
:103990001044011D05EB0C0272ED017AF8EEE77A96
:1039A000AA4267EE807A20EE070A61ED017AF3D130
:1039B0000DF1B80E1FED306A0546774603F1010898
:1039C0000024002EC0F20581A148DFEDA27A29462D
:1039D000B0EE467A002203E0A24208DCB0EC017AA5
:1039E000F1EC016A01329642E6EE877AF4DA0134AC
:1039F0004445E7EC017AA5F10405E2D1649A032A73
:103A000053D8DFE802F0CAB6B65BB7EE000A30EE74
:103A1000488A00283FF4E7AE4046019200F0BEF924
:103A2000019A38EE408ADEE64FF0010C05E70BF113
:103A3000FF3155F8213003F07F0345F82130CFE600
:103A4000914655F82C20009E6346A8F10808002AEC
:103A50008ED10CF18042013A05EB820252F8041932
:103A6000013BA8F108080029F8D081E74A46DFEDBC
:103A7000797A002A40F0C2809DED2E7A059A002BBB
:103A8000C2ED007A77EE677A0CDD2FA90122B1EC46
:103A9000017A0132934277EE877AF8DA4B46002BAF
:103AA00040F0B880059BC3ED017A19EE903A03F01F
:103AB000070057B0BDEC048BBDE8F08F002B40F33E
:103AC000C480980056AA02440DF1B80E03F180415B
:103AD00052ED286A01390EEB830272ED017A37EE5E
:103AE000A67A964577EEC77A82ED007A77EEA67AC7
:103AF000F0EE476AC2ED017AEFD1012B40F3A580C9
:103B000056AB184489000B1D50ED286A73442FAA48
:103B100073ED017A37EEA67A9A4277EEC77A83ED93
:103B2000007A77EEA67AF0EE476AC3ED017AEFD11C
:103B30000831DFED487A0EEB01030EF1080E33ED8C
:103B4000017A9E4577EE877AF9D14B46DDED2E6AF4
:103B50009DED2F7A2BB1F1EE666AB1EE477AF1EE68
:103B6000677A059BC3ED006A83ED017AC3ED027AA3
:103B70009BE7002BFFF67AAF2EA901EB8302DFED66
:103B8000357A043232ED017A914277EE877AF9D1B3
:103B90004A46002A3FF470AF30E0DFED2E7AF4445D
:103BA0003CED017AE64577EE877AF9D14B460BB1C9
:103BB000F1EE677A059BC3ED007A76E719EE903A4D
:103BC000BBF1000F03F1010309EE903A37DD022249
:103BD000E1E5DFED207A01344445E7EC017AA5F117
:103BE00004057FF4EEAE09E70020E7E5BDEEC00A6C
:103BF0005B4610EE102A45F82B20B9E6DDED2E6A63
:103C0000059AB1EE677A002B76EEE77A82ED007ABC
:103C10003FF73BAFF1EE677A44E7649A032A3FF639
:103C200044AF01A151F822F0393C0400733B040079
:103C3000733B0400BD3A0400DFED067AB6E7F7EE09
:103C4000007A37EEC88A0222CDE5DFED027A7CE702
:103C50006C8204000000000010EE103A23F00043D4
:103C6000B3F1485F04DAFDEEC07A17EE903A23B361
:103C700060EE007A9FED155ADFED155A9FED156A3B
:103C8000DFED156A9FED157AE7EE855A20EE275A8B
:103C9000A5EEA76AE6EE276AA6EEA77A70B127EE30
:103CA000457AF6EE006AA0EEA67ADFED0D6AD7EE51
:103CB000270AE5EE260A30EE600A7047DFED096A52
:103CC000E7EE876AA6EE850A704700BFD3C92E2F9C
:103CD000342FD7B21BEF3836010D50B98988083C14
:103CE000ABAA2A3EABAA2ABE002070470000000003
:103CF0009FED010B704700BF000000000000F87F3F
:103D000010EE103A23F0004300EE103A704700BF67
:103D100010EE102A22F00041CB0D7F3B162B1CDC4D
:103D2000002B10EE100A1EDB194919410A4227D058
:103D3000DFED187A70EE277AF5EEC07AF1EE10FA20
:103D40001EDD002A04DA4FF4000242FA03F318449D
:103D500020EA010300EE103A7047B1F1FF4F0FD394
:103D600030EE000A7047DFED0B7A70EE277AF5EE41
:103D7000C07AF1EE10FA03DD002A02DB9FED060A9D
:103D800070470029FFEE007A18BFB0EE670A70474F
:103D9000FFFF7F00CAF249710000000008B510EE75
:103DA000103A33F000422DED028B11D0B2F1FF4FEB
:103DB00011D2B2F5000F13D3D20D0244FE2A1CDC3F
:103DC000002A2ADD23F0FF4343EAC25300EE103AF3
:103DD000BDEC028B08BDBDEC028B30EE000A08BDC5
:103DE0001D4BDFED1E7A984220EE270A10DB10EE05
:103DF000103AC3F3C752193ADFE79FED198AF0EE84
:103E0000400AB0EE480A00F031F820EE080ADFE779
:103E1000DFED140A20EE200ADAE712F1160F0EDAAF
:103E20004CF250339842E8DC9FED0E8AF0EE400AE7
:103E3000B0EE480A00F01AF820EE080AC8E7193276
:103E400023F0FF4343EAC253DFED077A00EE103A56
:103E500020EE270ABCE700BFB03CFFFF0000004C8B
:103E6000CAF249716042A20D0000003310EE103A10
:103E700010EE902A23F0004302F00042134300EEBC
:103E8000103A704781F0004102E000BF83F0004328
:103E900030B54FEA41044FEA430594EA050F08BFE5
:103EA00090EA020F1FBF54EA000C55EA020C7FEAA9
:103EB000645C7FEA655C00F0E2804FEA5454D4EB26
:103EC0005555B8BF6D420CDD2C4480EA020281EAF0
:103ED000030382EA000083EA010180EA020281EA28
:103EE0000303362D88BF30BD11F0004F4FEA01317A
:103EF0004FF4801C4CEA113102D0404261EB410189
:103F000013F0004F4FEA03334CEA133302D052420E
:103F100063EB430394EA050F00F0A780A4F10104CA
:103F2000D5F1200E0DDB02FA0EFC22FA05F2801804
:103F300041F1000103FA0EF2801843FA05F35941EA
:103F40000EE0A5F120050EF1200E012A03FA0EFC69
:103F500028BF4CF0020C43FA05F3C01851EBE37193
:103F600001F0004507D54FF0000EDCF1000C7EEBB0
:103F700000006EEB0101B1F5801F1BD3B1F5001FEE
:103F80000CD349085FEA30004FEA3C0C04F101040D
:103F90004FEA445212F5800F80F09A80BCF1004F36
:103FA00008BF5FEA500C50F1000041EB045141EAB8
:103FB000050130BD5FEA4C0C404141EB010111F4B9
:103FC000801FA4F10104E9D191F0000F04BF014664
:103FD0000020B1FA81F308BF2033A3F10B03B3F142
:103FE00020020CDA0C3208DD02F1140CC2F10C02D2
:103FF00001FA0CF021FA02F10CE002F11402D8BF30
:10400000C2F1200C01FA02F120FA0CFCDCBF41EAFB
:104010000C019040E41AA2BF01EB0451294330BDCA
:104020006FEA04041F3C1CDA0C340EDC04F11404A7
:10403000C4F1200220FA04F001FA02F340EA03007E
:1040400021FA04F345EA030130BDC4F10C04C4F1C4
:10405000200220FA02F001FA04F340EA03002946A4
:1040600030BD21FA04F0294630BD94F0000F83F4EE
:10407000801306BF81F480110134013D4EE77FEAD1
:10408000645C18BF7FEA655C29D094EA050F08BF1D
:1040900090EA020F05D054EA000C04BF19461046FE
:1040A00030BD91EA030F1EBF0021002030BD5FEA42
:1040B000545C05D14000494128BF41F0004130BD6A
:1040C00014F580043CBF01F5801130BD01F00045BE
:1040D00045F0FE4141F470014FF0000030BD7FEA31
:1040E000645C1ABF194610467FEA655C1CBF0B462C
:1040F000024650EA013406BF52EA033591EA030F43
:1041000041F4002130BD00BF90F0000F04BF00213A
:10411000704730B54FF4806404F132044FF000056D
:104120004FF0000150E700BF90F0000F04BF0021E6
:10413000704730B54FF4806404F1320410F000454C
:1041400048BF40424FF000013EE700BF42004FEA47
:10415000E2014FEA31014FEA02701FBF12F07F43C4
:1041600093F07F4F81F06051704732F07F4208BF7B
:10417000704793F07F4F04BF41F40021704730B582
:104180004FF4607401F0004521F000411CE700BFCE
:1041900050EA010208BF704730B54FF000050AE051
:1041A00050EA010208BF704730B511F0004502D552
:1041B000404261EB41014FF4806404F132045FEA54
:1041C000915C3FF4D8AE4FF003025FEADC0C18BFFD
:1041D00003325FEADC0C18BF033202EBDC02C2F1EF
:1041E000200300FA03FC20FA02F001FA03FE40EA81
:1041F0000E0021FA02F11444BDE600BF70B54FF085
:10420000FF0C4CF4E06C1CEA11541DBF1CEA135562
:1042100094EA0C0F95EA0C0F00F0DEF82C4481EACA
:10422000030621EA4C5123EA4C5350EA013518BFEA
:1042300052EA033541F4801143F4801338D0A0FBD7
:1042400002CE4FF00005E1FB02E506F00042E0FB84
:1042500003E54FF00006E1FB03569CF0000F18BF8A
:104260004EF0010EA4F1FF04B6F5007F64F5407432
:1042700004D25FEA4E0E6D4146EB060642EAC621C5
:1042800041EA55514FEAC52040EA5E504FEACE2E32
:10429000B4F1FD0C88BFBCF5E06F1ED8BEF1004F35
:1042A00008BF5FEA500E50F1000041EB045170BDB1
:1042B00006F0004646EA010140EA020081EA0301F5
:1042C000B4EB5C04C2BFD4EB0C0541EA045170BDF1
:1042D00041F480114FF0000E013C00F3AB8014F16B
:1042E000360FDEBF002001F0004170BDC4F10004B4
:1042F000203C35DA0C341BDC04F11404C4F1200535
:1043000000FA05F320FA04F001FA05F240EA02008F
:1043100001F0004221F0004110EBD37021FA04F6C5
:1043200042EB06015EEA430E08BF20EAD37070BD7F
:10433000C4F10C04C4F1200500FA04F320FA05F0DE
:1043400001FA04F240EA020001F0004110EBD370E0
:1043500041F100015EEA430E08BF20EAD37070BD50
:10436000C4F1200500FA05F24EEA020E20FA04F329
:1043700001FA05F243EA020321FA04F001F00041D8
:1043800021FA04F220EA020000EBD3705EEA430E49
:1043900008BF20EAD37070BD94F0000F0FD101F078
:1043A0000046400041EB010111F4801F08BF013CB1
:1043B000F7D041EA060195F0000F18BF704703F0EF
:1043C0000046520043EB030313F4801F08BF013D76
:1043D000F7D043EA0603704794EA0C0F0CEA135532
:1043E00018BF95EA0C0F0CD050EA410618BF52EAEC
:1043F0004306D1D181EA030101F000414FF00000F2
:1044000070BD50EA410606BF1046194652EA4306FF
:1044100019D094EA0C0F02D150EA013613D195EA73
:104420000C0F05D152EA03361CBF104619460AD1BB
:1044300081EA030101F0004141F0FE4141F47001C5
:104440004FF0000070BD41F0FE4141F4780170BDB5
:1044500070B54FF0FF0C4CF4E06C1CEA11541DBF1A
:104460001CEA135594EA0C0F95EA0C0F00F0A7F81C
:10447000A4EB050481EA030E52EA03354FEA013149
:1044800000F088804FEA03334FF0805545EA13135C
:1044900043EA12634FEA022245EA111545EA106524
:1044A0004FEA00260EF000419D4208BF964244F1BB
:1044B000FD0404F5407402D25B084FEA3202B61ADA
:1044C00065EB03055B084FEA32024FF480104FF4AE
:1044D000002CB6EB020E75EB030E22BFB61A754622
:1044E00040EA0C005B084FEA3202B6EB020E75EBB5
:1044F000030E22BFB61A754640EA5C005B084FEA1D
:104500003202B6EB020E75EB030E22BFB61A7546E9
:1045100040EA9C005B084FEA3202B6EB020E75EBF4
:10452000030E22BFB61A754640EADC0055EA060EB5
:1045300018D04FEA051545EA16754FEA06164FEAF8
:10454000C30343EA52734FEAC2025FEA1C1CC0D1A4
:1045500011F4801F0BD141EA00014FF000004FF031
:10456000004CB6E711F4801F04BF01430020B4F1F2
:10457000FD0C88BFBCF5E06F3FF6AFAEB5EB030CAA
:1045800004BFB6EB020C5FEA500C50F1000041EBA7
:10459000045170BD0EF0004E4EEA113114EB5C0474
:1045A000C2BFD4EB0C0541EA045170BD41F4801147
:1045B0004FF0000E013C90E645EA060E8DE60CEA4F
:1045C000135594EA0C0F08BF95EA0C0F3FF43BAF6C
:1045D00094EA0C0F0AD150EA01347FF434AF95EA23
:1045E0000C0F7FF425AF104619462CE795EA0C0F07
:1045F00006D152EA03353FF4FDAE1046194622E7D4
:1046000050EA410618BF52EA43067FF4C5AE50EAAD
:1046100041047FF40DAF52EA43057FF4EBAE12E79D
:104620004FF0FF3C06E000BF4FF0010C02E000BF7E
:104630004FF0010C4DF804CD4FEA410C7FEA6C5C61
:104640004FEA430C18BF7FEA6C5C1BD001B050EA04
:10465000410C0CBF52EA430C91EA030F02BF90EAEF
:10466000020F0020704710F1000F91EA030F58BFAE
:10467000994208BF90422CBFD8176FEAE37040F010
:10468000010070474FEA410C7FEA6C5C02D150EAAE
:10469000013C07D14FEA430C7FEA6C5CD6D152EA69
:1046A000033CD3D05DF8040B704700BF844610462E
:1046B00062468C461946634600E000BF01B5FFF72D
:1046C000B7FF002848BF10F1000F01BD4DF808EDFD
:1046D000FFF7F4FF0CBF012000205DF808FB00BFCE
:1046E0004DF808EDFFF7EAFF34BF012000205DF828
:1046F00008FB00BF4DF808EDFFF7E0FF94BF012075
:1047000000205DF808FB00BF4DF808EDFFF7CEFF75
:1047100094BF012000205DF808FB00BF4DF808EDB4
:10472000FFF7C4FF34BF012000205DF808FB00BF85
:104730004A0011D212F5001211D20DD56FF4787320
:10474000B3EB62520ED44FEAC12343F0004343EA75
:10475000505323FA02F070474FF00000704750EAC0
:10476000013002D14FF0FF3070474FF0000070472A
:104770004FEA4102B2F1E04324BFB3F5001CDCF183
:10478000FE5C0DD901F0004C4FEAC0024CEA5070BB
:10479000B2F1004F40EB830008BF20F001007047EA
:1047A00011F0804F21D113F13872BCBF01F00040ED
:1047B000704741F480114FEA5252C2F11802C2F11F
:1047C000200C10FA0CF320FA02F018BF40F00100A0
:1047D0004FEAC1234FEAD32303FA0CFC40EA0C0052
:1047E00023FA02F34FEA4303CCE77FEA625307D18F
:1047F00050EA01331EBF4FF0FE4040F440007047C6
:1048000001F0004040F0FE4040F40000704700BF5F
:1048100080F0004002E000BF81F0004142001FBF75
:104820005FEA410392EA030F7FEA226C7FEA236C7E
:104830006AD04FEA1262D2EB1363C1BFD218414073
:1048400048404140B8BF5B42192B88BF704710F009
:10485000004F40F4000020F07F4018BF404211F0AC
:10486000004F41F4000121F07F4118BF494292EA14
:10487000030F3FD0A2F1010241FA03FC10EB0C0040
:10488000C3F1200301FA03F100F0004302D54942CD
:1048900060EB4000B0F5000F13D3B0F1807F06D37A
:1048A00040084FEA310102F10102FE2A51D2B1F172
:1048B000004F40EBC25008BF20F0010040EA030067
:1048C0007047490040EB000010F4000FA2F1010214
:1048D000EDD1B0FA80FCACF1080CB2EB0C0200FA9E
:1048E0000CF0AABF00EBC25052421843BCBFD040EC
:1048F0001843704792F0000F81F4000106BF80F466
:1049000000000132013BB5E74FEA41037FEA226C28
:1049100018BF7FEA236C21D092EA030F04D092F0F3
:10492000000F08BF0846704790EA010F1CBF002027
:10493000704712F07F4F04D1400028BF40F0004084
:10494000704712F100723CBF00F50000704700F0A4
:10495000004343F0FE4040F4000070477FEA2262CB
:1049600016BF08467FEA23630146420206BF5FEA9C
:10497000412390EA010F40F4800070474FF000039C
:1049800004E000BF10F0004348BF40425FEA000C63
:1049900008BF704743F0964301464FF000001CE00B
:1049A00050EA010208BF70474FF000030AE000BF61
:1049B00050EA010208BF704711F0004302D540429F
:1049C00061EB41015FEA010C02BF84460146002011
:1049D00043F0B64308BFA3F18053A3F50003BCFA2C
:1049E0008CF2083AA3EBC25310DB01FA02FC6344D9
:1049F00000FA02FCC2F12002BCF1004F20FA02F2E0
:104A000043EB020008BF20F00100704702F12002D2
:104A100001FA02FCC2F1200250EA4C0021FA02F233
:104A200043EB020008BF20EADC70704753B94AB973
:104A3000002908BF00281CBF4FF0FF314FF0FF30A6
:104A400000F072B9ADF1080C6DE904CE00F006F883
:104A5000DDF804E0DDE9022304B070472DE9F047FA
:104A6000089E04468846002B4BD18A42154667D9DA
:104A7000B2FA82F24AB1C2F1200701FA02F320FA37
:104A800007F7954047EA030894404FEA154E230C78
:104A9000B8FBFEF71FFA85FC0EFB178843EA0843B4
:104AA00007FB0CF1994209D9EB1807F1FF3080F0B0
:104AB0001B81994240F21881023F2B445B1AA4B239
:104AC000B3FBFEF00EFB103344EA034400FB0CFC86
:104AD000A44509D92C1900F1FF3380F00781A445C2
:104AE00040F2048102382C4440EA0740A4EB0C0455
:104AF00000271EB1D4400023C6E900433946BDE873
:104B0000F0878B4209D9002E00F0EB800027C6E920
:104B1000000138463946BDE8F087B3FA83F7002F25
:104B200047D18B4202D3824200F2FA80841A61EBB1
:104B3000030301209846002EE0D0C6E90048DDE7D7
:104B400002B9FFDEB2FA82F2002A40F08F80491BE0
:104B50004FEA154E1FFA85F80127B1FBFEFC230C26
:104B60000EFB1C1143EA014308FB0CF1994207D9E3
:104B7000EB180CF1FF3002D2994200F2CD8084464E
:104B8000591AA3B2B1FBFEF00EFB101443EA044421
:104B900008FB00F8A04507D92C1900F1FF3302D219
:104BA000A04500F2B6801846A4EB080440EA0C4089
:104BB0009FE7C7F1200CBB4022FA0CFE4EEA030E21
:104BC00001FA07F420FA0CF521FA0CF34FEA1E481B
:104BD0002543B3FBF8F92C0C08FB19331FFA8EFAA6
:104BE00044EA034309FB0AF49C4202FA07F200FA82
:104BF00007F10BD91EEB030309F1FF3080F087802A
:104C00009C4240F28480A9F1020973441B1BADB29F
:104C1000B3FBF8F008FB103345EA034400FB0AFA43
:104C2000A24508D91EEB040400F1FF336BD2A24564
:104C300069D90238744440EA0940A0FB0289A4EB18
:104C40000A044C45C2464B4654D351D0002E69D07D
:104C5000B1EB0A0564EB030404FA0CFCFD40FC40D4
:104C60004CEA0505C6E90054002747E7C2F12003D6
:104C700020FA03F7954001FA02F021FA03F34FEA14
:104C8000154E3843010CB3FBFEF71FFA85F80EFBF7
:104C9000173341EA034107FB08F38B4204FA02F49D
:104CA00007D9691807F1FF3C2FD28B422DD9023F5B
:104CB0002944CB1A81B2B3FBFEF00EFB103341EA5C
:104CC000034100FB08F38B4207D9691800F1FF3C50
:104CD00017D28B4215D902382944C91A40EA07472E
:104CE0003BE73746304609E70746E7E61846FBE666
:104CF0004145ABD2B8EB020A69EB0E02013813460C
:104D0000A4E76046E9E7184695E76746D1E781469C
:104D10007CE702382C4447E7ACF1020C2B442FE728
:104D2000384608E73746E9E6704700BF10B5054C3E
:104D300013462CB10A4601460220AFF3008010BD95
:104D40002046FCE700000000014B1868704700BFD8
:104D50002C61002008B5074B044613B10021AFF3C6
:104D60000080054B1868836A03B19847204602F01B
:104D700051F900BF00000000A082040070B50D4E84
:104D80000D4CA41BA4100025A54209D10B4E0C4CC0
:104D900002F042F9A41BA4100025A54205D170BD64
:104DA00056F8253098470135EEE756F825309847F4
:104DB0000135F2E7FC620020FC620020FC6200206A
:104DC00018630020024B0146186800F0B5B800BF18
:104DD0002C610020024B0146186800F05FB800BF4C
:104DE0002C61002082B001B901A942B14BB1137806
:104DF0000B601278101C18BF012002B070471046DB
:104E0000FBE76FF00100F8E730B50024A24201D1C2
:104E1000002007E0035D01340D1915F8015CAB4279
:104E2000F4D0581B30BD10B5431E0A44914200D146
:104E300010BD11F8014B03F8014FF7E7884210B598
:104E400001EB020307D8421E99420AD011F8014B28
:104E500002F8014FF8E78342F5D98118D21AD342FC
:104E600000D110BD13F8014D01F8014DF7E70244E0
:104E70000346934200D1704703F8011BF9E738B5A8
:104E800002FB01F4214600F057F8054618B122460E
:104E90000021FFF7ECFF284638BD000038B5054675
:104EA000002945D051F8043C0C1F002BB8BFE41872
:104EB00001F016FC1F4A1368104633B96360146092
:104EC0002846BDE8384001F00CBCA3420CD921684B
:104ED0006218934204BF1A685B68636004BF52188B
:104EE00022600460ECE713465A680AB1A242FAD97C
:104EF00019685818A0420BD1206801445818824202
:104F00001960DDD1106852685A6001441960D7E712
:104F100002D90C232B60D3E7206821188A4204BFF2
:104F200011685268626004BF091821605C60C7E7BD
:104F300038BD00BFD090002070B5CD1C25F0030512
:104F400008350C2D38BF0C25002D064601DBA94283
:104F500003D90C233360002070BD01F0C1FB214A4E
:104F60001468214691B9204C23681BB9304600F0E3
:104F7000A1FC20602946304600F09CFC431C24D153
:104F80000C233360304601F0ACFBE4E70B685B1B9D
:104F900018D40B2B0FD90B60CD50CC18304601F034
:104FA000A0FB04F10B00231D20F00700C31AD3D08F
:104FB0005A42E250D0E78C424B6816BF63601360E0
:104FC0000C46EBE70C464968CCE7C41C24F003040C
:104FD000A04205D0211A304600F06CFC0130CFD041
:104FE0002560DBE7D0900020D49000202DE9FF471A
:104FF00055EC104B0D9FDDF830A0002D0E4691466C
:105000001946B8BF22462B4627F02007BBBF05F143
:1050100000431D4600232D23B8BF1446462F0B70B6
:1050200004D0452F00D10136022100E0032103AB5B
:10503000019302AB00933246534645EC104B00F00F
:1050400033FD472F804602D119F0010F26D0462F9D
:1050500008EB060911D198F80030302B0AD1002254
:10506000002320462946FFF731FB18B9C6F1010697
:10507000CAF80060DAF80030994400220023204684
:105080002946FFF723FB38B93022039B4B4505D255
:10509000591C03911A70F8E7CDF80C90039B0E9AF7
:1050A000A3EB08034046136004B0BDE8F087F7B5F2
:1050B00000290446BABF49422D232B23092904F8AD
:1050C000022B437020DD0DF107031F460A2691FBDA
:1050D000F6F506FB15113031092D03F8011C03F11B
:1050E000FF32294609DC3031023B02F8011CBB4289
:1050F000224604D3101A03B0F0BD1346E7E713F8B5
:10510000012B04F8012BF2E7302319448370021DB0
:10511000C170EFE72DE9F04F8DB00C46DDF85880F7
:1051200016461F46054601F077FA036804931846B1
:1051300000F004FC00230A93D8F8003005900733F0
:1051400023F0070303F1080294F818A0D4F800B084
:10515000C8F80020D3E90023C4E91223D4E9128956
:1051600029F000430793CDF818804FF0FF32A74B8A
:10517000DDE9060101F010FF70BB4FF0FF32A34BD9
:10518000DDE90601FFF7B6FA30BB002200234046F6
:105190004946FFF7A5FA10B12D2384F843309C4A05
:1051A0009C4BBAF1470F8CBF9046984603232BF0D7
:1051B0000402236122604FF00009009733460BAAD6
:1051C0002146284600F0E6F9013040F08D804FF08E
:1051D000FF300DB0BDE8F08F42464B464046494691
:1051E00001F0DAFE10B18C4A8C4BDAE761684B1C97
:1051F0004BF480620AA83ED1062363600023CDE908
:10520000020309AB009349EC108B0DF123032260DC
:10521000CDF804A061682846FFF7E8FE0AF0DF0336
:10522000472B804609D1099BD81C02DB6268934258
:1052300047DDAAF1020A5FFA8AFABAF1650F099905
:1052400024D80139524604F150000991FFF72FFF8D
:105250000A9A1318012A8146236102DC2268D107C9
:1052600001D5013323619DF82330002BA5D02D23D8
:1052700084F84330A1E7BAF1670F00F07781BAF103
:10528000470FBBD10029B9D10123B6E7BAF1660FA8
:1052900019D1002963680CDD216113B92268D20796
:1052A00002D501330B442361099BA3654FF000092C
:1052B000D9E713B92268D00701D50233F3E70123F8
:1052C000F1E74FF0670ADDE90932934205DB226816
:1052D0002361D107E8D50133E5E7002BD4BFC3F143
:1052E000020301231344DEE723685A0507D4236928
:1052F000424631462846B84701302BD167E7BAF11C
:10530000650F40F2DC8000220023D4E91201FFF790
:10531000DDF9002833D00123414A31462846B847F9
:1053200001303FF454AFDDE909239A4202DB2368E0
:10533000D8070FD5DDE9042331462846B8470130A8
:105340003FF445AF4FF0000804F11A090A9B013BF6
:10535000434509DC23689B0700F10381E0680B9B50
:105360009842B8BF184634E701234A4631462846DA
:10537000B84701303FF42BAF08F10108E6E7099B7D
:10538000002B2BDC0123264A31462846B847013042
:105390003FF41DAF099B23B90A9B13B92368D907B2
:1053A000D8D5DDE9042331462846B84701303FF41B
:1053B0000EAF4FF0000904F11A0A099B5B424B45FE
:1053C00001DC0A9B94E70123524631462846B84740
:1053D00001303FF4FCAE09F10109EEE70A9AA36D32
:1053E0009A42A8BF1A46002A914607DD1346314665
:1053F00042462846B84701303FF4E9AE04F11A03AB
:105400004FF0000B29EAE979069315E0FFFFEF7FE3
:10541000B2820400AE820400BA820400B6820400A4
:10542000BE8204000123069A31462846B84701305F
:105430003FF4CDAE0BF1010BD4F858A0AAEB090351
:105440005B45EFDCDDE909239A42D04415DB236894
:10545000DA0712D40A9B0999A3EB0A02A3EB010A0B
:105460009245A8BF9246BAF1000F0EDC4FF000083B
:105470002AEAEA7A04F11A0919E0DDE9042331463F
:105480002846B8470130E5D1A1E6534642463146A9
:105490002846B8470130E9D199E601234A4631460A
:1054A0002846B84701303FF492AE08F10108DDE923
:1054B00009239B1AA3EB0A034345EEDC4AE70A9A49
:1054C000012A01DCDB073AD5012342463146284652
:1054D000B84701303FF47BAEDDE90423314628466E
:1054E000B847013008F101083FF471AE0A9B002271
:1054F00003F1FF3AD4E912010023FFF7E7F8C8B936
:105500005346424631462846B84701300ED15EE642
:105510000123524631462846B84701303FF457AE82
:1055200008F101080A9B013B4345F1DC4B4604F1BD
:105530005002DEE64FF0000804F11A0AF2E70123F8
:10554000DFE701234A4631462846B84701303FF499
:105550003EAE08F10108E3680B9A9B1A4345F0DC64
:10556000FCE64FF0000804F11909F4E700293FF4C4
:105570008BAE0023CDE9020309AB009349EC108BFD
:105580002260CDF804A00DF123032846FFF72EFD7D
:10559000804648E62DE9F04791461F468A680B6928
:1055A000DDF820809342B8BF1346C9F8003091F867
:1055B000432006460C4612B10133C9F80030236877
:1055C000990642BFD9F800300233C9F80030256887
:1055D00015F0060507D104F1190AE368D9F800208F
:1055E0009B1AAB4228DC94F843302268003318BF82
:1055F000012392062DD404F1430239463046C047B8
:10560000013020D02368E568D9F8002003F00603B4
:10561000042B08BFAD1AA36822690CBF25EAE57503
:1056200000259342C4BF9B1AED184FF000091A34AD
:105630004D451AD1002008E0012352463946304634
:10564000C047013003D14FF0FF30BDE8F08701358E
:10565000C3E7E1185A1C302081F84300224494F833
:10566000451082F843100233C5E70123224639462C
:105670003046C0470130E6D009F10109D8E7000003
:105680002DE9F04301F1430C0C46097E85B06E29EB
:105690001746064698460C9A00F0B38022D8632934
:1056A00036D00AD8002900F0B980582900F083804C
:1056B00004F1420584F8421032E0642901D06929DE
:1056C000F6D120681368050603F104012AD51B688A
:1056D0001160002B03DA2D225B4284F843206F48CF
:1056E0000A2239E0732900F09D8008D86F2920D064
:1056F0007029DDD1236843F02003236003E075297E
:1057000017D07829D4D1782384F84530644855E0FF
:105710001368191D1B68116004F1420584F84230BA
:1057200001238CE01B68116010F0400F18BF1BB202
:10573000CFE713682568181D1060280601D51B687F
:1057400002E06806FBD51B8854486F2914BF0A2263
:105750000822002184F843106568A560002DC0F27E
:105760009580216821F004012160002B3DD1002D9E
:1057700040F08E806546082A0BD12368DB0708D5E8
:10578000236962689A42DEBF302305F8013C05F1C7
:10579000FF35ACEB05032361CDF800803B4603AA3F
:1057A00021463046FFF7F6FE01304DD14FF0FF3075
:1057B00005B0BDE8F083394884F8451013682168C6
:1057C0001D1D1B6815600A060BD5CA0744BF41F0B2
:1057D000200121601BB9226822F0200222601022E1
:1057E000B7E74D0648BF9BB2EFE76546B3FBF2F162
:1057F00002FB1133C35C05F8013D0B460029F5D1CE
:10580000B9E7136825686169181D106028061B68D0
:1058100001D5196002E06A06FBD5198000232361D7
:105820006546B9E71368191D11601D68626800219B
:10583000284600F005FF08B1401B606063682361E3
:10584000002384F84330A7E723692A4639463046C7
:10585000C0470130AAD023689B0713D4E068039B9C
:105860009842B8BF1846A3E701234A463946304656
:10587000C04701309AD00135E368039A9B1AAB42C6
:10588000F2DCEBE7002504F11909F5E7002BACD1B8
:10589000037884F8423004F142056CE7C0820400CA
:1058A000D1820400024B0A460146186801F0F6B99D
:1058B0002C61002038B5064C0023054608462360BD
:1058C000F8F7D4FB431C02D1236803B12B6038BD29
:1058D000F89000200CB430B5174B0C1E9DB01D681D
:1058E00008DA8B232B604FF0FF301DB0BDE830404D
:1058F00002B070474FF40273ADF8143014BF04F1D6
:10590000FF332346049307934FF6FF7302900690EC
:10591000ADF81630209A21AB02A92846019301F078
:105920003DFA431CBCBF8B232B60002CDDD0029BB7
:1059300000221A70D9E700BF2C610020034613F83B
:10594000012B002AFBD1181A0138704770B50139B4
:10595000044602B970BD234611F8015F03F8015BEC
:10596000561E2DB91444A342F4D003F8015BFAE7A4
:105970001C463246EDE749B1FF2A85BF8A23036002
:105980000A704FF0FF3098BF0120704708467047FB
:105990002DE9F74F03690C69A3428046C0F282806B
:1059A000013C01F114074FEA840C00F1140657F88A
:1059B000245056F8240006EB0C03013507EB0C09C4
:1059C0000193B0FBF5F595B34FF0000A3846B646A3
:1059D000D34650F8042B93B205FB03A34FEA134AB6
:1059E0009BB2ABEB0303120CDEF800B005FB02A286
:1059F00013FA8BF34FEA124A1FFA82FBDEF80020FB
:105A0000CBEB124202EB23429BB243EA02438145B5
:105A10004FEA224B4EF8043BDBD256F80C3033B938
:105A2000019B043B9E421A4630D3C8F810404046C2
:105A300001F06EF8002825DB013530464FF0000CF0
:105A400057F8042BD0F800E093B2ACEB0303120C30
:105A500013FA8EF3C2EB1E4202EB23429BB243EADF
:105A60000243B9454FEA224C40F8043BE8D256F8CD
:105A7000242006EB84032AB9043B9E421A460BD32A
:105A8000C8F81040284603B0BDE8F08F1268043B08
:105A9000002ACAD1013CC5E71268043B002AEFD1B5
:105AA000013CEAE70020EEE72DE9F04F57EC106BE0
:105AB00097B0456A069104460B921293DDF88080F8
:105AC000CDE900673DB91020F6F744F86062C0E9FF
:105AD00001550560C560636A196851B15A684A602A
:105AE000012393408B60204600F030FE636A002261
:105AF0001A603B1EBBBF23F0004301930023012229
:105B0000ACBFC8F80030C8F80020AF4BDDF8048007
:105B100033EA080314D1129A42F20F731360009B08
:105B200023B9C8F31300002800F04285219BDFF859
:105B3000ACB2002B00F044850BF1030300F03EBD36
:105B4000DDE900670022002330463946FEF7BEFD3E
:105B5000814668B1129A01231360219B002B00F04B
:105B600024859A4B219A03F1FF3B136000F028BD76
:105B700014AA15A947EC106B204601F040F8C8F3B1
:105B80000A550490002D7CD0C7F3130343F07F5BCC
:105B9000B2464BF4401BA5F2FF35CDF84C900022E5
:105BA0008B4B50465946FEF771F981A3D3E9002388
:105BB000FEF724FB80A3D3E90023FEF769F906462C
:105BC00028460F46FEF7B0FA7DA3D3E90023FEF77F
:105BD00015FB02460B4630463946FEF759F9064694
:105BE0000F4601F0EFF90022824600233046394685
:105BF000FEF776FD48B15046FEF796FA32463B4630
:105C0000FEF764FD08B90AF1FF3ABAF1160F59D848
:105C1000704901EBCA01DDE90023D1E90001FEF77B
:105C20007DFD002850D00AF1FF3A00230F93149B0A
:105C30005D1BB5F1010849BFC5F1010300230593C0
:105C40004FF0000858BF0593BAF1000F3EDB002368
:105C5000D044CDF838A00793069B092B00F2908022
:105C6000052BC4BF043B0693069BA3F10203CCBFE4
:105C700000250125032B00F28F80DFE803F07D7FF4
:105C80003171DDE914531D4405F23240202813DD43
:105C9000C0F14000009B08FA00F805F2124023FA18
:105CA00000F048EA0000FEF72FFA01238246A1F136
:105CB000F87B013D139372E7009BC0F1200003FACB
:105CC00000F0F0E70123B1E70F90B0E7059BA3EBED
:105CD0000A030593CAF10003079300230E93BBE761
:105CE00001230A930B9B002B59DD02939946666AA8
:105CF00000227260042202F114009842716853D9A4
:105D0000204600F0EFFC636A3060B9F10E0FD3F863
:105D100000B000F2E680002D00F0E3809DED007BF6
:105D2000BAF1000F8DED107B74DD2A4A0AF00F03E3
:105D300002EBC30393ED007B4FEA2A16F0068DEDCC
:105D4000087B65D5244BDDE91001D3E90823FEF774
:105D50007FFBCDE9000106F00F0603251E4F4CE046
:105D600001230A930B9B534403F1010902934B4611
:105D7000012BB8BF0123BAE70023B2E70023F0E705
:105D80000125002306930A954FF0FF3302939946AD
:105D9000002212230B92AAE701230A93F4E70123BE
:105DA000029399461A46F5E7013171605200A2E765
:105DB00061436F63A787D23FB3C8608B288AC63F11
:105DC000FB799F501344D33F0000F07FBF82040053
:105DD0000000F83F7884040050840400EC83040041
:105DE000F10708D5DDE90801D7E90023FEF706FA37
:105DF000CDE90801013576100837002EF0D1DDE934
:105E00000823DDE90001FEF723FBCDE900011AE0DC
:105E10000225A3E700F0A080CAF100069F4BA04F27
:105E200006F00F0203EBC203D3E90023DDE9100102
:105E3000FEF7E4F9CDE90001361100230225002E1A
:105E40007FD1002BE1D10F9B002B00F08780DDE993
:105E500000670022934B30463946FEF741FC00288C
:105E60007CD0B9F1000F79D0029B002B35DD0AF10F
:105E7000FF330893394600228B4B3046FEF7BEF9BC
:105E8000CDE90001029F01352846FEF74DF9DDE915
:105E90000023FEF7B3F90022844BFDF7F9FF054616
:105EA000A1F15076002F5DD10022814BDDE9000188
:105EB000FDF7ECFF2A463346CDE90001FEF72EFC44
:105EC000002840F088822A4606F10043DDE90001FF
:105ED000FEF706FC002840F07C82DDE91023CDE9C6
:105EE0000023159B002BC0F25081BAF10E0F00F376
:105EF0004C816A4B03EBCA0393ED007B0B9B002B99
:105F00008DED027B80F2D880B9F1000F00F3D480D0
:105F100040F05E820022664B51EC170BFEF76EF9E3
:105F2000DDE90023FEF7F0FB4F464E46002840F027
:105F3000348231230BF101058BF800300AF1010A9C
:105F40002FE2F20705D5D7E90023FEF757F901350F
:105F500001237610083772E7022574E7CDF820A0F8
:105F60004F4691E74D4B03EBC70353E902010A9BF0
:105F7000002B47D002460B4600204E49FEF768FA38
:105F80002A463346FDF782FFCDE90C015D46DDE987
:105F9000000101F017F80646FEF7C6F802460B4668
:105FA000DDE90001FDF772FF303605F8016BDDE930
:105FB0000C23CDE90001FEF793FB002863D1DDE956
:105FC000002300203749FDF761FFDDE90C23FEF7D0
:105FD00087FB002840F0B780A5EB0B039F427FF7BB
:105FE0007CAF0022304BDDE90C01FEF707F90022FF
:105FF000CDE90C012C4BDDE90001FEF7FFF8CDE9FE
:106000000001C4E72A463346FEF7F8F8CDE90C0153
:106010000BEB07055E46DDE9000100F0D3FF074604
:10602000FEF782F8303702460B46DDE90001FDF746
:106030002DFF06F8017BAE42CDE900014FF00002D2
:1060400026D11C4BDDE90C01FDF722FF02460B4671
:10605000DDE90001FEF762FB002874D1DDE90C23C5
:1060600000201449FDF712FF02460B46DDE900014E
:10607000FEF736FB00283FF430AF15F8013C302B1B
:1060800005F1FF3202D0DDF820A04AE01546F4E722
:10609000054BFEF7B3F8CDE90001BCE778840400B6
:1060A000508404000000F03F0000244000001C4029
:1060B000000014400000E03FDDE900675D46DDE9D7
:1060C000022330463946FEF7C3F900F07BFF8046D5
:1060D000FEF72AF8DDE90223FEF790F802460B46A8
:1060E0003046394608F13006FDF7D0FE05F8016B61
:1060F000A5EB0B06B14502460B4639D1FDF7C8FEAC
:10610000DDE9022306460F46FEF708FBC8B9DDE9C4
:10611000022330463946FEF7D9FA10B118F0010FC4
:106120000FD10499204600F011FB0023129A2B7026
:106130000AF101031360219B002B00F041821D60D6
:106140003EE2CDF820A015F8012C392A05F1FF33E5
:1061500008D19B450AD1089B0133089330238BF863
:1061600000305B461A7801321A708CE71D46EAE768
:1061700000229B4BFEF742F80022002306460F4602
:10618000FEF7A4FA00289AD0CBE70A9A002A00F07A
:106190008B80069A012A6EDC139A002A67D003F2DC
:1061A0003343079F059D059A01211A442046059215
:1061B000984400F06BFB0646002D0CDDB8F1000F93
:1061C00009DD4545059A2B46A8BF4346D21A0592DC
:1061D000ED1AA8EB0308079BEBB10A9B002B67D0D5
:1061E0008FB131463A46204600F0F0FB049A014652
:1061F0000646204600F053FB04990890204600F024
:10620000A5FA089B0493079BDA1B04D00499204647
:1062100000F0DCFB04900121204600F037FB0E9BD0
:106220000746002B00F0D0811A460146204600F0B8
:10623000CDFB069B012B074640DC009B002B39D190
:10624000019BC3F31303002B36D1019B23F00043C2
:106250001B0D1B052BB1059B0133059308F10108AC
:10626000012307930E9B002B2AD1012030E0149BC1
:10627000C3F1360395E7079B09F1FF37BB42BFBF68
:10628000079B0797FA1A0E9BBBBF9B180E93DF1B49
:106290000027B9F1000FB5BF059B059DA3EB0905CC
:1062A0004B46B8BF00237EE7079F059D0A9E83E704
:1062B000079AABE70023D4E7009BD2E700230793BC
:1062C0003B6907EB8303186900F092FAC0F12000E4
:1062D000404410F01F0047D0C0F12003042B3BDDE9
:1062E000059BC0F11C000344059305448044059BB5
:1062F000002B05DD1A460499204600F0B5FB0490FA
:10630000B8F1000F05DD39464246204600F0ACFBEF
:1063100007460F9B53B33946049800F0F9FB002859
:1063200024DA00230A220499204600F026FA0A9B68
:1063300004900AF1FF3A002B00F04D810023314612
:106340000A22204600F019FA029B002B06464FDC79
:10635000069B022B4CDD11E0C9D0059A1C331A4470
:1063600005921D449844C2E70346F6E7B9F1000FD1
:1063700038DC069B022B35DDCDF80890029B63B913
:1063800039460522204600F0F8F9014607460498F0
:1063900000F0BEFB00283FF7CCAD0B9B5D466FEADB
:1063A000030A4FF000093946204600F0CFF9002ECD
:1063B0003FF4B7AEB9F1000F05D0B14503D049465F
:1063C000204600F0C3F93146204600F0BFF9A8E6A8
:1063D00000273E46E1E7DDF820A03E46A9E500BFE4
:1063E000000024400A9BCDF80890002B00F0FA80B2
:1063F000002D05DD31462A46204600F035FB0646D5
:10640000079B002B4CD07168204600F06BF9326975
:1064100002320546920006F10C010C30FEF703FD36
:1064200001222946204600F01FFB009BCDF814B046
:1064300003F00103B1460793064639460498FFF777
:10644000A7FA4946054600F13008049800F060FBC1
:10645000324600903946204600F074FBC36802467D
:1064600003BB01460890049800F052FB089A0346CB
:1064700011462046089300F069F9089BA3B9069AD3
:1064800092B9079A82B9B8F1390F29D0009B002B35
:1064900001DD05F13108059B5D1C83F8008082E772
:1064A0003046C2E70123E3E7009A002A04DB25D146
:1064B000069A1ABB079A0ABB002BECDD012204994D
:1064C000204600F0D1FA3946049000F021FB002864
:1064D00003DCE0D118F0010FDDD0B8F1390FD8D1CD
:1064E000059B059A5D1C3923137015F8013C392B67
:1064F00005F1FF324FD00133137054E7059A002B9A
:1065000002F1010506DDB8F1390FE9D008F1010803
:10651000059BC2E7029A05F8018CA5EB0B03934299
:1065200021D000230A220499204600F026F9B14523
:1065300004904FF000034FF00A024946204605D16F
:1065400000F01BF981460646059576E700F015F93F
:106550003146814600230A22204600F00EF9064605
:10656000F2E74FF0000901220499204600F07CFA7E
:106570003946049000F0CCFA0028B6DC02D118F0BD
:10658000010FB2D115F8013C302B05F1FF327FF439
:106590000AAF1546F6E7934505D131230AF1010A02
:1065A0008BF80030FFE615469FE7DFF864B007E0A0
:1065B000219BDFF860B01BB10BF10803219A136037
:1065C000584617B0BDE8F08F069B012B7FF735AE1C
:1065D0000E9B079349E6029B002B03DC069B022BD4
:1065E0003FF7CCAE5D4639460498FFF7D1F900F18C
:1065F000300805F8018B029AA5EB0B039A42B0DD37
:1066000000230A220499204600F0B7F80490EAE734
:10661000BE820400E3830400044B1B68186A044B29
:10662000002808BF1846F030704700BF2C610020DA
:106630009061002000000000000000000000000049
:1066400001F0FF01102A2BDB10F0070F08D010F823
:10665000013B013A8B422DD010F0070F42B3F6D127
:10666000F0B441EA012141EA014122F007047FF040
:1066700000070023F0E80256083C85EA010586EA97
:10668000010685FA47F5A3FA87F586FA47F6A5FAD3
:1066900087F68EB9EED1F0BC01F0FF0102F00702DF
:1066A00032B110F8013B013A83EA010313B1F8D18A
:1066B0000020704701387047002D06BF354603386B
:1066C000073815F0010F07D1013015F4807F02BFA4
:1066D000013015F4C03F0130F0BC0138704700BFF5
:1066E0007047704770B5456A04460E463DB91020A4
:1066F000F5F730FA6062C0E901550560C560656A6A
:10670000EB6883B1636ADB6853F82600B8B90121EE
:1067100001FA06F56A1D92002046FEF7B0FB60B153
:10672000C0E901650EE0212204212046FEF7A7FB07
:10673000636AE860DB68002BE4D1002070BD02686A
:1067400043F826200023C0E90333F7E770B5446A15
:1067500006460D463CB91020F5F7FCF97062C0E919
:1067600001440460C4603DB1736A6A68DB6853F831
:106770002210296043F8225070BD2DE9F0410D69C7
:106780001F4606460C4601F1140C0023DCF80000FD
:1067900081B202FB01710F0C000C02FB007089B288
:1067A000013301EB00419D424FEA10474CF8041BB6
:1067B000ECDCD7B1A368AB4212DC61683046013132
:1067C000FFF790FF2269023204F10C01804692002B
:1067D0000C30FEF728FB21463046FFF7B7FF444652
:1067E00004EB850301355F6125612046BDE8F0813A
:1067F000020C12040346B2B90304102013F07F4FB9
:1068000004BF1B02083013F0704F04BF1B0104309B
:1068100013F0404F04BF9B000230002B06DB5B00EF
:1068200003D5013070470020E8E720207047036857
:1068300013F0070201460BD0DA0723D4980749BFAB
:106840005B089B0801200B605CBF0B600220704757
:1068500098B2A8B91B0C102013F0FF0F04BF1B0A3D
:1068600008301A0704BF1B0904309A0704BF9B08AD
:106870000230DA0702D45B0806D001300B607047A3
:106880001046E9E7002070472020704710B50C46FD
:106890000121FFF727FF01224461026110BD2DE9AC
:1068A000F74F14460A6923699A42B8BF0B468846D7
:1068B000BCBFA0461C46D8F81070D4F81090D8F889
:1068C0000830D8F8041007EB0906B342B8BF01310D
:1068D000FFF708FF00F1140505EB860E2B4600229A
:1068E000734516D304F1140208F1140102EB890375
:1068F00001EB87070093009B019293420CD8002E76
:1069000003DD5EF8043D002B5DD0066103B0BDE8F9
:10691000F08F43F8042BE3E7B2F800B0BBF1000FAF
:1069200023D08946AC464FF0000859F8044BDCF8F8
:1069300000A0A3B21FFA8AFA0BFB03A34FEA144A82
:10694000DCF8004043444FEA14480BFB0A8404EB94
:106950001344E2469BB243EA04434F454FEA1448CE
:106960004AF8043B2BD8CCF80480019BB3F802A072
:106970000432BAF1000F20D02B688946A8464FF0A8
:10698000000BB9F800C0B8F802400AFB0C445C44A4
:10699000C4469BB243EA04434CF8043B59F8043B19
:1069A000B8F804B01B0C0AFB03B303EB14434F45C8
:1069B0004FEA134B05D8C8F8043004359BE7D4469A
:1069C000B3E7E046DDE7013E99E700002DE9F84333
:1069D000154612F0030206460F4607D0013A214C35
:1069E000002354F82220FFF7C8FE0746AD1035D02B
:1069F000746A3CB91020F5F7ADF87062C0E9014443
:106A00000460C460D6F82480D8F808404CB940F23D
:106A100071213046FFF73AFF0023C8F8080004460A
:106A200003604FF00008EB070AD53946224630468E
:106A3000FFF735FF394681463046FFF787FE4F4660
:106A40006D100BD0206838B9224621463046FFF73A
:106A500026FF2060C0F800800446E4E73846BDE821
:106A6000F88300BF408504002DE9F0470C464FEA4B
:106A7000621A236949680AEB0309A36807461646A8
:106A800009F10105AB4232DB3846FFF72BFE00234C
:106A9000804600F114011A4653452BDB20692AEA8F
:106AA000EA7A04F1140316F01F0201EB8A0103EBEA
:106AB000800C25D0C2F1200E00201E688A46964028
:106AC00030434AF8040B53F8040B9C4520FA0EF0AF
:106AD00014D8486008B109F10205013D3846C8F8EC
:106AE00010502146FFF732FE4046BDE8F0870131E5
:106AF0005B00C7E741F823200133CDE75146DCE7CF
:106B0000043953F8042B41F8042F9C45F9D8E4E7E5
:106B100003690A699B1A30B50CD192001430143104
:106B20008418114454F8045D51F8042D954203D0A3
:106B300005D30123184630BDA042F3D3FAE74FF046
:106B4000FF33F7E72DE9F0470D4607461146284683
:106B50001446FFF7DDFF061E08D131463846FFF721
:106B6000C1FD0123C0E90436BDE8F087A4BF234678
:106B70002C4638466168A6BF1D4600260126FFF751
:106B8000B1FD2B69C660266905F1140904F11402F0
:106B900002EB860709EB830800F114054FF0000EA5
:106BA00052F804AB59F8044B1EFA8AF1A3B2C91A81
:106BB000230CC3EB1A4303EB214389B24FEA234E64
:106BC000C84541EA0343944645F8043BE8D8BC4530
:106BD00004D355F8043D83B10661C5E75CF8041B96
:106BE0001EFA81F31A1402EB11429BB243EA0243EC
:106BF0004FEA224E45F8043BE9E7013EE9E72DE97B
:106C0000F7430E46012159EC108B1546FFF76AFD3C
:106C1000C9F30A540746C9F3130334BB0193B8F10F
:106C2000000327D002A840F8083DFFF700FE0099B6
:106C3000F0B1019AC0F1200302FA03F30B43C24002
:106C40007B610192019BBB61002B14BF02210121DA
:106C50003961C4B1A4F2334404443460C0F1350056
:106C60002860384603B0BDE8F08343F48013D5E7CD
:106C70007961E7E701A8FFF7DAFD019B7B6101215C
:106C800039612030E5E707EB8103A0F23240306044
:106C90001869FFF7ADFDC0EB4110E1E7F8B5074615
:106CA00014460E4621B91146BDE8F840FEF744B936
:106CB00022B9FEF7F3F825462846F8BD00F064F93E
:106CC000A0420FD221463846FEF736F90546002885
:106CD000F2D031462246FEF7A6F831463846FEF796
:106CE000DDF8E9E73546E7E72DE9F0478E689E4293
:106CF00082460C469046994637D88A8912F4906F9E
:106D000031D0256809696F1A6569022305EB4505CD
:106D100095FBF3F509F101033B449D4238BF1D4645
:106D2000530530D52946FEF707F9064650B90C231E
:106D3000CAF80030A38943F04003A3814FF0FF302D
:106D4000BDE8F0873A462169FEF76DF8A38923F480
:106D5000906343F08003A381266165613E44ED1B8F
:106D60002660A5604E464E4500D94E463246414605
:106D70002068FEF763F8A3689B1BA36023681E448A
:106D800026600020DCE72A46FFF788FF0646002839
:106D9000E2D121695046FEF781F8C8E72DE9F04FAE
:106DA0009DB0804603938B891D060C4616460FD571
:106DB0000B696BB94021FEF7BFF82060206128B94C
:106DC0000C23C8F800304FF0FF30C7E04023636168
:106DD0000023099320238DF8293030238DF82A30A1
:106DE0004FF0010B37463D4615F8013B0BB1252B03
:106DF0003ED1B7EB060A0BD05346324621464046F9
:106E0000FFF772FF013000F0A480099B53440993FF
:106E10003B78002B00F09D8000234FF0FF32CDE93E
:106E20000523049307938DF853301A932F460522B8
:106E300017F8011B4F48FFF703FC049BD0B9D90694
:106E400044BF20228DF853201A0744BF2B228DF80F
:106E500053202A782A2A15D0079A2F4600200A257F
:106E6000394611F8013B303B092B4DD9B8B10FE041
:106E70002F46B8E73F4A801A0BFA00F018430490F7
:106E80003D46D3E7039A111D12680391002A01DBE6
:106E9000079204E0524243F00203079204933B78C6
:106EA0002E2B0CD17B782A2B33D1039B1A1D1B6808
:106EB0000392002BB8BF4FF0FF33023705932E4DDE
:106EC000397803222846FFF7BBFB38B14023401B2B
:106ED00003FA00F0049B03430137049339782748F1
:106EE0008DF8281006227E1CFFF7AAFB002838D058
:106EF000234B13BB039B073323F007030833039390
:106F0000099B4B4409936DE705FB023201200F46B4
:106F1000A6E700230137059319460A25384610F8DD
:106F2000012B303A092A03D9002BC8D00591C6E7B6
:106F300005FB012101230746F0E703AB009322463E
:106F4000104B04A94046FEF7E5F8B0F1FF3F81463B
:106F5000D6D1A3895B063FF536AF09981DB0BDE8D1
:106F6000F08F03AB00932246064B04A94046FEF780
:106F700087FBEAE74C85040052850400568504002F
:106F800015510400E96C040051F8043C181F002B53
:106F9000BCBF0B58C01870474FEA410C7FEA6C5CCD
:106FA00002D150EA013C0AD14FEA430C7FEA6C5C03
:106FB00002D152EA033C02D14FF0000070474FF07B
:106FC000010070474FEA410212F5001215D211D5A7
:106FD0006FF47873B3EB625212D94FEAC12343F0D6
:106FE000004343EA505311F0004F23FA02F018BF58
:106FF000404270474FF00000704750EA013005D121
:1070000011F0004008BF6FF0004070474FF00000E3
:10701000704700BFFEE700BFF8B500BFF8BC08BC72
:107020009E467047F8B500BFF8BC08BC9E46704746
:1070300054696E795553422053657269616C000042
:1070400000000000000000003165020089630200BA
:10705000796302006D630200F16202003D63020089
:1070600011630200D1630200F0FFFFFF0000000087
:107070002965020012010002000000409A23878067
:10708000000101020301000009020900000100A043
:10709000320000003031323334353637383941422E
:1070A000434445464164616672756974000000009E
:1070B0004665617468657220426C756566727569B3
:1070C000742053656E7365004D6173732053746F44
:1070D0007261676500000000312E300075736264D4
:1070E00000000000050F3900021810050038B6082E
:1070F00034A909A0478BFDA0768815B6650001016B
:10710000011C100500DF60DDD88945C74C9CD265A5
:107110009D9E648A9F00000306B2000200010300E6
:107120000000000051700200E17002000D710200C9
:107130005571020061720200357302000000000008
:1071400000000000AD7D020000000000BD7D0200D7
:10715000CD7D0200657E0200B57F020000000000C8
:1071600000000000ED7402000575020009750200C0
:1071700021750200E975020011780200000000008C
:1071800000000000AD8C0200D18C0200D58C020002
:10719000F98C0200218E0200A1950200000000007F
:1071A00000000000D1780200417902006D790200F0
:1071B00095790200C97A0200CD7A02000000000031
:1071C0000000000085860200DD860200F9860200CC
:1071D0001D870200756D0200558802000000000046
:1071E0005F757362645F7164656600004F72696504
:1071F0006E746174696F6E3A200000002C200000EC
:107200005175617465726E696F6E3A2000000000FE
:107210004661696C656420746F20696E6974696188
:107220006C697A652063616C6962726174696F6E02
:107230002068656C706572004E6F2063616C6962D6
:10724000726174696F6E206C6F616465642F666F24
:10725000756E64004661696C656420746F206669B0
:107260006E642073656E736F727300002D2D2D2D6B
:107270002D2D2D2D2D2D2D2D2D2D2D2D2D2D2D2D3E
:107280002D2D2D2D2D2D2D2D2D2D2D2D2D2D2D2D2E
:107290000000000053656E736F723A20202020209A
:1072A00020200000547970653A20202020202020E2
:1072B00020200000416363656C65726174696F6EC4
:1072C00020286D2F733229004D61676E65746963E4
:1072D00020287554290000004F7269656E7461742E
:1072E000696F6E2028646567726565732900000008
:1072F0004779726F73636F70696320287261642FBE
:10730000732900004C6967687420286C757829001F
:10731000507265737375726520286850612900008A
:1073200044697374616E63652028636D29000000F1
:107330004772617669747920286D2F7332290000B5
:107340004C696E65617220416363656C657261743E
:10735000696F6E20286D2F7332290000526F74619F
:1073600074696F6E20766563746F720052656C612C
:10737000746976652048756D69646974792028257B
:1073800029000000416D6269656E742054656D705E
:1073900020284329000000004F626A65637420546E
:1073A000656D702028432900566F6C7461676520F5
:1073B0002856290043757272656E7420286D412924
:1073C00000000000436F6C6F722028524742412931
:1073D00000000000546F74616C20566F6C6174691A
:1073E0006C65204F7267616E696320436F6D706FCB
:1073F000756E64732028707062290000566F6C618E
:1074000074696C65204F7267616E696320436F6DAC
:10741000706F756E64732028496E6465782900006A
:107420004E6974726F67656E204F7869646573206A
:1074300028496E6465782900436172626F6E20444A
:10744000696F78696465202870706D2900000000FC
:107450004571756976616C656E742F657374696DBD
:107460006174656420434F32202870706D290000DC
:107470005374616E646172642050617274696375E3
:107480006C617465204D617474657220312E3020FA
:107490002870706D290000005374616E646172641D
:1074A00020506172746963756C617465204D6174FC
:1074B00074657220322E35202870706D290000000E
:1074C0005374616E64617264205061727469637593
:1074D0006C617465204D61747465722031302E309A
:1074E000202870706D290000456E7669726F6E6D90
:1074F000656E74616C20506172746963756C61743F
:1075000065204D617474657220312E3020287070B2
:107510006D290000456E7669726F6E6D656E7461DF
:107520006C20506172746963756C617465204D6183
:107530007474657220322E35202870706D29000019
:10754000456E7669726F6E6D656E74616C20506108
:1075500072746963756C617465204D6174746572D1
:107560002031302E30202870706D29004761732043
:10757000526573697374616E636520286F686D73FB
:1075800029000000556E69746C6573732050657234
:1075900063656E742028252900000000416C746921
:1075A0007475646520286D290000000044726976B6
:1075B0006572205665723A2020200000556E697170
:1075C00075652049443A2020202000004D696E2036
:1075D00056616C75653A2020202000004D617820AE
:1075E00056616C75653A2020202000005265736F4B
:1075F0006C7574696F6E3A20202000002D2D2D2DA2
:107600002D2D2D2D2D2D2D2D2D2D2D2D2D2D2D2DAA
:107610002D2D2D2D2D2D2D2D2D2D2D2D2D2D2D2D9A
:107620000A000000000000000000000005BB03008D
:1076300005BB030005BB03000000803F0000000005
:1076400000000000000000000000803F000000007B
:1076500000000000000000000000803F000000006B
:1076600000000000D5D60200CDD60200996A0200C3
:10767000C5D602006DD60200A1D6020099D602003E
:10768000000000000000000091D6020029CC02009A
:1076900089D60200CDCCCC3D0AD7233C17B7D138D0
:1076A00077CC2B329595E6241FB14F0A000020417C
:1076B0000000C84200401C4620BCBE4CCA1B0E5AEB
:1076C000AEC59D74000000009A9999999999B93FA7
:1076D0007B14AE47E17A843F2D431CEBE2361A3F20
:1076E0003A8C30E28E79453EBC89D897B2D29C3C28
:1076F00033A7A8D523F649393DA7F444FD0FA53299
:107700009D978CCF08BA5B25436FAC642806C80AE6
:10771000000000000000244000000000000059406C
:10772000000000000088C3400000000084D797419B
:107730000080E03779C34143176E05B5B5B893466D
:10774000F5F93FE9034F384D321D30F94877825A39
:107750003CBF737FDD4F15754661696C65642074AD
:107760006F20726561642066696C65004661696CB2
:10777000656420746F206372656174652066696C4E
:10778000650000006D61675F6861726469726F6EA9
:10779000000000006D61675F736F667469726F6EE1
:1077A000000000006D61675F6669656C6400000041
:1077B0006779726F5F7A65726F726174650000003D
:1077C000616363656C5F7A65726F67004661696CBF
:1077D000656420746F20777269746520746F206609
:1077E000696C65000A2D2D2D2D2D2D2D2D2D2D2D66
:1077F0002D0000004A454445432049443A200000FA
:10780000466C6173682073697A653A200000000055
:107810004572726F722C206661696C656420746FAA
:10782000206D6F756E74206E65776C7920666F724F
:107830006D61747465642066696C657379737465D1
:107840006D21000057617320697420666F726D614D
:107850007474656420776974682074686520666153
:107860007466735F666F726D6174206578616D70A8
:107870006C653F004D6F756E7465642066696C655C
:1078800073797374656D21002F00000009000000FA
:10789000203A2000206279746573000073656E736E
:1078A0006F725F63616C69622E6A736F6E000000B5
:1078B0006E756C6C000000002F2F272722225C5C65
:1078C0006208660C6E0A720D740900005C75303037
:1078D00030300000747275650000000066616C73E2
:1078E00065000000000000000000000069F40200D4
:1078F000F13203008957030000000000000000007F
:107900009558030045630300355803003D580300B4
:10791000455803004D58030065580300795803008B
:10792000000000000000000021A0030049A00300A7
:10793000996A020005A0030009A0030011A003003A
:1079400019A0030000D0D54500D0554500900E4544
:1079500000E0D5444C4953334D444C000000000036
:107960000000000025CC0200F9CF020005A50300AD
:1079700051A5030009A5030000000C4100000C43C1
:1079800000008C400000803F00008C410000803FE0
:107990000000803F0000803F00000C420000803F5C
:1079A0000000803F0000803F00008C4223DB793DD7
:1079B00023DBF93E23DBF93D23DB793E4C534D3687
:1079C00044535F47000000004C534D3644535F540E
:1079D000000000004C534D3644535F41000000004E
:1079E000000000000000000021AB030049AB0300D1
:1079F0008DAB0300E9AD03000000000000000000B3
:107A00003DAB030081AB030005A50300E9B0030013
:107A100011AD0300000000000000000045AB0300B2
:107A200069AB030005A5030019AF0300A1AD030076
:107A3000000000000000000041AB030075AB030034
:107A400005A50300C1B2030059AD0300000000000A
:107A50000000000031CC020005CD02008DAB030018
:107A600075B6030019000000180000000A000000AD
:107A70002B0000002A000000280000000700000082
:107A800022000000100000001A0000001B0000008F
:107A900006000000080000002900000004000000AB
:107AA000050000001E0000001C0000000200000095
:107AB000030000001D0000001F0000000C0000007B
:107AC0000B0000000F0000000D0000000E00000081
:107AD0001300000014000000110000001600000058
:107AE0001700000015000000090000000000000061
:107AF0000100000020000000252E2A660000000082
:107B00000D0A0000546D725100000000546D722087
:107B1000537663006C6F6F700000000043616C6C03
:107B20006261636B00000000FF0078018001430286
:107B3000880187018C018B01920191019501F60169
:107B4000990198019A013D029E012002A801A70116
:107B5000AD01AC01B001AF01B901B801BD01BC017B
:107B6000BF01F701C601C401C901C701CC01CA01A7
:107B7000DD018E01F301F101F501F4013A02652CFA
:107B80003C023B023E02662C42024102530281014A
:107B9000540286015602890157028A0159028F0157
:107BA0005B029001600293016302940168029701F5
:107BB000690296016B02622C6F029C0172029D01A8
:107BC00075029F017D02642C8002A6018302A90137
:107BD0008802AE01890244028A02B1018B02B2011D
:107BE0008C0245029202B7017B03FD037C03FE0376
:107BF0007D03FF03AC038603C203A303CC038C0302
:107C0000CD038E03CE038F03F203F903F803F703CA
:107C1000FB03FA03CF04C0047D1D632C511F591FC1
:107C2000531F5B1F551F5D1F571F5F1F781FF81FD6
:107C3000791FF91FB31FBC1FCC1FC31FE51FEC1F0B
:107C4000FC1FF31F4E21322184218321612C602CE3
:107C5000762C752C6100E01AE000E017F800E007D0
:107C60000001013032010106390101104A01012EE3
:107C70007901010682010104A0010106B30101049A
:107C8000CD010110DE010112F801012822020112CA
:107C90004602010AAD03DB03B103E011C303E009AF
:107CA000D80301183004E0205004B0106004012211
:107CB0008A040136C104010ED00401446105D026B6
:107CC000001E0196A01E015A001F0808101F08067A
:107CD000201F0808301F0808401F0806601F0808FA
:107CE000701F4A02721F5604761F64027A1F7002C8
:107CF0007C1F7E02801F0808901F0808A01F08082C
:107D0000B01F0802D01F0802E01F08027021F01007
:107D1000D024E61A302CD02F672C0106802C016469
:107D2000002D002641FFE01A0000000000000000C6
:107D30000000000000000000C50E040005BB0300A9
:107D400005BB030005BB030005BB030005BB030027
:107D500005BB030005BB0300896C0200916C0200A7
:107D6000996C0200A96C0200B16C020000000000D6
:107D70000000000069D6020009E00200C90E0400FC
:107D8000E10E04000D0F0400410F0400F10E040089
:107D9000FD0E0400710F0400A50F0400D50F0400B0
:107DA0004510040095100400F50F0400E5100400D0
:107DB000000020008813C8401568020E0000400033
:107DC0008813C8401668021E000080008813C8404F
:107DD0001768021E0000200010270140156C0206E3
:107DE0000000200010270140154102020000200081
:107DF0008813EF601585020E000020008813EF4005
:107E00001585020E000040008813EF401685020E13
:107E1000000080008813EF401785020E000000016B
:107E20008813EF401885020E002000008813040319
:107E30000214006000000200881304270328006277
:107E400000000400881304480328006200000800B2
:107E5000881304490328006A0000400010271F45CA
:107E6000015500030000100010271F840155000376
:107E70000338FDD87047000000000000000000003B
:107E800045180400D1180400211704002517040028
:107E9000D51804000D1904004519040081190400C7
:107EA000AD190400491A04000000000000000000A1
:107EB0000338FDD8704700000000000000000000FB
:107EC0000338FDD87047000061636F7366000000DF
:107ED000000FC93F000F494000CB9640000FC9403A
:107EE0000053FB4000CB164100ED2F41000F4941EC
:107EF0000031624100537B41003A8A4100CB9641F8
:107F0000005CA34100EDAF41007EBC41000FC941C0
:107F100000A0D5410031E24100C2EE410053FB41D7
:107F200000F20342003A0A420083104200CB16429C
:107F300000141D42005C234200A5294200ED2F429F
:107F400000363642007E3C4200C74242000F4942A2
:107F5000A2000000F9000000830000006E00000095
:107F60004E00000044000000150000002900000041
:107F7000FC0000002700000057000000D1000000B6
:107F8000F500000034000000DD000000C00000002B
:107F9000DB00000062000000950000009900000076
:107FA0003C00000043000000900000004100000081
:107FB000FE0000005100000063000000AB00000064
:107FC000DE000000BB000000C500000061000000F2
:107FD000B7000000240000006E0000003A0000001E
:107FE000420000004D000000D2000000E000000050
:107FF00006000000490000002E000000EA0000001A
:1080000009000000D1000000920000001C000000E8
:10801000FE0000001D000000EB0000001C0000003E
:10802000B100000029000000A70000003E00000091
:10803000E80000008200000035000000F5000000AC
:108040002E000000BB00000044000000840000007F
:10805000E90000009C000000700000002600000005
:10806000B40000005F0000007E000000410000003E
:108070003900000091000000D60000003900000027
:10808000830000005300000039000000F4000000ED
:108090009C000000840000005F0000008B000000D6
:1080A000BD000000F9000000280000003B000000B7
:1080B0001F000000F800000097000000FF00000013
:1080C000DE00000005000000980000000F00000026
:1080D000EF0000002F000000110000008B000000E6
:1080E0005A0000000A0000006D0000001F000000A0
:1080F0006D000000360000007E000000CF00000090
:1081000027000000CB00000009000000B7000000BD
:108110004F000000460000003F0000006600000025
:108120009E0000005F000000EA0000002D0000003B
:108130007500000027000000BA000000C700000022
:10814000EB000000E5000000F10000007B000000F3
:108150003D0000000700000039000000F7000000AB
:108160008A0000005200000092000000EA000000B7
:108170006B000000FB0000005F000000B100000089
:108180001F0000008D0000005D00000008000000DE
:108190005600000003000000300000004600000010
:1081A000FC0000007B0000006B000000AB00000042
:1081B000F0000000CF000000BC0000002000000024
:1081C0009A000000F4000000360000001D000000CE
:1081D000A9000000E3000000910000006100000021
:1081E0005E000000E60000001B0000000800000028
:1081F0006500000099000000850000005F0000009D
:1082000014000000A0000000680000004000000012
:108210008D000000FF000000D8000000800000007A
:108220004D00000073000000270000003100000036
:1082300006000000060000001500000056000000C7
:10824000CA00000073000000A8000000C900000080
:1082500060000000E20000007B000000C0000000A1
:108260008C0000006B0000000000C93F0000F039E6
:108270000000DA370000A2330000842E0000502BEB
:108280000000C2270000D0220000C41F0000C61B4F
:10829000000044170400000007000000090000006F
:1082A000306100204300504F534958002E00494E82
:1082B0004600696E66004E414E006E616E003000F1
:1082C000303132333435363738394142434445460C
:1082D00000303132333435363738396162636465A2
:1082E0006600002020202020202020202828282868
:1082F0002820202020202020202020202020202076
:1083000020202088101010101010101010101010C5
:1083100010101004040404040404040404101010D5
:108320001010101041414141414101010101010181
:10833000010101010101010101010101010110100F
:108340001010101042424242424202020202020255
:1083500002020202020202020202020202021010E1
:1083600010102000000000000000000000000000CD
:1083700000000000000000000000000000000000FD
:1083800000000000000000000000000000000000ED
:1083900000000000000000000000000000000000DD
:1083A00000000000000000000000000000000000CD
:1083B00000000000000000000000000000000000BD
:1083C00000000000000000000000000000000000AD
:1083D000000000000000000000000000000000009D
:1083E000000000496E66696E697479004E614E0046
:1083F000000000000000000000000000000000007D
:10840000000000000000000000000000000000006C
:10841000000000000000000000000000000000005C
:10842000000000000000000000000000000000004C
:10843000000000000000000000000000000000003C
:10844000000000000000000000000000000000002C
:108450000080E03779C34143176E05B5B5B8934640
:10846000F5F93FE9034F384D321D30F94877825A0C
:108470003CBF737FDD4F1575000000000000F03F2A
:1084800000000000000024400000000000005940EF
:108490000000000000408F40000000000088C34042
:1084A00000000000006AF8400000000080842E41B7
:1084B00000000000D01263410000000084D7974103
:1084C0000000000065CDCD41000000205FA0024209
:1084D000000000E876483742000000A2941A6D427E
:1084E000000040E59C30A2420000901EC4BCD64271
:1084F00000003426F56B0C430080E03779C341431C
:1085000000A0D8855734764300C84E676DC1AB4391
:10851000003D9160E458E143408CB5781DAF1544AF
:1085200050EFE2D6E41A4B4492D54D06CFF080448A
:10853000F64AE1C7022DB544B49DD9794378EA449F
:1085400005000000190000007D000000232D302BE5
:108550002000686C4C0065666745464700000000D7
:048560000000000017
:08856400ECDCFD7F01000000CA
:10856C00000000000A00000000000306B200080032
:10857C0001000000A800080002000000A000140088
:10858C00030057494E555342000000000000000004
:10859C0000008400040007002A00440065007600F7
:1085AC0069006300650049006E007400650072008C
:1085BC0066006100630065004700550049004400F7
:1085CC007300000050007B00390037003500460076
:1085DC0034003400440039002D00300044003000D9
:1085EC0038002D0034003300460044002D003800C4
:1085FC004200330045002D003100320037004300AB
:10860C004100380041004600460046003900440055
:10861C007D000000000000000400000010000C00B1
:10862C0054720020E0710400000000000000000003
:10863C00000000000000000000000000000000002E
:10864C00000000000000000000000000000000001E
:10865C00000000000000000000000000000000000E
:10866C0000000000000000000000000000000000FE
:10867C000000000000000000FF00000088760400ED
:10868C00FC9000200090D00301000000306100201D
:10869C00000000001084040030840400F083040007
:1086AC0000000000000000000000000000000000BE
:1086BC0000000000000000000000000000000000AE
:1086CC00000000000000000000000000000000009E
:1086DC00000000000000000000000000000000008E
:1086EC00000000000000000000000000000000007E
:1086FC00430000000000000000000000000000002B
:10870C00000000000000000000000000000000005D
:10871C00430000000000000000000000000000000A
:10872C00000000000000000000000000000000003D
:10873C0043000000000000000000000000000000EA
:10874C00000000000000000000000000000000001D
:10875C0043000000000000000000000000000000CA
:10876C0000000000000000000000000000000000FD
:10877C0043000000000000000000000000000000AA
:10878C0000000000000000000000000000000000DD
:10879C00430000000000000000000000000000008A
:1087AC0000000000000000000000000000000000BD
:1087BC00430000000000000000000000000000006A
:1087CC00000000000000000000000000000000009D
:1087DC0077590400E54D040000000000E28204001B
:1087EC00AC820400518504005185040051850400BD
:1087FC005185040051850400518504005185040005
:10880C005185040051850400FFFFFFFFFFFFFFFFB0
:10881C00FFFFFFFFFFFF00000100415343494900E8
:10882C00000000000000000000000000000000003C
:10883C0000000000000000000000415343494900C3
:10884C00000000000000000000000000000000001C
:10885C0000000000000000000000000001620200A7
:10886C00356202002566020005D002002DD20200FE
:0C887C0015570300B9A4030011620200AC
:040000033000DF6585
:00000001FF
